image_file,annotation_count,classes,primary_class,max_damage_area_ratio,image_path,dataset,country,split
India_000005.jpg,1,Pothole,Pothole,0.0691435185185185,data/raw/road_damage/India/India/train/images/India_000005.jpg,RDD2022,India,train
India_000011.jpg,1,Longitudinal Crack,Longitudinal Crack,0.0056423611111111,data/raw/road_damage/India/India/train/images/India_000011.jpg,RDD2022,India,train
India_000014.jpg,2,Alligator Crack,Alligator Crack,0.0789930555555555,data/raw/road_damage/India/India/train/images/India_000014.jpg,RDD2022,India,train
India_000017.jpg,4,Pothole,Pothole,0.0135378086419753,data/raw/road_damage/India/India/train/images/India_000017.jpg,RDD2022,India,train
India_000024.jpg,1,Alligator Crack,Alligator Crack,0.2310763888888889,data/raw/road_damage/India/India/train/images/India_000024.jpg,RDD2022,India,train
India_000027.jpg,6,Alligator Crack|Pothole,Pothole,0.0793479938271605,data/raw/road_damage/India/India/train/images/India_000027.jpg,RDD2022,India,train
India_000028.jpg,1,Alligator Crack,Alligator Crack,0.2073398919753086,data/raw/road_damage/India/India/train/images/India_000028.jpg,RDD2022,India,train
India_000038.jpg,1,Longitudinal Crack,Longitudinal Crack,0.0082716049382716,data/raw/road_damage/India/India/train/images/India_000038.jpg,RDD2022,India,train
India_000043.jpg,7,Alligator Crack|Pothole,Pothole,0.2175,data/raw/road_damage/India/India/train/images/India_000043.jpg,RDD2022,India,train
India_000052.jpg,9,Alligator Crack|Longitudinal Crack|Pothole,Pothole,0.0618711419753086,data/raw/road_damage/India/India/train/images/India_000052.jpg,RDD2022,India,train
India_000053.jpg,3,Alligator Crack|Longitudinal Crack,Longitudinal Crack,0.2006751543209876,data/raw/road_damage/India/India/train/images/India_000053.jpg,RDD2022,India,train
India_000054.jpg,2,Longitudinal Crack|Pothole,Pothole,0.0622222222222222,data/raw/road_damage/India/India/train/images/India_000054.jpg,RDD2022,India,train
India_000055.jpg,1,Pothole,Pothole,0.0059799382716049,data/raw/road_damage/India/India/train/images/India_000055.jpg,RDD2022,India,train
India_000057.jpg,5,Longitudinal Crack|Pothole,Longitudinal Crack,0.044074074074074,data/raw/road_damage/India/India/train/images/India_000057.jpg,RDD2022,India,train
India_000061.jpg,2,Pothole,Pothole,0.0081288580246913,data/raw/road_damage/India/India/train/images/India_000061.jpg,RDD2022,India,train
India_000067.jpg,2,Alligator Crack|Pothole,Alligator Crack,0.1506944444444444,data/raw/road_damage/India/India/train/images/India_000067.jpg,RDD2022,India,train
India_000071.jpg,2,Pothole,Pothole,0.0191608796296296,data/raw/road_damage/India/India/train/images/India_000071.jpg,RDD2022,India,train
India_000078.jpg,1,Longitudinal Crack,Longitudinal Crack,0.024375,data/raw/road_damage/India/India/train/images/India_000078.jpg,RDD2022,India,train
India_000081.jpg,1,Pothole,Pothole,0.0039834104938271,data/raw/road_damage/India/India/train/images/India_000081.jpg,RDD2022,India,train
India_000086.jpg,2,Longitudinal Crack,Longitudinal Crack,0.252295524691358,data/raw/road_damage/India/India/train/images/India_000086.jpg,RDD2022,India,train
India_000090.jpg,1,Longitudinal Crack,Longitudinal Crack,0.0336496913580246,data/raw/road_damage/India/India/train/images/India_000090.jpg,RDD2022,India,train
India_000092.jpg,3,Longitudinal Crack,Longitudinal Crack,0.0102777777777777,data/raw/road_damage/India/India/train/images/India_000092.jpg,RDD2022,India,train
India_000099.jpg,1,Alligator Crack,Alligator Crack,0.1996296296296296,data/raw/road_damage/India/India/train/images/India_000099.jpg,RDD2022,India,train
India_000102.jpg,2,Longitudinal Crack,Longitudinal Crack,0.0374305555555555,data/raw/road_damage/India/India/train/images/India_000102.jpg,RDD2022,India,train
India_000103.jpg,1,Pothole,Pothole,0.0703703703703703,data/raw/road_damage/India/India/train/images/India_000103.jpg,RDD2022,India,train
India_000104.jpg,1,Longitudinal Crack,Longitudinal Crack,0.029537037037037,data/raw/road_damage/India/India/train/images/India_000104.jpg,RDD2022,India,train
India_000105.jpg,3,Pothole,Pothole,0.0017418981481481,data/raw/road_damage/India/India/train/images/India_000105.jpg,RDD2022,India,train
India_000109.jpg,2,Alligator Crack|Pothole,Pothole,0.1090104166666666,data/raw/road_damage/India/India/train/images/India_000109.jpg,RDD2022,India,train
India_000114.jpg,1,Alligator Crack,Alligator Crack,0.114585262345679,data/raw/road_damage/India/India/train/images/India_000114.jpg,RDD2022,India,train
India_000115.jpg,2,Pothole|Transverse Crack,Transverse Crack,0.0082754629629629,data/raw/road_damage/India/India/train/images/India_000115.jpg,RDD2022,India,train
India_000125.jpg,4,Longitudinal Crack,Longitudinal Crack,0.0231635802469135,data/raw/road_damage/India/India/train/images/India_000125.jpg,RDD2022,India,train
India_000126.jpg,3,Alligator Crack|Pothole,Alligator Crack,0.1325347222222222,data/raw/road_damage/India/India/train/images/India_000126.jpg,RDD2022,India,train
India_000127.jpg,2,Alligator Crack|Pothole,Alligator Crack,0.2622530864197531,data/raw/road_damage/India/India/train/images/India_000127.jpg,RDD2022,India,train
India_000128.jpg,1,Pothole,Pothole,0.0010416666666666,data/raw/road_damage/India/India/train/images/India_000128.jpg,RDD2022,India,train
India_000130.jpg,1,Alligator Crack,Alligator Crack,0.1597164351851852,data/raw/road_damage/India/India/train/images/India_000130.jpg,RDD2022,India,train
India_000131.jpg,3,Alligator Crack|Longitudinal Crack|Pothole,Longitudinal Crack,0.2001157407407407,data/raw/road_damage/India/India/train/images/India_000131.jpg,RDD2022,India,train
India_000142.jpg,1,Alligator Crack,Alligator Crack,0.2307060185185185,data/raw/road_damage/India/India/train/images/India_000142.jpg,RDD2022,India,train
India_000147.jpg,4,Alligator Crack|Longitudinal Crack|Pothole,Pothole,0.1072993827160493,data/raw/road_damage/India/India/train/images/India_000147.jpg,RDD2022,India,train
India_000155.jpg,2,Longitudinal Crack|Pothole,Longitudinal Crack,0.0090277777777777,data/raw/road_damage/India/India/train/images/India_000155.jpg,RDD2022,India,train
India_000157.jpg,3,Alligator Crack|Longitudinal Crack,Longitudinal Crack,0.1481770833333333,data/raw/road_damage/India/India/train/images/India_000157.jpg,RDD2022,India,train
India_000158.jpg,1,Alligator Crack,Alligator Crack,0.1051851851851851,data/raw/road_damage/India/India/train/images/India_000158.jpg,RDD2022,India,train
India_000164.jpg,1,Alligator Crack,Alligator Crack,0.1726234567901234,data/raw/road_damage/India/India/train/images/India_000164.jpg,RDD2022,India,train
India_000168.jpg,3,Pothole,Pothole,0.0230208333333333,data/raw/road_damage/India/India/train/images/India_000168.jpg,RDD2022,India,train
India_000173.jpg,2,Pothole,Pothole,0.2014814814814814,data/raw/road_damage/India/India/train/images/India_000173.jpg,RDD2022,India,train
India_000174.jpg,4,Pothole,Pothole,0.0548225308641975,data/raw/road_damage/India/India/train/images/India_000174.jpg,RDD2022,India,train
India_000184.jpg,1,Alligator Crack,Alligator Crack,0.0751851851851851,data/raw/road_damage/India/India/train/images/India_000184.jpg,RDD2022,India,train
India_000191.jpg,2,Alligator Crack,Alligator Crack,0.0559278549382716,data/raw/road_damage/India/India/train/images/India_000191.jpg,RDD2022,India,train
India_000193.jpg,3,Pothole|Transverse Crack,Pothole,0.0815277777777777,data/raw/road_damage/India/India/train/images/India_000193.jpg,RDD2022,India,train
India_000197.jpg,2,Alligator Crack|Longitudinal Crack,Longitudinal Crack,0.0340451388888888,data/raw/road_damage/India/India/train/images/India_000197.jpg,RDD2022,India,train
India_000199.jpg,1,Longitudinal Crack,Longitudinal Crack,0.0046527777777777,data/raw/road_damage/India/India/train/images/India_000199.jpg,RDD2022,India,train
India_000200.jpg,1,Alligator Crack,Alligator Crack,0.1401909722222222,data/raw/road_damage/India/India/train/images/India_000200.jpg,RDD2022,India,train
India_000205.jpg,1,Longitudinal Crack,Longitudinal Crack,0.0266203703703703,data/raw/road_damage/India/India/train/images/India_000205.jpg,RDD2022,India,train
India_000209.jpg,7,Alligator Crack|Pothole,Pothole,0.2760223765432099,data/raw/road_damage/India/India/train/images/India_000209.jpg,RDD2022,India,train
India_000210.jpg,1,Longitudinal Crack,Longitudinal Crack,0.0141087962962962,data/raw/road_damage/India/India/train/images/India_000210.jpg,RDD2022,India,train
India_000222.jpg,1,Alligator Crack,Alligator Crack,0.2099961419753086,data/raw/road_damage/India/India/train/images/India_000222.jpg,RDD2022,India,train
India_000223.jpg,7,Longitudinal Crack|Pothole,Pothole,0.0099209104938271,data/raw/road_damage/India/India/train/images/India_000223.jpg,RDD2022,India,train
India_000224.jpg,1,Longitudinal Crack,Longitudinal Crack,0.0160416666666666,data/raw/road_damage/India/India/train/images/India_000224.jpg,RDD2022,India,train
India_000230.jpg,2,Alligator Crack|Pothole,Alligator Crack,0.143287037037037,data/raw/road_damage/India/India/train/images/India_000230.jpg,RDD2022,India,train
India_000232.jpg,1,Longitudinal Crack,Longitudinal Crack,0.0212962962962962,data/raw/road_damage/India/India/train/images/India_000232.jpg,RDD2022,India,train
India_000241.jpg,2,Alligator Crack|Pothole,Alligator Crack,0.1098090277777777,data/raw/road_damage/India/India/train/images/India_000241.jpg,RDD2022,India,train
India_000256.jpg,1,Longitudinal Crack,Longitudinal Crack,0.0158429783950617,data/raw/road_damage/India/India/train/images/India_000256.jpg,RDD2022,India,train
India_000259.jpg,1,Longitudinal Crack,Longitudinal Crack,0.0268981481481481,data/raw/road_damage/India/India/train/images/India_000259.jpg,RDD2022,India,train
India_000261.jpg,1,Pothole,Pothole,0.0201581790123456,data/raw/road_damage/India/India/train/images/India_000261.jpg,RDD2022,India,train
India_000267.jpg,3,Longitudinal Crack,Longitudinal Crack,0.0761979166666666,data/raw/road_damage/India/India/train/images/India_000267.jpg,RDD2022,India,train
India_000268.jpg,1,Pothole,Pothole,0.0036072530864197,data/raw/road_damage/India/India/train/images/India_000268.jpg,RDD2022,India,train
India_000269.jpg,1,Alligator Crack,Alligator Crack,0.1081327160493827,data/raw/road_damage/India/India/train/images/India_000269.jpg,RDD2022,India,train
India_000270.jpg,2,Alligator Crack|Longitudinal Crack,Alligator Crack,0.2257098765432098,data/raw/road_damage/India/India/train/images/India_000270.jpg,RDD2022,India,train
India_000271.jpg,1,Alligator Crack,Alligator Crack,0.0289274691358024,data/raw/road_damage/India/India/train/images/India_000271.jpg,RDD2022,India,train
India_000272.jpg,1,Alligator Crack,Alligator Crack,0.193287037037037,data/raw/road_damage/India/India/train/images/India_000272.jpg,RDD2022,India,train
India_000274.jpg,4,Alligator Crack|Pothole,Pothole,0.1010320216049382,data/raw/road_damage/India/India/train/images/India_000274.jpg,RDD2022,India,train
India_000275.jpg,1,Longitudinal Crack,Longitudinal Crack,0.0050405092592592,data/raw/road_damage/India/India/train/images/India_000275.jpg,RDD2022,India,train
India_000278.jpg,1,Pothole,Pothole,0.0837731481481481,data/raw/road_damage/India/India/train/images/India_000278.jpg,RDD2022,India,train
India_000283.jpg,1,Alligator Crack,Alligator Crack,0.218912037037037,data/raw/road_damage/India/India/train/images/India_000283.jpg,RDD2022,India,train
India_000285.jpg,1,Alligator Crack,Alligator Crack,0.127037037037037,data/raw/road_damage/India/India/train/images/India_000285.jpg,RDD2022,India,train
India_000288.jpg,2,Pothole,Pothole,0.036159336419753,data/raw/road_damage/India/India/train/images/India_000288.jpg,RDD2022,India,train
India_000292.jpg,2,Alligator Crack|Longitudinal Crack,Alligator Crack,0.0690895061728395,data/raw/road_damage/India/India/train/images/India_000292.jpg,RDD2022,India,train
India_000293.jpg,1,Longitudinal Crack,Longitudinal Crack,0.0132407407407407,data/raw/road_damage/India/India/train/images/India_000293.jpg,RDD2022,India,train
India_000298.jpg,2,Alligator Crack,Alligator Crack,0.0585802469135802,data/raw/road_damage/India/India/train/images/India_000298.jpg,RDD2022,India,train
India_000299.jpg,2,Alligator Crack|Longitudinal Crack,Longitudinal Crack,0.3600327932098765,data/raw/road_damage/India/India/train/images/India_000299.jpg,RDD2022,India,train
India_000301.jpg,2,Pothole,Pothole,0.0152623456790123,data/raw/road_damage/India/India/train/images/India_000301.jpg,RDD2022,India,train
India_000302.jpg,1,Alligator Crack,Alligator Crack,0.1072685185185185,data/raw/road_damage/India/India/train/images/India_000302.jpg,RDD2022,India,train
India_000309.jpg,1,Alligator Crack,Alligator Crack,0.074537037037037,data/raw/road_damage/India/India/train/images/India_000309.jpg,RDD2022,India,train
India_000310.jpg,1,Alligator Crack,Alligator Crack,0.0940914351851851,data/raw/road_damage/India/India/train/images/India_000310.jpg,RDD2022,India,train
India_000312.jpg,1,Longitudinal Crack,Longitudinal Crack,0.0549305555555555,data/raw/road_damage/India/India/train/images/India_000312.jpg,RDD2022,India,train
India_000316.jpg,7,Alligator Crack|Longitudinal Crack|Pothole,Pothole,0.0372222222222222,data/raw/road_damage/India/India/train/images/India_000316.jpg,RDD2022,India,train
India_000317.jpg,3,Alligator Crack|Longitudinal Crack|Pothole,Pothole,0.1108333333333333,data/raw/road_damage/India/India/train/images/India_000317.jpg,RDD2022,India,train
India_000319.jpg,1,Longitudinal Crack,Longitudinal Crack,0.0452391975308641,data/raw/road_damage/India/India/train/images/India_000319.jpg,RDD2022,India,train
India_000320.jpg,2,Longitudinal Crack|Pothole,Longitudinal Crack,0.0726755401234567,data/raw/road_damage/India/India/train/images/India_000320.jpg,RDD2022,India,train
India_000323.jpg,4,Alligator Crack|Pothole,Pothole,0.1530150462962963,data/raw/road_damage/India/India/train/images/India_000323.jpg,RDD2022,India,train
India_000330.jpg,1,Longitudinal Crack,Longitudinal Crack,0.1104359567901234,data/raw/road_damage/India/India/train/images/India_000330.jpg,RDD2022,India,train
India_000343.jpg,1,Alligator Crack,Alligator Crack,0.2062962962962962,data/raw/road_damage/India/India/train/images/India_000343.jpg,RDD2022,India,train
India_000348.jpg,1,Alligator Crack,Alligator Crack,0.1302430555555555,data/raw/road_damage/India/India/train/images/India_000348.jpg,RDD2022,India,train
India_000350.jpg,1,Alligator Crack,Alligator Crack,0.0880169753086419,data/raw/road_damage/India/India/train/images/India_000350.jpg,RDD2022,India,train
India_000352.jpg,4,Alligator Crack|Pothole,Alligator Crack,0.139693287037037,data/raw/road_damage/India/India/train/images/India_000352.jpg,RDD2022,India,train
India_000353.jpg,2,Alligator Crack,Alligator Crack,0.0974305555555555,data/raw/road_damage/India/India/train/images/India_000353.jpg,RDD2022,India,train
India_000361.jpg,4,Alligator Crack|Pothole,Pothole,0.099375,data/raw/road_damage/India/India/train/images/India_000361.jpg,RDD2022,India,train
India_000362.jpg,5,Alligator Crack|Longitudinal Crack,Longitudinal Crack,0.2,data/raw/road_damage/India/India/train/images/India_000362.jpg,RDD2022,India,train
India_000367.jpg,3,Alligator Crack|Longitudinal Crack|Pothole,Alligator Crack,0.1411265432098765,data/raw/road_damage/India/India/train/images/India_000367.jpg,RDD2022,India,train
India_000368.jpg,5,Longitudinal Crack|Pothole,Pothole,0.0149305555555555,data/raw/road_damage/India/India/train/images/India_000368.jpg,RDD2022,India,train
India_000369.jpg,1,Alligator Crack,Alligator Crack,0.2308680555555555,data/raw/road_damage/India/India/train/images/India_000369.jpg,RDD2022,India,train
India_000371.jpg,2,Alligator Crack,Alligator Crack,0.1203125,data/raw/road_damage/India/India/train/images/India_000371.jpg,RDD2022,India,train
India_000373.jpg,2,Longitudinal Crack|Pothole,Pothole,0.0994753086419753,data/raw/road_damage/India/India/train/images/India_000373.jpg,RDD2022,India,train
India_000382.jpg,5,Alligator Crack|Longitudinal Crack,Longitudinal Crack,0.0685185185185185,data/raw/road_damage/India/India/train/images/India_000382.jpg,RDD2022,India,train
India_000383.jpg,6,Alligator Crack|Pothole,Pothole,0.0203317901234567,data/raw/road_damage/India/India/train/images/India_000383.jpg,RDD2022,India,train
India_000384.jpg,3,Alligator Crack|Pothole,Pothole,0.0414197530864197,data/raw/road_damage/India/India/train/images/India_000384.jpg,RDD2022,India,train
India_000389.jpg,1,Pothole,Pothole,0.0155324074074074,data/raw/road_damage/India/India/train/images/India_000389.jpg,RDD2022,India,train
India_000391.jpg,2,Longitudinal Crack|Pothole,Pothole,0.019386574074074,data/raw/road_damage/India/India/train/images/India_000391.jpg,RDD2022,India,train
India_000392.jpg,1,Pothole,Pothole,0.0076388888888888,data/raw/road_damage/India/India/train/images/India_000392.jpg,RDD2022,India,train
India_000399.jpg,2,Pothole,Pothole,0.009542824074074,data/raw/road_damage/India/India/train/images/India_000399.jpg,RDD2022,India,train
India_000402.jpg,2,Pothole,Pothole,0.0452064043209876,data/raw/road_damage/India/India/train/images/India_000402.jpg,RDD2022,India,train
India_000403.jpg,1,Alligator Crack,Alligator Crack,0.0724768518518518,data/raw/road_damage/India/India/train/images/India_000403.jpg,RDD2022,India,train
India_000409.jpg,1,Alligator Crack,Alligator Crack,0.1341126543209876,data/raw/road_damage/India/India/train/images/India_000409.jpg,RDD2022,India,train
India_000412.jpg,2,Alligator Crack|Longitudinal Crack,Longitudinal Crack,0.0169328703703703,data/raw/road_damage/India/India/train/images/India_000412.jpg,RDD2022,India,train
India_000416.jpg,1,Alligator Crack,Alligator Crack,0.3793981481481481,data/raw/road_damage/India/India/train/images/India_000416.jpg,RDD2022,India,train
India_000421.jpg,1,Alligator Crack,Alligator Crack,0.1597222222222222,data/raw/road_damage/India/India/train/images/India_000421.jpg,RDD2022,India,train
India_000424.jpg,1,Alligator Crack,Alligator Crack,0.3376851851851852,data/raw/road_damage/India/India/train/images/India_000424.jpg,RDD2022,India,train
India_000427.jpg,1,Alligator Crack,Alligator Crack,0.1529089506172839,data/raw/road_damage/India/India/train/images/India_000427.jpg,RDD2022,India,train
India_000428.jpg,1,Longitudinal Crack,Longitudinal Crack,0.00796875,data/raw/road_damage/India/India/train/images/India_000428.jpg,RDD2022,India,train
India_000431.jpg,1,Pothole,Pothole,0.0125,data/raw/road_damage/India/India/train/images/India_000431.jpg,RDD2022,India,train
India_000432.jpg,1,Alligator Crack,Alligator Crack,0.1245254629629629,data/raw/road_damage/India/India/train/images/India_000432.jpg,RDD2022,India,train
India_000436.jpg,2,Alligator Crack|Longitudinal Crack,Longitudinal Crack,0.2200250771604938,data/raw/road_damage/India/India/train/images/India_000436.jpg,RDD2022,India,train
India_000438.jpg,2,Pothole,Pothole,0.1186304012345679,data/raw/road_damage/India/India/train/images/India_000438.jpg,RDD2022,India,train
India_000439.jpg,8,Alligator Crack|Pothole,Pothole,0.1515625,data/raw/road_damage/India/India/train/images/India_000439.jpg,RDD2022,India,train
India_000440.jpg,1,Pothole,Pothole,0.2618152006172839,data/raw/road_damage/India/India/train/images/India_000440.jpg,RDD2022,India,train
India_000446.jpg,1,Longitudinal Crack,Longitudinal Crack,0.010474537037037,data/raw/road_damage/India/India/train/images/India_000446.jpg,RDD2022,India,train
India_000448.jpg,3,Pothole,Pothole,0.0662287808641975,data/raw/road_damage/India/India/train/images/India_000448.jpg,RDD2022,India,train
India_000455.jpg,1,Alligator Crack,Alligator Crack,0.1717824074074074,data/raw/road_damage/India/India/train/images/India_000455.jpg,RDD2022,India,train
India_000456.jpg,4,Longitudinal Crack|Pothole,Pothole,0.02328125,data/raw/road_damage/India/India/train/images/India_000456.jpg,RDD2022,India,train
India_000459.jpg,1,Alligator Crack,Alligator Crack,0.0239351851851851,data/raw/road_damage/India/India/train/images/India_000459.jpg,RDD2022,India,train
India_000462.jpg,2,Alligator Crack|Longitudinal Crack,Alligator Crack,0.0866743827160493,data/raw/road_damage/India/India/train/images/India_000462.jpg,RDD2022,India,train
India_000466.jpg,5,Alligator Crack|Pothole,Pothole,0.4425462962962962,data/raw/road_damage/India/India/train/images/India_000466.jpg,RDD2022,India,train
India_000467.jpg,1,Alligator Crack,Alligator Crack,0.1123958333333333,data/raw/road_damage/India/India/train/images/India_000467.jpg,RDD2022,India,train
India_000470.jpg,7,Pothole,Pothole,0.0280671296296296,data/raw/road_damage/India/India/train/images/India_000470.jpg,RDD2022,India,train
India_000471.jpg,1,Alligator Crack,Alligator Crack,0.0549189814814814,data/raw/road_damage/India/India/train/images/India_000471.jpg,RDD2022,India,train
India_000472.jpg,4,Alligator Crack|Longitudinal Crack|Pothole,Pothole,0.2358333333333333,data/raw/road_damage/India/India/train/images/India_000472.jpg,RDD2022,India,train
India_000475.jpg,5,Alligator Crack|Pothole,Pothole,0.1216493055555555,data/raw/road_damage/India/India/train/images/India_000475.jpg,RDD2022,India,train
India_000478.jpg,2,Longitudinal Crack,Longitudinal Crack,0.0092013888888888,data/raw/road_damage/India/India/train/images/India_000478.jpg,RDD2022,India,train
India_000480.jpg,1,Alligator Crack,Alligator Crack,0.1829976851851852,data/raw/road_damage/India/India/train/images/India_000480.jpg,RDD2022,India,train
India_000482.jpg,2,Longitudinal Crack,Longitudinal Crack,0.0481481481481481,data/raw/road_damage/India/India/train/images/India_000482.jpg,RDD2022,India,train
India_000483.jpg,1,Alligator Crack,Alligator Crack,0.2194733796296296,data/raw/road_damage/India/India/train/images/India_000483.jpg,RDD2022,India,train
India_000485.jpg,1,Pothole,Pothole,0.1149074074074074,data/raw/road_damage/India/India/train/images/India_000485.jpg,RDD2022,India,train
India_000486.jpg,2,Alligator Crack|Pothole,Alligator Crack,0.0473919753086419,data/raw/road_damage/India/India/train/images/India_000486.jpg,RDD2022,India,train
India_000493.jpg,1,Alligator Crack,Alligator Crack,0.2444444444444444,data/raw/road_damage/India/India/train/images/India_000493.jpg,RDD2022,India,train
India_000494.jpg,2,Longitudinal Crack,Longitudinal Crack,0.0125,data/raw/road_damage/India/India/train/images/India_000494.jpg,RDD2022,India,train
India_000498.jpg,1,Alligator Crack,Alligator Crack,0.2618016975308642,data/raw/road_damage/India/India/train/images/India_000498.jpg,RDD2022,India,train
India_000500.jpg,1,Alligator Crack,Alligator Crack,0.1203703703703703,data/raw/road_damage/India/India/train/images/India_000500.jpg,RDD2022,India,train
India_000504.jpg,1,Alligator Crack,Alligator Crack,0.3565972222222222,data/raw/road_damage/India/India/train/images/India_000504.jpg,RDD2022,India,train
India_000511.jpg,2,Longitudinal Crack,Longitudinal Crack,0.0190567129629629,data/raw/road_damage/India/India/train/images/India_000511.jpg,RDD2022,India,train
India_000512.jpg,1,Alligator Crack,Alligator Crack,0.0911458333333333,data/raw/road_damage/India/India/train/images/India_000512.jpg,RDD2022,India,train
India_000514.jpg,2,Alligator Crack|Longitudinal Crack,Longitudinal Crack,0.0809876543209876,data/raw/road_damage/India/India/train/images/India_000514.jpg,RDD2022,India,train
India_000517.jpg,5,Alligator Crack|Pothole,Pothole,0.1391975308641975,data/raw/road_damage/India/India/train/images/India_000517.jpg,RDD2022,India,train
India_000522.jpg,1,Alligator Crack,Alligator Crack,0.0960262345679012,data/raw/road_damage/India/India/train/images/India_000522.jpg,RDD2022,India,train
India_000524.jpg,3,Alligator Crack|Longitudinal Crack,Longitudinal Crack,0.3599922839506173,data/raw/road_damage/India/India/train/images/India_000524.jpg,RDD2022,India,train
India_000525.jpg,1,Alligator Crack,Alligator Crack,0.1486304012345679,data/raw/road_damage/India/India/train/images/India_000525.jpg,RDD2022,India,train
India_000528.jpg,2,Longitudinal Crack|Transverse Crack,Transverse Crack,0.0393518518518518,data/raw/road_damage/India/India/train/images/India_000528.jpg,RDD2022,India,train
India_000532.jpg,2,Longitudinal Crack,Longitudinal Crack,0.0559567901234567,data/raw/road_damage/India/India/train/images/India_000532.jpg,RDD2022,India,train
India_000535.jpg,1,Pothole,Pothole,0.0026292438271604,data/raw/road_damage/India/India/train/images/India_000535.jpg,RDD2022,India,train
India_000537.jpg,10,Alligator Crack|Longitudinal Crack|Pothole,Pothole,0.0959780092592592,data/raw/road_damage/India/India/train/images/India_000537.jpg,RDD2022,India,train
India_000542.jpg,2,Longitudinal Crack,Longitudinal Crack,0.0075617283950617,data/raw/road_damage/India/India/train/images/India_000542.jpg,RDD2022,India,train
India_000544.jpg,4,Alligator Crack|Pothole,Pothole,0.1933487654320987,data/raw/road_damage/India/India/train/images/India_000544.jpg,RDD2022,India,train
India_000545.jpg,1,Pothole,Pothole,0.0785590277777777,data/raw/road_damage/India/India/train/images/India_000545.jpg,RDD2022,India,train
India_000548.jpg,1,Alligator Crack,Alligator Crack,0.1733603395061728,data/raw/road_damage/India/India/train/images/India_000548.jpg,RDD2022,India,train
India_000552.jpg,6,Pothole,Pothole,0.0702777777777777,data/raw/road_damage/India/India/train/images/India_000552.jpg,RDD2022,India,train
India_000555.jpg,2,Alligator Crack,Alligator Crack,0.0523148148148148,data/raw/road_damage/India/India/train/images/India_000555.jpg,RDD2022,India,train
India_000556.jpg,2,Alligator Crack,Alligator Crack,0.0744020061728395,data/raw/road_damage/India/India/train/images/India_000556.jpg,RDD2022,India,train
India_000557.jpg,5,Pothole,Pothole,0.0967592592592592,data/raw/road_damage/India/India/train/images/India_000557.jpg,RDD2022,India,train
India_000560.jpg,2,Longitudinal Crack,Longitudinal Crack,0.0422048611111111,data/raw/road_damage/India/India/train/images/India_000560.jpg,RDD2022,India,train
India_000561.jpg,1,Longitudinal Crack,Longitudinal Crack,0.0023919753086419,data/raw/road_damage/India/India/train/images/India_000561.jpg,RDD2022,India,train
India_000562.jpg,3,Longitudinal Crack|Pothole,Longitudinal Crack,0.0380787037037037,data/raw/road_damage/India/India/train/images/India_000562.jpg,RDD2022,India,train
India_000563.jpg,2,Alligator Crack|Pothole,Alligator Crack,0.1944367283950617,data/raw/road_damage/India/India/train/images/India_000563.jpg,RDD2022,India,train
India_000575.jpg,2,Pothole,Pothole,0.011778549382716,data/raw/road_damage/India/India/train/images/India_000575.jpg,RDD2022,India,train
India_000576.jpg,3,Alligator Crack|Pothole,Alligator Crack,0.1885146604938271,data/raw/road_damage/India/India/train/images/India_000576.jpg,RDD2022,India,train
India_000578.jpg,1,Longitudinal Crack,Longitudinal Crack,0.0184567901234567,data/raw/road_damage/India/India/train/images/India_000578.jpg,RDD2022,India,train
India_000579.jpg,5,Alligator Crack|Pothole,Alligator Crack,0.0971875,data/raw/road_damage/India/India/train/images/India_000579.jpg,RDD2022,India,train
India_000580.jpg,2,Alligator Crack|Pothole,Alligator Crack,0.1121527777777777,data/raw/road_damage/India/India/train/images/India_000580.jpg,RDD2022,India,train
India_000581.jpg,2,Pothole,Pothole,0.00125,data/raw/road_damage/India/India/train/images/India_000581.jpg,RDD2022,India,train
India_000582.jpg,1,Alligator Crack,Alligator Crack,0.0340451388888888,data/raw/road_damage/India/India/train/images/India_000582.jpg,RDD2022,India,train
India_000586.jpg,4,Alligator Crack|Pothole,Pothole,0.1320794753086419,data/raw/road_damage/India/India/train/images/India_000586.jpg,RDD2022,India,train
India_000589.jpg,1,Transverse Crack,Transverse Crack,0.0352430555555555,data/raw/road_damage/India/India/train/images/India_000589.jpg,RDD2022,India,train
India_000590.jpg,2,Longitudinal Crack|Pothole,Pothole,0.0103973765432098,data/raw/road_damage/India/India/train/images/India_000590.jpg,RDD2022,India,train
India_000591.jpg,2,Alligator Crack|Pothole,Alligator Crack,0.1579976851851851,data/raw/road_damage/India/India/train/images/India_000591.jpg,RDD2022,India,train
India_000592.jpg,1,Alligator Crack,Alligator Crack,0.2662962962962963,data/raw/road_damage/India/India/train/images/India_000592.jpg,RDD2022,India,train
India_000595.jpg,3,Pothole,Pothole,0.0136111111111111,data/raw/road_damage/India/India/train/images/India_000595.jpg,RDD2022,India,train
India_000596.jpg,2,Alligator Crack|Pothole,Pothole,0.172721836419753,data/raw/road_damage/India/India/train/images/India_000596.jpg,RDD2022,India,train
India_000597.jpg,2,Alligator Crack|Longitudinal Crack,Longitudinal Crack,0.0722299382716049,data/raw/road_damage/India/India/train/images/India_000597.jpg,RDD2022,India,train
India_000599.jpg,1,Longitudinal Crack,Longitudinal Crack,0.0206018518518518,data/raw/road_damage/India/India/train/images/India_000599.jpg,RDD2022,India,train
India_000601.jpg,1,Alligator Crack,Alligator Crack,0.195570987654321,data/raw/road_damage/India/India/train/images/India_000601.jpg,RDD2022,India,train
India_000603.jpg,1,Longitudinal Crack,Longitudinal Crack,0.1273148148148148,data/raw/road_damage/India/India/train/images/India_000603.jpg,RDD2022,India,train
India_000605.jpg,3,Alligator Crack,Alligator Crack,0.1320216049382716,data/raw/road_damage/India/India/train/images/India_000605.jpg,RDD2022,India,train
India_000609.jpg,2,Alligator Crack|Longitudinal Crack,Alligator Crack,0.1760127314814814,data/raw/road_damage/India/India/train/images/India_000609.jpg,RDD2022,India,train
India_000611.jpg,1,Alligator Crack,Alligator Crack,0.1259375,data/raw/road_damage/India/India/train/images/India_000611.jpg,RDD2022,India,train
India_000612.jpg,1,Pothole,Pothole,0.0033101851851851,data/raw/road_damage/India/India/train/images/India_000612.jpg,RDD2022,India,train
India_000614.jpg,2,Pothole,Pothole,0.0033101851851851,data/raw/road_damage/India/India/train/images/India_000614.jpg,RDD2022,India,train
India_000617.jpg,1,Alligator Crack,Alligator Crack,0.1073302469135802,data/raw/road_damage/India/India/train/images/India_000617.jpg,RDD2022,India,train
India_000618.jpg,3,Alligator Crack|Pothole,Pothole,0.119483024691358,data/raw/road_damage/India/India/train/images/India_000618.jpg,RDD2022,India,train
India_000622.jpg,2,Alligator Crack,Alligator Crack,0.1018441358024691,data/raw/road_damage/India/India/train/images/India_000622.jpg,RDD2022,India,train
India_000627.jpg,1,Pothole,Pothole,0.0086689814814814,data/raw/road_damage/India/India/train/images/India_000627.jpg,RDD2022,India,train
India_000628.jpg,2,Alligator Crack|Pothole,Alligator Crack,0.1229166666666666,data/raw/road_damage/India/India/train/images/India_000628.jpg,RDD2022,India,train
India_000630.jpg,2,Alligator Crack|Longitudinal Crack,Alligator Crack,0.0757773919753086,data/raw/road_damage/India/India/train/images/India_000630.jpg,RDD2022,India,train
India_000631.jpg,3,Alligator Crack|Pothole,Pothole,0.1415625,data/raw/road_damage/India/India/train/images/India_000631.jpg,RDD2022,India,train
India_000644.jpg,2,Longitudinal Crack|Pothole,Longitudinal Crack,0.0412268518518518,data/raw/road_damage/India/India/train/images/India_000644.jpg,RDD2022,India,train
India_000646.jpg,3,Alligator Crack|Longitudinal Crack|Pothole,Alligator Crack,0.106201774691358,data/raw/road_damage/India/India/train/images/India_000646.jpg,RDD2022,India,train
India_000652.jpg,6,Alligator Crack|Pothole,Pothole,0.0537152777777777,data/raw/road_damage/India/India/train/images/India_000652.jpg,RDD2022,India,train
India_000654.jpg,1,Pothole,Pothole,0.0098861882716049,data/raw/road_damage/India/India/train/images/India_000654.jpg,RDD2022,India,train
India_000655.jpg,1,Alligator Crack,Alligator Crack,0.0868402777777777,data/raw/road_damage/India/India/train/images/India_000655.jpg,RDD2022,India,train
India_000656.jpg,1,Alligator Crack,Alligator Crack,0.1554398148148148,data/raw/road_damage/India/India/train/images/India_000656.jpg,RDD2022,India,train
India_000659.jpg,7,Alligator Crack|Pothole,Pothole,0.1772839506172839,data/raw/road_damage/India/India/train/images/India_000659.jpg,RDD2022,India,train
India_000665.jpg,4,Alligator Crack|Longitudinal Crack,Longitudinal Crack,0.0392901234567901,data/raw/road_damage/India/India/train/images/India_000665.jpg,RDD2022,India,train
India_000667.jpg,1,Alligator Crack,Alligator Crack,0.0970640432098765,data/raw/road_damage/India/India/train/images/India_000667.jpg,RDD2022,India,train
India_000669.jpg,4,Alligator Crack|Longitudinal Crack|Pothole,Pothole,0.0817997685185185,data/raw/road_damage/India/India/train/images/India_000669.jpg,RDD2022,India,train
India_000676.jpg,1,Alligator Crack,Alligator Crack,0.0867554012345679,data/raw/road_damage/India/India/train/images/India_000676.jpg,RDD2022,India,train
India_000678.jpg,1,Alligator Crack,Alligator Crack,0.1978587962962963,data/raw/road_damage/India/India/train/images/India_000678.jpg,RDD2022,India,train
India_000680.jpg,2,Alligator Crack|Longitudinal Crack,Longitudinal Crack,0.0454996141975308,data/raw/road_damage/India/India/train/images/India_000680.jpg,RDD2022,India,train
India_000682.jpg,1,Pothole,Pothole,0.0057253086419753,data/raw/road_damage/India/India/train/images/India_000682.jpg,RDD2022,India,train
India_000683.jpg,2,Longitudinal Crack,Longitudinal Crack,0.0149209104938271,data/raw/road_damage/India/India/train/images/India_000683.jpg,RDD2022,India,train
India_000684.jpg,2,Pothole,Pothole,0.0882021604938271,data/raw/road_damage/India/India/train/images/India_000684.jpg,RDD2022,India,train
India_000685.jpg,4,Longitudinal Crack|Pothole,Pothole,0.0258796296296296,data/raw/road_damage/India/India/train/images/India_000685.jpg,RDD2022,India,train
India_000688.jpg,1,Longitudinal Crack,Longitudinal Crack,0.0029166666666666,data/raw/road_damage/India/India/train/images/India_000688.jpg,RDD2022,India,train
India_000690.jpg,1,Alligator Crack,Alligator Crack,0.0489351851851851,data/raw/road_damage/India/India/train/images/India_000690.jpg,RDD2022,India,train
India_000700.jpg,1,Alligator Crack,Alligator Crack,0.0427932098765432,data/raw/road_damage/India/India/train/images/India_000700.jpg,RDD2022,India,train
India_000701.jpg,1,Pothole,Pothole,0.0041049382716049,data/raw/road_damage/India/India/train/images/India_000701.jpg,RDD2022,India,train
India_000702.jpg,1,Alligator Crack,Alligator Crack,0.0659259259259259,data/raw/road_damage/India/India/train/images/India_000702.jpg,RDD2022,India,train
India_000705.jpg,3,Alligator Crack|Pothole,Pothole,0.1436786265432098,data/raw/road_damage/India/India/train/images/India_000705.jpg,RDD2022,India,train
India_000710.jpg,3,Longitudinal Crack|Pothole,Pothole,0.1169984567901234,data/raw/road_damage/India/India/train/images/India_000710.jpg,RDD2022,India,train
India_000714.jpg,3,Alligator Crack|Pothole,Pothole,0.127289737654321,data/raw/road_damage/India/India/train/images/India_000714.jpg,RDD2022,India,train
India_000715.jpg,1,Alligator Crack,Alligator Crack,0.2035763888888888,data/raw/road_damage/India/India/train/images/India_000715.jpg,RDD2022,India,train
India_000718.jpg,2,Pothole,Pothole,0.03328125,data/raw/road_damage/India/India/train/images/India_000718.jpg,RDD2022,India,train
India_000724.jpg,1,Pothole,Pothole,0.119380787037037,data/raw/road_damage/India/India/train/images/India_000724.jpg,RDD2022,India,train
India_000726.jpg,1,Alligator Crack,Alligator Crack,0.1712866512345679,data/raw/road_damage/India/India/train/images/India_000726.jpg,RDD2022,India,train
India_000729.jpg,6,Pothole,Pothole,0.0584297839506172,data/raw/road_damage/India/India/train/images/India_000729.jpg,RDD2022,India,train
India_000730.jpg,1,Alligator Crack,Alligator Crack,0.0483796296296296,data/raw/road_damage/India/India/train/images/India_000730.jpg,RDD2022,India,train
India_000731.jpg,1,Pothole,Pothole,0.0011959876543209,data/raw/road_damage/India/India/train/images/India_000731.jpg,RDD2022,India,train
India_000732.jpg,1,Pothole,Pothole,0.0039872685185185,data/raw/road_damage/India/India/train/images/India_000732.jpg,RDD2022,India,train
India_000735.jpg,1,Pothole,Pothole,0.00390625,data/raw/road_damage/India/India/train/images/India_000735.jpg,RDD2022,India,train
India_000739.jpg,2,Alligator Crack|Longitudinal Crack,Longitudinal Crack,0.1198591820987654,data/raw/road_damage/India/India/train/images/India_000739.jpg,RDD2022,India,train
India_000740.jpg,1,Longitudinal Crack,Longitudinal Crack,0.0048611111111111,data/raw/road_damage/India/India/train/images/India_000740.jpg,RDD2022,India,train
India_000742.jpg,1,Longitudinal Crack,Longitudinal Crack,0.0524305555555555,data/raw/road_damage/India/India/train/images/India_000742.jpg,RDD2022,India,train
India_000743.jpg,1,Pothole,Pothole,0.0050617283950617,data/raw/road_damage/India/India/train/images/India_000743.jpg,RDD2022,India,train
India_000744.jpg,2,Pothole,Pothole,0.0146604938271604,data/raw/road_damage/India/India/train/images/India_000744.jpg,RDD2022,India,train
India_000745.jpg,2,Pothole,Pothole,0.3047067901234568,data/raw/road_damage/India/India/train/images/India_000745.jpg,RDD2022,India,train
India_000746.jpg,1,Pothole,Pothole,0.0089525462962962,data/raw/road_damage/India/India/train/images/India_000746.jpg,RDD2022,India,train
India_000747.jpg,1,Pothole,Pothole,0.0196084104938271,data/raw/road_damage/India/India/train/images/India_000747.jpg,RDD2022,India,train
India_000756.jpg,2,Longitudinal Crack|Pothole,Longitudinal Crack,0.0325,data/raw/road_damage/India/India/train/images/India_000756.jpg,RDD2022,India,train
India_000759.jpg,2,Alligator Crack|Pothole,Alligator Crack,0.1548649691358024,data/raw/road_damage/India/India/train/images/India_000759.jpg,RDD2022,India,train
India_000760.jpg,1,Longitudinal Crack,Longitudinal Crack,0.0120563271604938,data/raw/road_damage/India/India/train/images/India_000760.jpg,RDD2022,India,train
India_000765.jpg,1,Longitudinal Crack,Longitudinal Crack,0.0153472222222222,data/raw/road_damage/India/India/train/images/India_000765.jpg,RDD2022,India,train
India_000768.jpg,2,Alligator Crack|Pothole,Alligator Crack,0.1790586419753086,data/raw/road_damage/India/India/train/images/India_000768.jpg,RDD2022,India,train
India_000770.jpg,3,Alligator Crack|Pothole,Pothole,0.1553047839506172,data/raw/road_damage/India/India/train/images/India_000770.jpg,RDD2022,India,train
India_000771.jpg,1,Pothole,Pothole,0.0231481481481481,data/raw/road_damage/India/India/train/images/India_000771.jpg,RDD2022,India,train
India_000773.jpg,1,Alligator Crack,Alligator Crack,0.0505902777777777,data/raw/road_damage/India/India/train/images/India_000773.jpg,RDD2022,India,train
India_000775.jpg,1,Alligator Crack,Alligator Crack,0.1400462962962963,data/raw/road_damage/India/India/train/images/India_000775.jpg,RDD2022,India,train
India_000776.jpg,1,Longitudinal Crack,Longitudinal Crack,0.0746527777777777,data/raw/road_damage/India/India/train/images/India_000776.jpg,RDD2022,India,train
India_000780.jpg,2,Alligator Crack|Longitudinal Crack,Longitudinal Crack,0.1234162808641975,data/raw/road_damage/India/India/train/images/India_000780.jpg,RDD2022,India,train
India_000781.jpg,2,Longitudinal Crack|Pothole,Pothole,0.0418904320987654,data/raw/road_damage/India/India/train/images/India_000781.jpg,RDD2022,India,train
India_000782.jpg,1,Alligator Crack,Alligator Crack,0.079903549382716,data/raw/road_damage/India/India/train/images/India_000782.jpg,RDD2022,India,train
India_000785.jpg,2,Alligator Crack|Pothole,Pothole,0.0388888888888888,data/raw/road_damage/India/India/train/images/India_000785.jpg,RDD2022,India,train
India_000788.jpg,2,Alligator Crack,Alligator Crack,0.0911342592592592,data/raw/road_damage/India/India/train/images/India_000788.jpg,RDD2022,India,train
India_000791.jpg,3,Alligator Crack|Longitudinal Crack,Longitudinal Crack,0.044386574074074,data/raw/road_damage/India/India/train/images/India_000791.jpg,RDD2022,India,train
India_000796.jpg,1,Longitudinal Crack,Longitudinal Crack,0.0244984567901234,data/raw/road_damage/India/India/train/images/India_000796.jpg,RDD2022,India,train
India_000797.jpg,1,Pothole,Pothole,0.0183333333333333,data/raw/road_damage/India/India/train/images/India_000797.jpg,RDD2022,India,train
India_000798.jpg,1,Longitudinal Crack,Longitudinal Crack,0.0170601851851851,data/raw/road_damage/India/India/train/images/India_000798.jpg,RDD2022,India,train
India_000802.jpg,1,Pothole,Pothole,0.0312210648148148,data/raw/road_damage/India/India/train/images/India_000802.jpg,RDD2022,India,train
India_000808.jpg,5,Alligator Crack|Pothole,Pothole,0.0391975308641975,data/raw/road_damage/India/India/train/images/India_000808.jpg,RDD2022,India,train
India_000811.jpg,2,Alligator Crack,Alligator Crack,0.2097511574074074,data/raw/road_damage/India/India/train/images/India_000811.jpg,RDD2022,India,train
India_000812.jpg,3,Pothole,Pothole,0.0027006172839506,data/raw/road_damage/India/India/train/images/India_000812.jpg,RDD2022,India,train
India_000815.jpg,1,Alligator Crack,Alligator Crack,0.044386574074074,data/raw/road_damage/India/India/train/images/India_000815.jpg,RDD2022,India,train
India_000816.jpg,1,Longitudinal Crack,Longitudinal Crack,0.0118904320987654,data/raw/road_damage/India/India/train/images/India_000816.jpg,RDD2022,India,train
India_000822.jpg,2,Pothole,Pothole,0.0100154320987654,data/raw/road_damage/India/India/train/images/India_000822.jpg,RDD2022,India,train
India_000823.jpg,1,Pothole,Pothole,0.1520871913580247,data/raw/road_damage/India/India/train/images/India_000823.jpg,RDD2022,India,train
India_000825.jpg,1,Pothole,Pothole,0.0423379629629629,data/raw/road_damage/India/India/train/images/India_000825.jpg,RDD2022,India,train
India_000830.jpg,1,Alligator Crack,Alligator Crack,0.1396990740740741,data/raw/road_damage/India/India/train/images/India_000830.jpg,RDD2022,India,train
India_000831.jpg,1,Pothole,Pothole,0.0021604938271604,data/raw/road_damage/India/India/train/images/India_000831.jpg,RDD2022,India,train
India_000833.jpg,2,Longitudinal Crack,Longitudinal Crack,0.0231712962962962,data/raw/road_damage/India/India/train/images/India_000833.jpg,RDD2022,India,train
India_000839.jpg,2,Alligator Crack|Longitudinal Crack,Longitudinal Crack,0.0118479938271604,data/raw/road_damage/India/India/train/images/India_000839.jpg,RDD2022,India,train
India_000840.jpg,1,Pothole,Pothole,0.0257523148148148,data/raw/road_damage/India/India/train/images/India_000840.jpg,RDD2022,India,train
India_000846.jpg,1,Pothole,Pothole,0.0252893518518518,data/raw/road_damage/India/India/train/images/India_000846.jpg,RDD2022,India,train
India_000848.jpg,4,Alligator Crack|Pothole,Alligator Crack,0.0511188271604938,data/raw/road_damage/India/India/train/images/India_000848.jpg,RDD2022,India,train
India_000849.jpg,1,Alligator Crack,Alligator Crack,0.2023668981481481,data/raw/road_damage/India/India/train/images/India_000849.jpg,RDD2022,India,train
India_000850.jpg,2,Alligator Crack,Alligator Crack,0.0793692129629629,data/raw/road_damage/India/India/train/images/India_000850.jpg,RDD2022,India,train
India_000852.jpg,1,Alligator Crack,Alligator Crack,0.1105902777777777,data/raw/road_damage/India/India/train/images/India_000852.jpg,RDD2022,India,train
India_000853.jpg,2,Pothole,Pothole,0.0038888888888888,data/raw/road_damage/India/India/train/images/India_000853.jpg,RDD2022,India,train
India_000855.jpg,5,Pothole,Pothole,0.0774151234567901,data/raw/road_damage/India/India/train/images/India_000855.jpg,RDD2022,India,train
India_000856.jpg,1,Alligator Crack,Alligator Crack,0.0860011574074074,data/raw/road_damage/India/India/train/images/India_000856.jpg,RDD2022,India,train
India_000857.jpg,1,Pothole,Pothole,0.003971836419753,data/raw/road_damage/India/India/train/images/India_000857.jpg,RDD2022,India,train
India_000860.jpg,1,Alligator Crack,Alligator Crack,0.0611689814814814,data/raw/road_damage/India/India/train/images/India_000860.jpg,RDD2022,India,train
India_000861.jpg,1,Alligator Crack,Alligator Crack,0.0575231481481481,data/raw/road_damage/India/India/train/images/India_000861.jpg,RDD2022,India,train
India_000862.jpg,6,Longitudinal Crack|Pothole|Transverse Crack,Pothole,0.0935628858024691,data/raw/road_damage/India/India/train/images/India_000862.jpg,RDD2022,India,train
India_000864.jpg,2,Pothole,Pothole,0.0784336419753086,data/raw/road_damage/India/India/train/images/India_000864.jpg,RDD2022,India,train
India_000873.jpg,2,Pothole,Pothole,0.0508333333333333,data/raw/road_damage/India/India/train/images/India_000873.jpg,RDD2022,India,train
India_000874.jpg,1,Longitudinal Crack,Longitudinal Crack,0.0150617283950617,data/raw/road_damage/India/India/train/images/India_000874.jpg,RDD2022,India,train
India_000879.jpg,1,Alligator Crack,Alligator Crack,0.115630787037037,data/raw/road_damage/India/India/train/images/India_000879.jpg,RDD2022,India,train
India_000884.jpg,2,Alligator Crack|Longitudinal Crack,Longitudinal Crack,0.1805555555555555,data/raw/road_damage/India/India/train/images/India_000884.jpg,RDD2022,India,train
India_000891.jpg,1,Alligator Crack,Alligator Crack,0.2644444444444444,data/raw/road_damage/India/India/train/images/India_000891.jpg,RDD2022,India,train
India_000892.jpg,2,Alligator Crack,Alligator Crack,0.0932118055555555,data/raw/road_damage/India/India/train/images/India_000892.jpg,RDD2022,India,train
India_000893.jpg,2,Alligator Crack|Pothole,Alligator Crack,0.1263310185185185,data/raw/road_damage/India/India/train/images/India_000893.jpg,RDD2022,India,train
India_000895.jpg,1,Alligator Crack,Alligator Crack,0.0229629629629629,data/raw/road_damage/India/India/train/images/India_000895.jpg,RDD2022,India,train
India_000896.jpg,1,Alligator Crack,Alligator Crack,0.028761574074074,data/raw/road_damage/India/India/train/images/India_000896.jpg,RDD2022,India,train
India_000905.jpg,1,Longitudinal Crack,Longitudinal Crack,0.037457561728395,data/raw/road_damage/India/India/train/images/India_000905.jpg,RDD2022,India,train
India_000910.jpg,1,Alligator Crack,Alligator Crack,0.1049382716049382,data/raw/road_damage/India/India/train/images/India_000910.jpg,RDD2022,India,train
India_000914.jpg,7,Alligator Crack|Pothole,Pothole,0.271412037037037,data/raw/road_damage/India/India/train/images/India_000914.jpg,RDD2022,India,train
India_000915.jpg,2,Alligator Crack|Pothole,Pothole,0.1974151234567901,data/raw/road_damage/India/India/train/images/India_000915.jpg,RDD2022,India,train
India_000917.jpg,2,Alligator Crack,Alligator Crack,0.120324074074074,data/raw/road_damage/India/India/train/images/India_000917.jpg,RDD2022,India,train
India_000919.jpg,2,Alligator Crack,Alligator Crack,0.0451909722222222,data/raw/road_damage/India/India/train/images/India_000919.jpg,RDD2022,India,train
India_000921.jpg,1,Pothole,Pothole,0.1723476080246913,data/raw/road_damage/India/India/train/images/India_000921.jpg,RDD2022,India,train
India_000922.jpg,1,Alligator Crack,Alligator Crack,0.2368055555555555,data/raw/road_damage/India/India/train/images/India_000922.jpg,RDD2022,India,train
India_000923.jpg,1,Pothole,Pothole,0.1757407407407407,data/raw/road_damage/India/India/train/images/India_000923.jpg,RDD2022,India,train
India_000931.jpg,1,Pothole,Pothole,0.0141685956790123,data/raw/road_damage/India/India/train/images/India_000931.jpg,RDD2022,India,train
India_000932.jpg,1,Alligator Crack,Alligator Crack,0.057355324074074,data/raw/road_damage/India/India/train/images/India_000932.jpg,RDD2022,India,train
India_000933.jpg,1,Alligator Crack,Alligator Crack,0.2181674382716049,data/raw/road_damage/India/India/train/images/India_000933.jpg,RDD2022,India,train
India_000935.jpg,2,Pothole,Pothole,0.1312885802469136,data/raw/road_damage/India/India/train/images/India_000935.jpg,RDD2022,India,train
India_000936.jpg,1,Alligator Crack,Alligator Crack,0.0898765432098765,data/raw/road_damage/India/India/train/images/India_000936.jpg,RDD2022,India,train
India_000940.jpg,1,Alligator Crack,Alligator Crack,0.1587191358024691,data/raw/road_damage/India/India/train/images/India_000940.jpg,RDD2022,India,train
India_000942.jpg,1,Pothole,Pothole,0.0062114197530864,data/raw/road_damage/India/India/train/images/India_000942.jpg,RDD2022,India,train
India_000944.jpg,4,Alligator Crack|Pothole,Pothole,0.1461689814814814,data/raw/road_damage/India/India/train/images/India_000944.jpg,RDD2022,India,train
India_000945.jpg,4,Pothole,Pothole,0.1609953703703703,data/raw/road_damage/India/India/train/images/India_000945.jpg,RDD2022,India,train
India_000946.jpg,2,Longitudinal Crack|Pothole,Longitudinal Crack,0.1367824074074074,data/raw/road_damage/India/India/train/images/India_000946.jpg,RDD2022,India,train
India_000948.jpg,1,Alligator Crack,Alligator Crack,0.0562962962962962,data/raw/road_damage/India/India/train/images/India_000948.jpg,RDD2022,India,train
India_000949.jpg,2,Alligator Crack|Longitudinal Crack,Longitudinal Crack,0.23359375,data/raw/road_damage/India/India/train/images/India_000949.jpg,RDD2022,India,train
India_000952.jpg,1,Alligator Crack,Alligator Crack,0.0978703703703703,data/raw/road_damage/India/India/train/images/India_000952.jpg,RDD2022,India,train
India_000955.jpg,2,Alligator Crack,Alligator Crack,0.1299961419753086,data/raw/road_damage/India/India/train/images/India_000955.jpg,RDD2022,India,train
India_000963.jpg,5,Pothole,Pothole,0.0275347222222222,data/raw/road_damage/India/India/train/images/India_000963.jpg,RDD2022,India,train
India_000964.jpg,3,Longitudinal Crack,Longitudinal Crack,0.0983333333333333,data/raw/road_damage/India/India/train/images/India_000964.jpg,RDD2022,India,train
India_000965.jpg,1,Alligator Crack,Alligator Crack,0.2333680555555555,data/raw/road_damage/India/India/train/images/India_000965.jpg,RDD2022,India,train
India_000969.jpg,1,Pothole,Pothole,0.0125192901234567,data/raw/road_damage/India/India/train/images/India_000969.jpg,RDD2022,India,train
India_000970.jpg,2,Alligator Crack|Pothole,Pothole,0.2291087962962963,data/raw/road_damage/India/India/train/images/India_000970.jpg,RDD2022,India,train
India_000971.jpg,1,Alligator Crack,Alligator Crack,0.0668364197530864,data/raw/road_damage/India/India/train/images/India_000971.jpg,RDD2022,India,train
India_000976.jpg,1,Alligator Crack,Alligator Crack,0.1208333333333333,data/raw/road_damage/India/India/train/images/India_000976.jpg,RDD2022,India,train
India_000977.jpg,1,Pothole,Pothole,0.0571103395061728,data/raw/road_damage/India/India/train/images/India_000977.jpg,RDD2022,India,train
India_000979.jpg,2,Pothole,Pothole,0.0195756172839506,data/raw/road_damage/India/India/train/images/India_000979.jpg,RDD2022,India,train
India_000981.jpg,2,Longitudinal Crack|Pothole,Pothole,0.0238560956790123,data/raw/road_damage/India/India/train/images/India_000981.jpg,RDD2022,India,train
India_000991.jpg,1,Alligator Crack,Alligator Crack,0.2175771604938271,data/raw/road_damage/India/India/train/images/India_000991.jpg,RDD2022,India,train
India_000993.jpg,1,Pothole,Pothole,0.0030864197530864,data/raw/road_damage/India/India/train/images/India_000993.jpg,RDD2022,India,train
India_000994.jpg,9,Alligator Crack|Pothole,Pothole,0.0243730709876543,data/raw/road_damage/India/India/train/images/India_000994.jpg,RDD2022,India,train
India_000996.jpg,3,Longitudinal Crack|Pothole,Pothole,0.0786111111111111,data/raw/road_damage/India/India/train/images/India_000996.jpg,RDD2022,India,train
India_000997.jpg,1,Pothole,Pothole,0.1275578703703703,data/raw/road_damage/India/India/train/images/India_000997.jpg,RDD2022,India,train
India_001000.jpg,1,Alligator Crack,Alligator Crack,0.0568190586419753,data/raw/road_damage/India/India/train/images/India_001000.jpg,RDD2022,India,train
India_001001.jpg,3,Alligator Crack,Alligator Crack,0.101363811728395,data/raw/road_damage/India/India/train/images/India_001001.jpg,RDD2022,India,train
India_001002.jpg,1,Longitudinal Crack,Longitudinal Crack,0.0322048611111111,data/raw/road_damage/India/India/train/images/India_001002.jpg,RDD2022,India,train
India_001003.jpg,1,Alligator Crack,Alligator Crack,0.030787037037037,data/raw/road_damage/India/India/train/images/India_001003.jpg,RDD2022,India,train
India_001004.jpg,7,Alligator Crack|Longitudinal Crack,Longitudinal Crack,0.085787037037037,data/raw/road_damage/India/India/train/images/India_001004.jpg,RDD2022,India,train
India_001005.jpg,2,Pothole,Pothole,0.157037037037037,data/raw/road_damage/India/India/train/images/India_001005.jpg,RDD2022,India,train
India_001006.jpg,4,Pothole,Pothole,0.1340123456790123,data/raw/road_damage/India/India/train/images/India_001006.jpg,RDD2022,India,train
India_001007.jpg,1,Pothole,Pothole,0.0250733024691358,data/raw/road_damage/India/India/train/images/India_001007.jpg,RDD2022,India,train
India_001008.jpg,1,Pothole,Pothole,0.0358506944444444,data/raw/road_damage/India/India/train/images/India_001008.jpg,RDD2022,India,train
India_001012.jpg,2,Alligator Crack|Pothole,Alligator Crack,0.1391936728395061,data/raw/road_damage/India/India/train/images/India_001012.jpg,RDD2022,India,train
India_001015.jpg,1,Alligator Crack,Alligator Crack,0.1218171296296296,data/raw/road_damage/India/India/train/images/India_001015.jpg,RDD2022,India,train
India_001017.jpg,2,Alligator Crack,Alligator Crack,0.0986805555555555,data/raw/road_damage/India/India/train/images/India_001017.jpg,RDD2022,India,train
India_001023.jpg,1,Alligator Crack,Alligator Crack,0.0905671296296296,data/raw/road_damage/India/India/train/images/India_001023.jpg,RDD2022,India,train
India_001027.jpg,3,Alligator Crack|Longitudinal Crack,Longitudinal Crack,0.1304282407407407,data/raw/road_damage/India/India/train/images/India_001027.jpg,RDD2022,India,train
India_001030.jpg,1,Alligator Crack,Alligator Crack,0.0827546296296296,data/raw/road_damage/India/India/train/images/India_001030.jpg,RDD2022,India,train
India_001037.jpg,3,Alligator Crack|Pothole,Alligator Crack,0.0520987654320987,data/raw/road_damage/India/India/train/images/India_001037.jpg,RDD2022,India,train
India_001038.jpg,7,Alligator Crack|Longitudinal Crack|Pothole,Longitudinal Crack,0.0271875,data/raw/road_damage/India/India/train/images/India_001038.jpg,RDD2022,India,train
India_001041.jpg,1,Longitudinal Crack,Longitudinal Crack,0.0213348765432098,data/raw/road_damage/India/India/train/images/India_001041.jpg,RDD2022,India,train
India_001042.jpg,2,Alligator Crack,Alligator Crack,0.0427623456790123,data/raw/road_damage/India/India/train/images/India_001042.jpg,RDD2022,India,train
India_001046.jpg,2,Alligator Crack,Alligator Crack,0.1848572530864197,data/raw/road_damage/India/India/train/images/India_001046.jpg,RDD2022,India,train
India_001049.jpg,2,Pothole,Pothole,0.0511805555555555,data/raw/road_damage/India/India/train/images/India_001049.jpg,RDD2022,India,train
India_001051.jpg,7,Pothole,Pothole,0.0344328703703703,data/raw/road_damage/India/India/train/images/India_001051.jpg,RDD2022,India,train
India_001053.jpg,2,Alligator Crack|Pothole,Pothole,0.1126967592592592,data/raw/road_damage/India/India/train/images/India_001053.jpg,RDD2022,India,train
India_001056.jpg,3,Longitudinal Crack|Pothole,Pothole,0.1563001543209876,data/raw/road_damage/India/India/train/images/India_001056.jpg,RDD2022,India,train
India_001058.jpg,1,Pothole,Pothole,0.0050578703703703,data/raw/road_damage/India/India/train/images/India_001058.jpg,RDD2022,India,train
India_001059.jpg,1,Alligator Crack,Alligator Crack,0.3620061728395061,data/raw/road_damage/India/India/train/images/India_001059.jpg,RDD2022,India,train
India_001066.jpg,1,Longitudinal Crack,Longitudinal Crack,0.0157600308641975,data/raw/road_damage/India/India/train/images/India_001066.jpg,RDD2022,India,train
India_001068.jpg,2,Alligator Crack|Longitudinal Crack,Alligator Crack,0.0853587962962963,data/raw/road_damage/India/India/train/images/India_001068.jpg,RDD2022,India,train
India_001069.jpg,3,Longitudinal Crack|Pothole,Pothole,0.1513406635802469,data/raw/road_damage/India/India/train/images/India_001069.jpg,RDD2022,India,train
India_001076.jpg,2,Alligator Crack,Alligator Crack,0.0337384259259259,data/raw/road_damage/India/India/train/images/India_001076.jpg,RDD2022,India,train
India_001077.jpg,1,Longitudinal Crack,Longitudinal Crack,0.007824074074074,data/raw/road_damage/India/India/train/images/India_001077.jpg,RDD2022,India,train
India_001085.jpg,2,Alligator Crack|Longitudinal Crack,Longitudinal Crack,0.3199286265432098,data/raw/road_damage/India/India/train/images/India_001085.jpg,RDD2022,India,train
India_001088.jpg,1,Pothole,Pothole,0.0101157407407407,data/raw/road_damage/India/India/train/images/India_001088.jpg,RDD2022,India,train
India_001090.jpg,1,Longitudinal Crack,Longitudinal Crack,0.0041666666666666,data/raw/road_damage/India/India/train/images/India_001090.jpg,RDD2022,India,train
India_001094.jpg,2,Alligator Crack|Transverse Crack,Alligator Crack,0.136045524691358,data/raw/road_damage/India/India/train/images/India_001094.jpg,RDD2022,India,train
India_001095.jpg,1,Alligator Crack,Alligator Crack,0.1055246913580247,data/raw/road_damage/India/India/train/images/India_001095.jpg,RDD2022,India,train
India_001098.jpg,1,Alligator Crack,Alligator Crack,0.1183641975308642,data/raw/road_damage/India/India/train/images/India_001098.jpg,RDD2022,India,train
India_001101.jpg,2,Alligator Crack|Pothole,Alligator Crack,0.0649305555555555,data/raw/road_damage/India/India/train/images/India_001101.jpg,RDD2022,India,train
India_001103.jpg,2,Longitudinal Crack|Pothole,Longitudinal Crack,0.0360802469135802,data/raw/road_damage/India/India/train/images/India_001103.jpg,RDD2022,India,train
India_001104.jpg,1,Alligator Crack,Alligator Crack,0.0956404320987654,data/raw/road_damage/India/India/train/images/India_001104.jpg,RDD2022,India,train
India_001105.jpg,1,Pothole,Pothole,0.1207118055555555,data/raw/road_damage/India/India/train/images/India_001105.jpg,RDD2022,India,train
India_001111.jpg,1,Alligator Crack,Alligator Crack,0.0414737654320987,data/raw/road_damage/India/India/train/images/India_001111.jpg,RDD2022,India,train
India_001112.jpg,3,Pothole,Pothole,0.013761574074074,data/raw/road_damage/India/India/train/images/India_001112.jpg,RDD2022,India,train
India_001114.jpg,3,Longitudinal Crack|Pothole,Pothole,0.0210648148148148,data/raw/road_damage/India/India/train/images/India_001114.jpg,RDD2022,India,train
India_001115.jpg,1,Longitudinal Crack,Longitudinal Crack,0.0284722222222222,data/raw/road_damage/India/India/train/images/India_001115.jpg,RDD2022,India,train
India_001121.jpg,2,Longitudinal Crack|Pothole,Longitudinal Crack,0.0222685185185185,data/raw/road_damage/India/India/train/images/India_001121.jpg,RDD2022,India,train
India_001122.jpg,4,Alligator Crack|Pothole,Alligator Crack,0.056724537037037,data/raw/road_damage/India/India/train/images/India_001122.jpg,RDD2022,India,train
India_001123.jpg,1,Alligator Crack,Alligator Crack,0.1963194444444444,data/raw/road_damage/India/India/train/images/India_001123.jpg,RDD2022,India,train
India_001125.jpg,2,Pothole,Pothole,0.042824074074074,data/raw/road_damage/India/India/train/images/India_001125.jpg,RDD2022,India,train
India_001126.jpg,4,Alligator Crack|Pothole,Pothole,0.13125,data/raw/road_damage/India/India/train/images/India_001126.jpg,RDD2022,India,train
India_001133.jpg,2,Pothole|Transverse Crack,Transverse Crack,0.014074074074074,data/raw/road_damage/India/India/train/images/India_001133.jpg,RDD2022,India,train
India_001134.jpg,2,Pothole,Pothole,0.0235185185185185,data/raw/road_damage/India/India/train/images/India_001134.jpg,RDD2022,India,train
India_001135.jpg,2,Pothole,Pothole,0.0060185185185185,data/raw/road_damage/India/India/train/images/India_001135.jpg,RDD2022,India,train
India_001137.jpg,4,Pothole,Pothole,0.0102719907407407,data/raw/road_damage/India/India/train/images/India_001137.jpg,RDD2022,India,train
India_001138.jpg,1,Alligator Crack,Alligator Crack,0.0416956018518518,data/raw/road_damage/India/India/train/images/India_001138.jpg,RDD2022,India,train
India_001139.jpg,1,Alligator Crack,Alligator Crack,0.2381886574074074,data/raw/road_damage/India/India/train/images/India_001139.jpg,RDD2022,India,train
India_001141.jpg,4,Alligator Crack|Pothole,Pothole,0.1800636574074074,data/raw/road_damage/India/India/train/images/India_001141.jpg,RDD2022,India,train
India_001142.jpg,2,Alligator Crack,Alligator Crack,0.0551697530864197,data/raw/road_damage/India/India/train/images/India_001142.jpg,RDD2022,India,train
India_001143.jpg,1,Alligator Crack,Alligator Crack,0.1129629629629629,data/raw/road_damage/India/India/train/images/India_001143.jpg,RDD2022,India,train
India_001145.jpg,9,Alligator Crack|Longitudinal Crack|Pothole,Pothole,0.157710262345679,data/raw/road_damage/India/India/train/images/India_001145.jpg,RDD2022,India,train
India_001146.jpg,1,Longitudinal Crack,Longitudinal Crack,0.0184027777777777,data/raw/road_damage/India/India/train/images/India_001146.jpg,RDD2022,India,train
India_001147.jpg,2,Alligator Crack|Longitudinal Crack,Longitudinal Crack,0.0711033950617284,data/raw/road_damage/India/India/train/images/India_001147.jpg,RDD2022,India,train
India_001149.jpg,1,Alligator Crack,Alligator Crack,0.1157889660493827,data/raw/road_damage/India/India/train/images/India_001149.jpg,RDD2022,India,train
India_001150.jpg,1,Longitudinal Crack,Longitudinal Crack,0.0652777777777777,data/raw/road_damage/India/India/train/images/India_001150.jpg,RDD2022,India,train
India_001156.jpg,6,Pothole,Pothole,0.0429320987654321,data/raw/road_damage/India/India/train/images/India_001156.jpg,RDD2022,India,train
India_001160.jpg,4,Alligator Crack|Longitudinal Crack,Longitudinal Crack,0.1650077160493827,data/raw/road_damage/India/India/train/images/India_001160.jpg,RDD2022,India,train
India_001161.jpg,1,Longitudinal Crack,Longitudinal Crack,0.0097762345679012,data/raw/road_damage/India/India/train/images/India_001161.jpg,RDD2022,India,train
India_001165.jpg,3,Alligator Crack|Longitudinal Crack,Longitudinal Crack,0.087193287037037,data/raw/road_damage/India/India/train/images/India_001165.jpg,RDD2022,India,train
India_001167.jpg,3,Pothole,Pothole,0.0035416666666666,data/raw/road_damage/India/India/train/images/India_001167.jpg,RDD2022,India,train
India_001168.jpg,1,Pothole,Pothole,0.0097665895061728,data/raw/road_damage/India/India/train/images/India_001168.jpg,RDD2022,India,train
India_001173.jpg,1,Pothole,Pothole,0.0454398148148148,data/raw/road_damage/India/India/train/images/India_001173.jpg,RDD2022,India,train
India_001174.jpg,1,Pothole,Pothole,0.0093132716049382,data/raw/road_damage/India/India/train/images/India_001174.jpg,RDD2022,India,train
India_001175.jpg,1,Alligator Crack,Alligator Crack,0.2174594907407407,data/raw/road_damage/India/India/train/images/India_001175.jpg,RDD2022,India,train
India_001176.jpg,1,Pothole,Pothole,0.0664351851851851,data/raw/road_damage/India/India/train/images/India_001176.jpg,RDD2022,India,train
India_001180.jpg,1,Pothole,Pothole,0.0689197530864197,data/raw/road_damage/India/India/train/images/India_001180.jpg,RDD2022,India,train
India_001181.jpg,4,Longitudinal Crack|Pothole,Longitudinal Crack,0.0534239969135802,data/raw/road_damage/India/India/train/images/India_001181.jpg,RDD2022,India,train
India_001186.jpg,3,Longitudinal Crack|Pothole,Pothole,0.1802951388888889,data/raw/road_damage/India/India/train/images/India_001186.jpg,RDD2022,India,train
India_001187.jpg,1,Alligator Crack,Alligator Crack,0.2520254629629629,data/raw/road_damage/India/India/train/images/India_001187.jpg,RDD2022,India,train
India_001192.jpg,2,Alligator Crack|Longitudinal Crack,Longitudinal Crack,0.1989583333333333,data/raw/road_damage/India/India/train/images/India_001192.jpg,RDD2022,India,train
India_001194.jpg,1,Pothole,Pothole,0.0192708333333333,data/raw/road_damage/India/India/train/images/India_001194.jpg,RDD2022,India,train
India_001198.jpg,1,Longitudinal Crack,Longitudinal Crack,0.0278395061728395,data/raw/road_damage/India/India/train/images/India_001198.jpg,RDD2022,India,train
India_001200.jpg,2,Alligator Crack|Pothole,Alligator Crack,0.3454764660493827,data/raw/road_damage/India/India/train/images/India_001200.jpg,RDD2022,India,train
India_001201.jpg,1,Transverse Crack,Transverse Crack,0.00515625,data/raw/road_damage/India/India/train/images/India_001201.jpg,RDD2022,India,train
India_001207.jpg,3,Longitudinal Crack|Transverse Crack,Longitudinal Crack,0.0392129629629629,data/raw/road_damage/India/India/train/images/India_001207.jpg,RDD2022,India,train
India_001213.jpg,2,Alligator Crack|Pothole,Alligator Crack,0.141466049382716,data/raw/road_damage/India/India/train/images/India_001213.jpg,RDD2022,India,train
India_001222.jpg,3,Pothole,Pothole,0.1361111111111111,data/raw/road_damage/India/India/train/images/India_001222.jpg,RDD2022,India,train
India_001225.jpg,2,Pothole,Pothole,0.00921875,data/raw/road_damage/India/India/train/images/India_001225.jpg,RDD2022,India,train
India_001228.jpg,1,Alligator Crack,Alligator Crack,0.0549768518518518,data/raw/road_damage/India/India/train/images/India_001228.jpg,RDD2022,India,train
India_001230.jpg,4,Pothole,Pothole,0.0159259259259259,data/raw/road_damage/India/India/train/images/India_001230.jpg,RDD2022,India,train
India_001232.jpg,2,Alligator Crack|Pothole,Alligator Crack,0.1822222222222222,data/raw/road_damage/India/India/train/images/India_001232.jpg,RDD2022,India,train
India_001234.jpg,4,Pothole,Pothole,0.0844444444444444,data/raw/road_damage/India/India/train/images/India_001234.jpg,RDD2022,India,train
India_001236.jpg,5,Alligator Crack|Longitudinal Crack|Pothole,Pothole,0.214068287037037,data/raw/road_damage/India/India/train/images/India_001236.jpg,RDD2022,India,train
India_001239.jpg,4,Pothole,Pothole,0.0074074074074074,data/raw/road_damage/India/India/train/images/India_001239.jpg,RDD2022,India,train
India_001241.jpg,1,Alligator Crack,Alligator Crack,0.0348572530864197,data/raw/road_damage/India/India/train/images/India_001241.jpg,RDD2022,India,train
India_001242.jpg,1,Pothole,Pothole,0.0056327160493827,data/raw/road_damage/India/India/train/images/India_001242.jpg,RDD2022,India,train
India_001244.jpg,1,Alligator Crack,Alligator Crack,0.1341666666666666,data/raw/road_damage/India/India/train/images/India_001244.jpg,RDD2022,India,train
India_001246.jpg,2,Alligator Crack|Pothole,Alligator Crack,0.2199768518518518,data/raw/road_damage/India/India/train/images/India_001246.jpg,RDD2022,India,train
India_001247.jpg,3,Alligator Crack|Pothole,Pothole,0.0917013888888888,data/raw/road_damage/India/India/train/images/India_001247.jpg,RDD2022,India,train
India_001249.jpg,1,Alligator Crack,Alligator Crack,0.1364583333333333,data/raw/road_damage/India/India/train/images/India_001249.jpg,RDD2022,India,train
India_001250.jpg,1,Pothole,Pothole,0.0025925925925925,data/raw/road_damage/India/India/train/images/India_001250.jpg,RDD2022,India,train
India_001251.jpg,5,Pothole,Pothole,0.0116242283950617,data/raw/road_damage/India/India/train/images/India_001251.jpg,RDD2022,India,train
India_001253.jpg,1,Alligator Crack,Alligator Crack,0.2076967592592592,data/raw/road_damage/India/India/train/images/India_001253.jpg,RDD2022,India,train
India_001254.jpg,2,Longitudinal Crack|Pothole,Longitudinal Crack,0.0443672839506172,data/raw/road_damage/India/India/train/images/India_001254.jpg,RDD2022,India,train
India_001262.jpg,2,Alligator Crack|Pothole,Pothole,0.0718364197530864,data/raw/road_damage/India/India/train/images/India_001262.jpg,RDD2022,India,train
India_001266.jpg,4,Longitudinal Crack|Pothole|Transverse Crack,Pothole,0.0148804012345679,data/raw/road_damage/India/India/train/images/India_001266.jpg,RDD2022,India,train
India_001267.jpg,2,Alligator Crack,Alligator Crack,0.0224112654320987,data/raw/road_damage/India/India/train/images/India_001267.jpg,RDD2022,India,train
India_001271.jpg,1,Pothole,Pothole,0.1422530864197531,data/raw/road_damage/India/India/train/images/India_001271.jpg,RDD2022,India,train
India_001275.jpg,2,Longitudinal Crack|Pothole,Longitudinal Crack,0.0307600308641975,data/raw/road_damage/India/India/train/images/India_001275.jpg,RDD2022,India,train
India_001276.jpg,1,Alligator Crack,Alligator Crack,0.1487037037037037,data/raw/road_damage/India/India/train/images/India_001276.jpg,RDD2022,India,train
India_001278.jpg,1,Longitudinal Crack,Longitudinal Crack,0.0135108024691358,data/raw/road_damage/India/India/train/images/India_001278.jpg,RDD2022,India,train
India_001279.jpg,1,Alligator Crack,Alligator Crack,0.0360725308641975,data/raw/road_damage/India/India/train/images/India_001279.jpg,RDD2022,India,train
India_001284.jpg,1,Alligator Crack,Alligator Crack,0.0486689814814814,data/raw/road_damage/India/India/train/images/India_001284.jpg,RDD2022,India,train
India_001287.jpg,9,Alligator Crack|Longitudinal Crack|Pothole,Pothole,0.0972222222222222,data/raw/road_damage/India/India/train/images/India_001287.jpg,RDD2022,India,train
India_001291.jpg,1,Alligator Crack,Alligator Crack,0.0969212962962963,data/raw/road_damage/India/India/train/images/India_001291.jpg,RDD2022,India,train
India_001294.jpg,3,Pothole,Pothole,0.0619772376543209,data/raw/road_damage/India/India/train/images/India_001294.jpg,RDD2022,India,train
India_001295.jpg,4,Longitudinal Crack|Pothole,Pothole,0.0171604938271604,data/raw/road_damage/India/India/train/images/India_001295.jpg,RDD2022,India,train
India_001305.jpg,2,Longitudinal Crack,Longitudinal Crack,0.0096296296296296,data/raw/road_damage/India/India/train/images/India_001305.jpg,RDD2022,India,train
India_001310.jpg,1,Alligator Crack,Alligator Crack,0.0647608024691358,data/raw/road_damage/India/India/train/images/India_001310.jpg,RDD2022,India,train
India_001311.jpg,1,Alligator Crack,Alligator Crack,0.0908641975308642,data/raw/road_damage/India/India/train/images/India_001311.jpg,RDD2022,India,train
India_001314.jpg,5,Alligator Crack|Pothole,Pothole,0.4606211419753086,data/raw/road_damage/India/India/train/images/India_001314.jpg,RDD2022,India,train
India_001319.jpg,3,Longitudinal Crack|Pothole,Longitudinal Crack,0.0125925925925925,data/raw/road_damage/India/India/train/images/India_001319.jpg,RDD2022,India,train
India_001320.jpg,1,Pothole,Pothole,0.0453317901234567,data/raw/road_damage/India/India/train/images/India_001320.jpg,RDD2022,India,train
India_001321.jpg,1,Alligator Crack,Alligator Crack,0.2959837962962963,data/raw/road_damage/India/India/train/images/India_001321.jpg,RDD2022,India,train
India_001322.jpg,1,Alligator Crack,Alligator Crack,0.2668248456790123,data/raw/road_damage/India/India/train/images/India_001322.jpg,RDD2022,India,train
India_001336.jpg,1,Alligator Crack,Alligator Crack,0.1320216049382716,data/raw/road_damage/India/India/train/images/India_001336.jpg,RDD2022,India,train
India_001337.jpg,1,Alligator Crack,Alligator Crack,0.2307986111111111,data/raw/road_damage/India/India/train/images/India_001337.jpg,RDD2022,India,train
India_001338.jpg,7,Pothole,Pothole,0.0244000771604938,data/raw/road_damage/India/India/train/images/India_001338.jpg,RDD2022,India,train
India_001339.jpg,1,Longitudinal Crack,Longitudinal Crack,0.0359625771604938,data/raw/road_damage/India/India/train/images/India_001339.jpg,RDD2022,India,train
India_001349.jpg,3,Alligator Crack|Longitudinal Crack|Pothole,Pothole,0.0335262345679012,data/raw/road_damage/India/India/train/images/India_001349.jpg,RDD2022,India,train
India_001350.jpg,2,Longitudinal Crack,Longitudinal Crack,0.020011574074074,data/raw/road_damage/India/India/train/images/India_001350.jpg,RDD2022,India,train
India_001357.jpg,1,Alligator Crack,Alligator Crack,0.2112962962962963,data/raw/road_damage/India/India/train/images/India_001357.jpg,RDD2022,India,train
India_001362.jpg,1,Alligator Crack,Alligator Crack,0.0591126543209876,data/raw/road_damage/India/India/train/images/India_001362.jpg,RDD2022,India,train
India_001366.jpg,1,Alligator Crack,Alligator Crack,0.0658854166666666,data/raw/road_damage/India/India/train/images/India_001366.jpg,RDD2022,India,train
India_001367.jpg,5,Pothole,Pothole,0.0444791666666666,data/raw/road_damage/India/India/train/images/India_001367.jpg,RDD2022,India,train
India_001368.jpg,1,Alligator Crack,Alligator Crack,0.2139969135802469,data/raw/road_damage/India/India/train/images/India_001368.jpg,RDD2022,India,train
India_001381.jpg,10,Pothole,Pothole,0.09703125,data/raw/road_damage/India/India/train/images/India_001381.jpg,RDD2022,India,train
India_001385.jpg,5,Longitudinal Crack|Pothole,Pothole,0.2371373456790123,data/raw/road_damage/India/India/train/images/India_001385.jpg,RDD2022,India,train
India_001388.jpg,2,Pothole,Pothole,0.0439699074074074,data/raw/road_damage/India/India/train/images/India_001388.jpg,RDD2022,India,train
India_001392.jpg,3,Longitudinal Crack|Pothole,Longitudinal Crack,0.1534567901234567,data/raw/road_damage/India/India/train/images/India_001392.jpg,RDD2022,India,train
India_001400.jpg,1,Alligator Crack,Alligator Crack,0.034440586419753,data/raw/road_damage/India/India/train/images/India_001400.jpg,RDD2022,India,train
India_001401.jpg,4,Alligator Crack|Pothole,Pothole,0.1189506172839506,data/raw/road_damage/India/India/train/images/India_001401.jpg,RDD2022,India,train
India_001402.jpg,1,Alligator Crack,Alligator Crack,0.202974537037037,data/raw/road_damage/India/India/train/images/India_001402.jpg,RDD2022,India,train
India_001407.jpg,2,Alligator Crack|Pothole,Pothole,0.0724729938271604,data/raw/road_damage/India/India/train/images/India_001407.jpg,RDD2022,India,train
India_001409.jpg,1,Alligator Crack,Alligator Crack,0.0836361882716049,data/raw/road_damage/India/India/train/images/India_001409.jpg,RDD2022,India,train
India_001413.jpg,1,Longitudinal Crack,Longitudinal Crack,0.0084259259259259,data/raw/road_damage/India/India/train/images/India_001413.jpg,RDD2022,India,train
India_001415.jpg,3,Alligator Crack|Longitudinal Crack,Longitudinal Crack,0.1224421296296296,data/raw/road_damage/India/India/train/images/India_001415.jpg,RDD2022,India,train
India_001418.jpg,2,Alligator Crack|Pothole,Alligator Crack,0.1758140432098765,data/raw/road_damage/India/India/train/images/India_001418.jpg,RDD2022,India,train
India_001419.jpg,3,Alligator Crack|Longitudinal Crack|Pothole,Longitudinal Crack,0.0979166666666666,data/raw/road_damage/India/India/train/images/India_001419.jpg,RDD2022,India,train
India_001420.jpg,1,Alligator Crack,Alligator Crack,0.1478645833333333,data/raw/road_damage/India/India/train/images/India_001420.jpg,RDD2022,India,train
India_001421.jpg,1,Longitudinal Crack,Longitudinal Crack,0.1902777777777777,data/raw/road_damage/India/India/train/images/India_001421.jpg,RDD2022,India,train
India_001422.jpg,3,Pothole,Pothole,0.0697839506172839,data/raw/road_damage/India/India/train/images/India_001422.jpg,RDD2022,India,train
India_001424.jpg,1,Pothole,Pothole,0.0377507716049382,data/raw/road_damage/India/India/train/images/India_001424.jpg,RDD2022,India,train
India_001432.jpg,1,Alligator Crack,Alligator Crack,0.2423842592592592,data/raw/road_damage/India/India/train/images/India_001432.jpg,RDD2022,India,train
India_001439.jpg,4,Longitudinal Crack,Longitudinal Crack,0.0554976851851851,data/raw/road_damage/India/India/train/images/India_001439.jpg,RDD2022,India,train
India_001441.jpg,1,Pothole,Pothole,0.1247685185185185,data/raw/road_damage/India/India/train/images/India_001441.jpg,RDD2022,India,train
India_001443.jpg,2,Longitudinal Crack|Pothole,Pothole,0.0497087191358024,data/raw/road_damage/India/India/train/images/India_001443.jpg,RDD2022,India,train
India_001446.jpg,1,Alligator Crack,Alligator Crack,0.1186111111111111,data/raw/road_damage/India/India/train/images/India_001446.jpg,RDD2022,India,train
India_001449.jpg,1,Alligator Crack,Alligator Crack,0.0603047839506172,data/raw/road_damage/India/India/train/images/India_001449.jpg,RDD2022,India,train
India_001450.jpg,2,Alligator Crack|Longitudinal Crack,Alligator Crack,0.0634645061728395,data/raw/road_damage/India/India/train/images/India_001450.jpg,RDD2022,India,train
India_001453.jpg,1,Pothole,Pothole,0.0037326388888888,data/raw/road_damage/India/India/train/images/India_001453.jpg,RDD2022,India,train
India_001456.jpg,2,Alligator Crack|Pothole,Pothole,0.109230324074074,data/raw/road_damage/India/India/train/images/India_001456.jpg,RDD2022,India,train
India_001458.jpg,1,Alligator Crack,Alligator Crack,0.2078684413580246,data/raw/road_damage/India/India/train/images/India_001458.jpg,RDD2022,India,train
India_001465.jpg,3,Pothole,Pothole,0.0326195987654321,data/raw/road_damage/India/India/train/images/India_001465.jpg,RDD2022,India,train
India_001466.jpg,2,Pothole,Pothole,0.153125,data/raw/road_damage/India/India/train/images/India_001466.jpg,RDD2022,India,train
India_001475.jpg,1,Pothole,Pothole,0.0114814814814814,data/raw/road_damage/India/India/train/images/India_001475.jpg,RDD2022,India,train
India_001478.jpg,3,Longitudinal Crack,Longitudinal Crack,0.017253086419753,data/raw/road_damage/India/India/train/images/India_001478.jpg,RDD2022,India,train
India_001480.jpg,1,Pothole,Pothole,0.0813560956790123,data/raw/road_damage/India/India/train/images/India_001480.jpg,RDD2022,India,train
India_001481.jpg,3,Alligator Crack|Longitudinal Crack,Alligator Crack,0.1805652006172839,data/raw/road_damage/India/India/train/images/India_001481.jpg,RDD2022,India,train
India_001485.jpg,4,Alligator Crack|Pothole,Pothole,0.0376736111111111,data/raw/road_damage/India/India/train/images/India_001485.jpg,RDD2022,India,train
India_001489.jpg,1,Pothole,Pothole,0.0120023148148148,data/raw/road_damage/India/India/train/images/India_001489.jpg,RDD2022,India,train
India_001491.jpg,2,Pothole,Pothole,0.0192978395061728,data/raw/road_damage/India/India/train/images/India_001491.jpg,RDD2022,India,train
India_001493.jpg,2,Pothole,Pothole,0.0061574074074074,data/raw/road_damage/India/India/train/images/India_001493.jpg,RDD2022,India,train
India_001494.jpg,5,Alligator Crack|Longitudinal Crack|Pothole,Pothole,0.0802469135802469,data/raw/road_damage/India/India/train/images/India_001494.jpg,RDD2022,India,train
India_001495.jpg,3,Alligator Crack|Longitudinal Crack|Transverse Crack,Longitudinal Crack,0.0546875,data/raw/road_damage/India/India/train/images/India_001495.jpg,RDD2022,India,train
India_001496.jpg,3,Longitudinal Crack,Longitudinal Crack,0.0551234567901234,data/raw/road_damage/India/India/train/images/India_001496.jpg,RDD2022,India,train
India_001498.jpg,1,Longitudinal Crack,Longitudinal Crack,0.0234259259259259,data/raw/road_damage/India/India/train/images/India_001498.jpg,RDD2022,India,train
India_001502.jpg,1,Alligator Crack,Alligator Crack,0.2052064043209876,data/raw/road_damage/India/India/train/images/India_001502.jpg,RDD2022,India,train
India_001503.jpg,4,Alligator Crack|Longitudinal Crack|Pothole,Pothole,0.0827546296296296,data/raw/road_damage/India/India/train/images/India_001503.jpg,RDD2022,India,train
India_001507.jpg,2,Pothole,Pothole,0.1557175925925926,data/raw/road_damage/India/India/train/images/India_001507.jpg,RDD2022,India,train
India_001516.jpg,2,Pothole,Pothole,0.0289429012345679,data/raw/road_damage/India/India/train/images/India_001516.jpg,RDD2022,India,train
India_001517.jpg,1,Longitudinal Crack,Longitudinal Crack,0.1186111111111111,data/raw/road_damage/India/India/train/images/India_001517.jpg,RDD2022,India,train
India_001524.jpg,1,Pothole,Pothole,0.1086612654320987,data/raw/road_damage/India/India/train/images/India_001524.jpg,RDD2022,India,train
India_001526.jpg,2,Alligator Crack|Pothole,Alligator Crack,0.0656018518518518,data/raw/road_damage/India/India/train/images/India_001526.jpg,RDD2022,India,train
India_001527.jpg,2,Alligator Crack|Pothole,Alligator Crack,0.1536265432098765,data/raw/road_damage/India/India/train/images/India_001527.jpg,RDD2022,India,train
India_001528.jpg,3,Pothole,Pothole,0.0072222222222222,data/raw/road_damage/India/India/train/images/India_001528.jpg,RDD2022,India,train
India_001531.jpg,3,Alligator Crack|Longitudinal Crack,Longitudinal Crack,0.0901215277777777,data/raw/road_damage/India/India/train/images/India_001531.jpg,RDD2022,India,train
India_001534.jpg,2,Pothole,Pothole,0.1635069444444444,data/raw/road_damage/India/India/train/images/India_001534.jpg,RDD2022,India,train
India_001537.jpg,1,Longitudinal Crack,Longitudinal Crack,0.0395833333333333,data/raw/road_damage/India/India/train/images/India_001537.jpg,RDD2022,India,train
India_001541.jpg,2,Alligator Crack|Longitudinal Crack,Longitudinal Crack,0.0649189814814814,data/raw/road_damage/India/India/train/images/India_001541.jpg,RDD2022,India,train
India_001550.jpg,9,Longitudinal Crack|Pothole,Pothole,0.0357445987654321,data/raw/road_damage/India/India/train/images/India_001550.jpg,RDD2022,India,train
India_001551.jpg,3,Alligator Crack|Pothole,Pothole,0.1511863425925926,data/raw/road_damage/India/India/train/images/India_001551.jpg,RDD2022,India,train
India_001552.jpg,6,Alligator Crack|Pothole,Pothole,0.0055092592592592,data/raw/road_damage/India/India/train/images/India_001552.jpg,RDD2022,India,train
India_001553.jpg,1,Pothole,Pothole,0.006099537037037,data/raw/road_damage/India/India/train/images/India_001553.jpg,RDD2022,India,train
India_001558.jpg,1,Longitudinal Crack,Longitudinal Crack,0.0024074074074074,data/raw/road_damage/India/India/train/images/India_001558.jpg,RDD2022,India,train
India_001560.jpg,1,Alligator Crack,Alligator Crack,0.0605709876543209,data/raw/road_damage/India/India/train/images/India_001560.jpg,RDD2022,India,train
India_001561.jpg,3,Alligator Crack|Pothole,Pothole,0.0458140432098765,data/raw/road_damage/India/India/train/images/India_001561.jpg,RDD2022,India,train
India_001563.jpg,1,Alligator Crack,Alligator Crack,0.0649305555555555,data/raw/road_damage/India/India/train/images/India_001563.jpg,RDD2022,India,train
India_001566.jpg,6,Alligator Crack|Longitudinal Crack|Pothole|Transverse Crack,Pothole,0.1119791666666666,data/raw/road_damage/India/India/train/images/India_001566.jpg,RDD2022,India,train
India_001567.jpg,1,Alligator Crack,Alligator Crack,0.0706597222222222,data/raw/road_damage/India/India/train/images/India_001567.jpg,RDD2022,India,train
India_001574.jpg,1,Alligator Crack,Alligator Crack,0.1441628086419753,data/raw/road_damage/India/India/train/images/India_001574.jpg,RDD2022,India,train
India_001575.jpg,1,Pothole,Pothole,0.158125,data/raw/road_damage/India/India/train/images/India_001575.jpg,RDD2022,India,train
India_001578.jpg,1,Pothole,Pothole,0.0289236111111111,data/raw/road_damage/India/India/train/images/India_001578.jpg,RDD2022,India,train
India_001580.jpg,1,Pothole,Pothole,0.0088541666666666,data/raw/road_damage/India/India/train/images/India_001580.jpg,RDD2022,India,train
India_001585.jpg,3,Alligator Crack|Pothole,Pothole,0.0306442901234567,data/raw/road_damage/India/India/train/images/India_001585.jpg,RDD2022,India,train
India_001588.jpg,7,Longitudinal Crack|Pothole,Pothole,0.08125,data/raw/road_damage/India/India/train/images/India_001588.jpg,RDD2022,India,train
India_001590.jpg,2,Alligator Crack|Longitudinal Crack,Longitudinal Crack,0.2026427469135802,data/raw/road_damage/India/India/train/images/India_001590.jpg,RDD2022,India,train
India_001594.jpg,1,Alligator Crack,Alligator Crack,0.0511574074074074,data/raw/road_damage/India/India/train/images/India_001594.jpg,RDD2022,India,train
India_001596.jpg,9,Alligator Crack|Longitudinal Crack|Pothole,Pothole,0.2407407407407407,data/raw/road_damage/India/India/train/images/India_001596.jpg,RDD2022,India,train
India_001599.jpg,1,Alligator Crack,Alligator Crack,0.2259201388888889,data/raw/road_damage/India/India/train/images/India_001599.jpg,RDD2022,India,train
India_001604.jpg,5,Alligator Crack|Longitudinal Crack|Pothole,Alligator Crack,0.0714891975308642,data/raw/road_damage/India/India/train/images/India_001604.jpg,RDD2022,India,train
India_001605.jpg,2,Longitudinal Crack|Pothole,Longitudinal Crack,0.1293306327160494,data/raw/road_damage/India/India/train/images/India_001605.jpg,RDD2022,India,train
India_001611.jpg,1,Alligator Crack,Alligator Crack,0.2556597222222222,data/raw/road_damage/India/India/train/images/India_001611.jpg,RDD2022,India,train
India_001620.jpg,2,Pothole,Pothole,0.180324074074074,data/raw/road_damage/India/India/train/images/India_001620.jpg,RDD2022,India,train
India_001623.jpg,1,Alligator Crack,Alligator Crack,0.0248842592592592,data/raw/road_damage/India/India/train/images/India_001623.jpg,RDD2022,India,train
India_001625.jpg,2,Pothole,Pothole,0.007193287037037,data/raw/road_damage/India/India/train/images/India_001625.jpg,RDD2022,India,train
India_001626.jpg,1,Alligator Crack,Alligator Crack,0.1815625,data/raw/road_damage/India/India/train/images/India_001626.jpg,RDD2022,India,train
India_001627.jpg,2,Longitudinal Crack,Longitudinal Crack,0.0095486111111111,data/raw/road_damage/India/India/train/images/India_001627.jpg,RDD2022,India,train
India_001630.jpg,2,Alligator Crack|Longitudinal Crack,Alligator Crack,0.2469907407407407,data/raw/road_damage/India/India/train/images/India_001630.jpg,RDD2022,India,train
India_001635.jpg,1,Alligator Crack,Alligator Crack,0.0914814814814814,data/raw/road_damage/India/India/train/images/India_001635.jpg,RDD2022,India,train
India_001636.jpg,1,Longitudinal Crack,Longitudinal Crack,0.0160590277777777,data/raw/road_damage/India/India/train/images/India_001636.jpg,RDD2022,India,train
India_001640.jpg,3,Pothole,Pothole,0.0594328703703703,data/raw/road_damage/India/India/train/images/India_001640.jpg,RDD2022,India,train
India_001648.jpg,3,Alligator Crack|Pothole,Pothole,0.3958333333333333,data/raw/road_damage/India/India/train/images/India_001648.jpg,RDD2022,India,train
India_001649.jpg,2,Pothole,Pothole,0.0370023148148148,data/raw/road_damage/India/India/train/images/India_001649.jpg,RDD2022,India,train
India_001655.jpg,2,Alligator Crack,Alligator Crack,0.0794251543209876,data/raw/road_damage/India/India/train/images/India_001655.jpg,RDD2022,India,train
India_001657.jpg,2,Alligator Crack|Longitudinal Crack,Alligator Crack,0.0977237654320987,data/raw/road_damage/India/India/train/images/India_001657.jpg,RDD2022,India,train
India_001659.jpg,2,Alligator Crack|Longitudinal Crack,Alligator Crack,0.2277777777777777,data/raw/road_damage/India/India/train/images/India_001659.jpg,RDD2022,India,train
India_001660.jpg,1,Alligator Crack,Alligator Crack,0.0369483024691358,data/raw/road_damage/India/India/train/images/India_001660.jpg,RDD2022,India,train
India_001666.jpg,1,Alligator Crack,Alligator Crack,0.2420138888888889,data/raw/road_damage/India/India/train/images/India_001666.jpg,RDD2022,India,train
India_001668.jpg,1,Alligator Crack,Alligator Crack,0.2322222222222222,data/raw/road_damage/India/India/train/images/India_001668.jpg,RDD2022,India,train
India_001669.jpg,1,Alligator Crack,Alligator Crack,0.0281751543209876,data/raw/road_damage/India/India/train/images/India_001669.jpg,RDD2022,India,train
India_001673.jpg,2,Alligator Crack|Pothole,Pothole,0.0662037037037037,data/raw/road_damage/India/India/train/images/India_001673.jpg,RDD2022,India,train
India_001679.jpg,3,Alligator Crack,Alligator Crack,0.0246604938271604,data/raw/road_damage/India/India/train/images/India_001679.jpg,RDD2022,India,train
India_001680.jpg,2,Alligator Crack|Pothole,Alligator Crack,0.2085262345679012,data/raw/road_damage/India/India/train/images/India_001680.jpg,RDD2022,India,train
India_001682.jpg,1,Alligator Crack,Alligator Crack,0.1066203703703703,data/raw/road_damage/India/India/train/images/India_001682.jpg,RDD2022,India,train
India_001684.jpg,2,Pothole,Pothole,0.0077064043209876,data/raw/road_damage/India/India/train/images/India_001684.jpg,RDD2022,India,train
India_001687.jpg,6,Alligator Crack|Pothole,Pothole,0.1741666666666666,data/raw/road_damage/India/India/train/images/India_001687.jpg,RDD2022,India,train
India_001689.jpg,2,Pothole,Pothole,0.110738811728395,data/raw/road_damage/India/India/train/images/India_001689.jpg,RDD2022,India,train
India_001690.jpg,1,Pothole,Pothole,0.033653549382716,data/raw/road_damage/India/India/train/images/India_001690.jpg,RDD2022,India,train
India_001692.jpg,2,Alligator Crack|Pothole,Pothole,0.0417592592592592,data/raw/road_damage/India/India/train/images/India_001692.jpg,RDD2022,India,train
India_001693.jpg,2,Alligator Crack|Longitudinal Crack,Alligator Crack,0.1077739197530864,data/raw/road_damage/India/India/train/images/India_001693.jpg,RDD2022,India,train
India_001695.jpg,3,Alligator Crack|Pothole,Pothole,0.2133275462962963,data/raw/road_damage/India/India/train/images/India_001695.jpg,RDD2022,India,train
India_001697.jpg,2,Alligator Crack|Pothole,Alligator Crack,0.0206057098765432,data/raw/road_damage/India/India/train/images/India_001697.jpg,RDD2022,India,train
India_001702.jpg,1,Alligator Crack,Alligator Crack,0.1855131172839506,data/raw/road_damage/India/India/train/images/India_001702.jpg,RDD2022,India,train
India_001704.jpg,6,Pothole,Pothole,0.1898090277777777,data/raw/road_damage/India/India/train/images/India_001704.jpg,RDD2022,India,train
India_001708.jpg,2,Pothole,Pothole,0.2484375,data/raw/road_damage/India/India/train/images/India_001708.jpg,RDD2022,India,train
India_001709.jpg,1,Alligator Crack,Alligator Crack,0.0761111111111111,data/raw/road_damage/India/India/train/images/India_001709.jpg,RDD2022,India,train
India_001715.jpg,1,Alligator Crack,Alligator Crack,0.1109143518518518,data/raw/road_damage/India/India/train/images/India_001715.jpg,RDD2022,India,train
India_001716.jpg,1,Longitudinal Crack,Longitudinal Crack,0.0486111111111111,data/raw/road_damage/India/India/train/images/India_001716.jpg,RDD2022,India,train
India_001717.jpg,2,Pothole,Pothole,0.0408179012345679,data/raw/road_damage/India/India/train/images/India_001717.jpg,RDD2022,India,train
India_001722.jpg,10,Alligator Crack|Longitudinal Crack|Pothole,Pothole,0.0451253858024691,data/raw/road_damage/India/India/train/images/India_001722.jpg,RDD2022,India,train
India_001723.jpg,1,Longitudinal Crack,Longitudinal Crack,0.0194560185185185,data/raw/road_damage/India/India/train/images/India_001723.jpg,RDD2022,India,train
India_001733.jpg,1,Alligator Crack,Alligator Crack,0.0344444444444444,data/raw/road_damage/India/India/train/images/India_001733.jpg,RDD2022,India,train
India_001734.jpg,1,Alligator Crack,Alligator Crack,0.1954706790123457,data/raw/road_damage/India/India/train/images/India_001734.jpg,RDD2022,India,train
India_001736.jpg,6,Alligator Crack|Longitudinal Crack|Pothole,Pothole,0.1367515432098765,data/raw/road_damage/India/India/train/images/India_001736.jpg,RDD2022,India,train
India_001737.jpg,3,Longitudinal Crack|Pothole,Pothole,0.0145987654320987,data/raw/road_damage/India/India/train/images/India_001737.jpg,RDD2022,India,train
India_001739.jpg,1,Longitudinal Crack,Longitudinal Crack,0.0153915895061728,data/raw/road_damage/India/India/train/images/India_001739.jpg,RDD2022,India,train
India_001744.jpg,4,Pothole,Pothole,0.003125,data/raw/road_damage/India/India/train/images/India_001744.jpg,RDD2022,India,train
India_001746.jpg,1,Longitudinal Crack,Longitudinal Crack,0.0111786265432098,data/raw/road_damage/India/India/train/images/India_001746.jpg,RDD2022,India,train
India_001747.jpg,1,Longitudinal Crack,Longitudinal Crack,0.0020524691358024,data/raw/road_damage/India/India/train/images/India_001747.jpg,RDD2022,India,train
India_001751.jpg,2,Alligator Crack|Longitudinal Crack,Longitudinal Crack,0.1064776234567901,data/raw/road_damage/India/India/train/images/India_001751.jpg,RDD2022,India,train
India_001755.jpg,1,Longitudinal Crack,Longitudinal Crack,0.006153549382716,data/raw/road_damage/India/India/train/images/India_001755.jpg,RDD2022,India,train
India_001757.jpg,2,Alligator Crack|Pothole,Alligator Crack,0.0922395833333333,data/raw/road_damage/India/India/train/images/India_001757.jpg,RDD2022,India,train
India_001759.jpg,1,Pothole,Pothole,0.0056809413580246,data/raw/road_damage/India/India/train/images/India_001759.jpg,RDD2022,India,train
India_001765.jpg,2,Alligator Crack,Alligator Crack,0.113912037037037,data/raw/road_damage/India/India/train/images/India_001765.jpg,RDD2022,India,train
India_001767.jpg,1,Pothole,Pothole,0.0560262345679012,data/raw/road_damage/India/India/train/images/India_001767.jpg,RDD2022,India,train
India_001773.jpg,1,Alligator Crack,Alligator Crack,0.229957561728395,data/raw/road_damage/India/India/train/images/India_001773.jpg,RDD2022,India,train
India_001776.jpg,1,Alligator Crack,Alligator Crack,0.4882233796296296,data/raw/road_damage/India/India/train/images/India_001776.jpg,RDD2022,India,train
India_001779.jpg,4,Longitudinal Crack|Pothole,Longitudinal Crack,0.0266242283950617,data/raw/road_damage/India/India/train/images/India_001779.jpg,RDD2022,India,train
India_001782.jpg,1,Transverse Crack,Transverse Crack,0.0188020833333333,data/raw/road_damage/India/India/train/images/India_001782.jpg,RDD2022,India,train
India_001783.jpg,3,Pothole,Pothole,0.011988811728395,data/raw/road_damage/India/India/train/images/India_001783.jpg,RDD2022,India,train
India_001786.jpg,1,Pothole,Pothole,0.0406635802469135,data/raw/road_damage/India/India/train/images/India_001786.jpg,RDD2022,India,train
India_001787.jpg,2,Alligator Crack|Pothole,Alligator Crack,0.0367476851851851,data/raw/road_damage/India/India/train/images/India_001787.jpg,RDD2022,India,train
India_001789.jpg,1,Alligator Crack,Alligator Crack,0.071730324074074,data/raw/road_damage/India/India/train/images/India_001789.jpg,RDD2022,India,train
India_001798.jpg,1,Pothole,Pothole,0.0092361111111111,data/raw/road_damage/India/India/train/images/India_001798.jpg,RDD2022,India,train
India_001803.jpg,1,Longitudinal Crack,Longitudinal Crack,0.0078125,data/raw/road_damage/India/India/train/images/India_001803.jpg,RDD2022,India,train
India_001808.jpg,3,Longitudinal Crack|Pothole,Pothole,0.0123842592592592,data/raw/road_damage/India/India/train/images/India_001808.jpg,RDD2022,India,train
India_001809.jpg,1,Pothole,Pothole,0.1251388888888888,data/raw/road_damage/India/India/train/images/India_001809.jpg,RDD2022,India,train
India_001812.jpg,5,Alligator Crack|Pothole,Pothole,0.0607986111111111,data/raw/road_damage/India/India/train/images/India_001812.jpg,RDD2022,India,train
India_001815.jpg,1,Pothole,Pothole,0.0303433641975308,data/raw/road_damage/India/India/train/images/India_001815.jpg,RDD2022,India,train
India_001817.jpg,4,Pothole,Pothole,0.1437770061728395,data/raw/road_damage/India/India/train/images/India_001817.jpg,RDD2022,India,train
India_001820.jpg,3,Pothole,Pothole,0.0157060185185185,data/raw/road_damage/India/India/train/images/India_001820.jpg,RDD2022,India,train
India_001821.jpg,4,Alligator Crack|Pothole,Pothole,0.1355034722222222,data/raw/road_damage/India/India/train/images/India_001821.jpg,RDD2022,India,train
India_001827.jpg,2,Longitudinal Crack,Longitudinal Crack,0.1114351851851851,data/raw/road_damage/India/India/train/images/India_001827.jpg,RDD2022,India,train
India_001831.jpg,2,Pothole,Pothole,0.0196604938271604,data/raw/road_damage/India/India/train/images/India_001831.jpg,RDD2022,India,train
India_001832.jpg,1,Alligator Crack,Alligator Crack,0.0879456018518518,data/raw/road_damage/India/India/train/images/India_001832.jpg,RDD2022,India,train
India_001836.jpg,3,Alligator Crack|Longitudinal Crack,Alligator Crack,0.0174459876543209,data/raw/road_damage/India/India/train/images/India_001836.jpg,RDD2022,India,train
India_001837.jpg,2,Alligator Crack|Longitudinal Crack,Alligator Crack,0.0802083333333333,data/raw/road_damage/India/India/train/images/India_001837.jpg,RDD2022,India,train
India_001842.jpg,2,Longitudinal Crack|Pothole,Longitudinal Crack,0.0022627314814814,data/raw/road_damage/India/India/train/images/India_001842.jpg,RDD2022,India,train
India_001844.jpg,2,Alligator Crack|Longitudinal Crack,Alligator Crack,0.1859567901234567,data/raw/road_damage/India/India/train/images/India_001844.jpg,RDD2022,India,train
India_001852.jpg,10,Pothole,Pothole,0.0374807098765432,data/raw/road_damage/India/India/train/images/India_001852.jpg,RDD2022,India,train
India_001853.jpg,1,Longitudinal Crack,Longitudinal Crack,0.0073842592592592,data/raw/road_damage/India/India/train/images/India_001853.jpg,RDD2022,India,train
India_001854.jpg,4,Pothole,Pothole,0.09125,data/raw/road_damage/India/India/train/images/India_001854.jpg,RDD2022,India,train
India_001856.jpg,1,Longitudinal Crack,Longitudinal Crack,0.0279648919753086,data/raw/road_damage/India/India/train/images/India_001856.jpg,RDD2022,India,train
India_001863.jpg,1,Longitudinal Crack,Longitudinal Crack,0.0376369598765432,data/raw/road_damage/India/India/train/images/India_001863.jpg,RDD2022,India,train
India_001865.jpg,5,Alligator Crack|Longitudinal Crack|Pothole,Alligator Crack,0.0196084104938271,data/raw/road_damage/India/India/train/images/India_001865.jpg,RDD2022,India,train
India_001866.jpg,2,Pothole,Pothole,0.0147858796296296,data/raw/road_damage/India/India/train/images/India_001866.jpg,RDD2022,India,train
India_001872.jpg,1,Pothole,Pothole,0.014909336419753,data/raw/road_damage/India/India/train/images/India_001872.jpg,RDD2022,India,train
India_001877.jpg,3,Alligator Crack|Pothole,Pothole,0.1041203703703703,data/raw/road_damage/India/India/train/images/India_001877.jpg,RDD2022,India,train
India_001881.jpg,1,Alligator Crack,Alligator Crack,0.1725964506172839,data/raw/road_damage/India/India/train/images/India_001881.jpg,RDD2022,India,train
India_001884.jpg,1,Alligator Crack,Alligator Crack,0.0418595679012345,data/raw/road_damage/India/India/train/images/India_001884.jpg,RDD2022,India,train
India_001887.jpg,2,Alligator Crack|Pothole,Pothole,0.2079340277777777,data/raw/road_damage/India/India/train/images/India_001887.jpg,RDD2022,India,train
India_001888.jpg,7,Alligator Crack|Longitudinal Crack|Pothole,Pothole,0.118125,data/raw/road_damage/India/India/train/images/India_001888.jpg,RDD2022,India,train
India_001890.jpg,3,Alligator Crack|Pothole,Alligator Crack,0.1637384259259259,data/raw/road_damage/India/India/train/images/India_001890.jpg,RDD2022,India,train
India_001900.jpg,2,Longitudinal Crack|Pothole,Longitudinal Crack,0.0591435185185185,data/raw/road_damage/India/India/train/images/India_001900.jpg,RDD2022,India,train
India_001902.jpg,5,Pothole,Pothole,0.0267361111111111,data/raw/road_damage/India/India/train/images/India_001902.jpg,RDD2022,India,train
India_001903.jpg,1,Pothole,Pothole,0.119753086419753,data/raw/road_damage/India/India/train/images/India_001903.jpg,RDD2022,India,train
India_001904.jpg,2,Pothole,Pothole,0.1014351851851851,data/raw/road_damage/India/India/train/images/India_001904.jpg,RDD2022,India,train
India_001906.jpg,3,Longitudinal Crack|Pothole,Pothole,0.0258391203703703,data/raw/road_damage/India/India/train/images/India_001906.jpg,RDD2022,India,train
India_001907.jpg,2,Alligator Crack|Pothole,Alligator Crack,0.0914969135802469,data/raw/road_damage/India/India/train/images/India_001907.jpg,RDD2022,India,train
India_001908.jpg,1,Pothole,Pothole,0.017824074074074,data/raw/road_damage/India/India/train/images/India_001908.jpg,RDD2022,India,train
India_001913.jpg,2,Alligator Crack|Longitudinal Crack,Longitudinal Crack,0.1180439814814814,data/raw/road_damage/India/India/train/images/India_001913.jpg,RDD2022,India,train
India_001914.jpg,1,Longitudinal Crack,Longitudinal Crack,0.0029648919753086,data/raw/road_damage/India/India/train/images/India_001914.jpg,RDD2022,India,train
India_001923.jpg,1,Pothole,Pothole,0.0055169753086419,data/raw/road_damage/India/India/train/images/India_001923.jpg,RDD2022,India,train
India_001925.jpg,2,Pothole,Pothole,0.0090663580246913,data/raw/road_damage/India/India/train/images/India_001925.jpg,RDD2022,India,train
India_001932.jpg,4,Alligator Crack|Pothole,Pothole,0.2925,data/raw/road_damage/India/India/train/images/India_001932.jpg,RDD2022,India,train
India_001935.jpg,2,Alligator Crack|Transverse Crack,Alligator Crack,0.1205324074074074,data/raw/road_damage/India/India/train/images/India_001935.jpg,RDD2022,India,train
India_001939.jpg,2,Pothole,Pothole,0.0344849537037037,data/raw/road_damage/India/India/train/images/India_001939.jpg,RDD2022,India,train
India_001949.jpg,3,Alligator Crack|Longitudinal Crack,Longitudinal Crack,0.0602951388888888,data/raw/road_damage/India/India/train/images/India_001949.jpg,RDD2022,India,train
India_001954.jpg,1,Alligator Crack,Alligator Crack,0.0780246913580246,data/raw/road_damage/India/India/train/images/India_001954.jpg,RDD2022,India,train
India_001957.jpg,1,Alligator Crack,Alligator Crack,0.0725308641975308,data/raw/road_damage/India/India/train/images/India_001957.jpg,RDD2022,India,train
India_001958.jpg,1,Alligator Crack,Alligator Crack,0.0335416666666666,data/raw/road_damage/India/India/train/images/India_001958.jpg,RDD2022,India,train
India_001963.jpg,1,Longitudinal Crack,Longitudinal Crack,0.0015798611111111,data/raw/road_damage/India/India/train/images/India_001963.jpg,RDD2022,India,train
India_001966.jpg,2,Alligator Crack|Longitudinal Crack,Longitudinal Crack,0.1003703703703703,data/raw/road_damage/India/India/train/images/India_001966.jpg,RDD2022,India,train
India_001967.jpg,2,Alligator Crack|Pothole,Pothole,0.0482716049382716,data/raw/road_damage/India/India/train/images/India_001967.jpg,RDD2022,India,train
India_001969.jpg,3,Longitudinal Crack|Pothole,Longitudinal Crack,0.0177006172839506,data/raw/road_damage/India/India/train/images/India_001969.jpg,RDD2022,India,train
India_001970.jpg,1,Longitudinal Crack,Longitudinal Crack,0.0086574074074074,data/raw/road_damage/India/India/train/images/India_001970.jpg,RDD2022,India,train
India_001974.jpg,1,Longitudinal Crack,Longitudinal Crack,0.0576311728395061,data/raw/road_damage/India/India/train/images/India_001974.jpg,RDD2022,India,train
India_001977.jpg,3,Alligator Crack|Pothole,Pothole,0.07578125,data/raw/road_damage/India/India/train/images/India_001977.jpg,RDD2022,India,train
India_001982.jpg,1,Alligator Crack,Alligator Crack,0.1425925925925926,data/raw/road_damage/India/India/train/images/India_001982.jpg,RDD2022,India,train
India_001983.jpg,2,Pothole,Pothole,0.1605324074074074,data/raw/road_damage/India/India/train/images/India_001983.jpg,RDD2022,India,train
India_001984.jpg,2,Alligator Crack|Pothole,Pothole,0.1942283950617284,data/raw/road_damage/India/India/train/images/India_001984.jpg,RDD2022,India,train
India_001988.jpg,1,Alligator Crack,Alligator Crack,0.0366473765432098,data/raw/road_damage/India/India/train/images/India_001988.jpg,RDD2022,India,train
India_001989.jpg,1,Pothole,Pothole,0.0722145061728395,data/raw/road_damage/India/India/train/images/India_001989.jpg,RDD2022,India,train
India_001996.jpg,2,Pothole,Pothole,0.0247106481481481,data/raw/road_damage/India/India/train/images/India_001996.jpg,RDD2022,India,train
India_002007.jpg,3,Longitudinal Crack|Pothole,Pothole,0.0243614969135802,data/raw/road_damage/India/India/train/images/India_002007.jpg,RDD2022,India,train
India_002009.jpg,2,Alligator Crack|Longitudinal Crack,Alligator Crack,0.1395833333333333,data/raw/road_damage/India/India/train/images/India_002009.jpg,RDD2022,India,train
India_002010.jpg,2,Alligator Crack|Pothole,Alligator Crack,0.2048148148148148,data/raw/road_damage/India/India/train/images/India_002010.jpg,RDD2022,India,train
India_002011.jpg,2,Alligator Crack,Alligator Crack,0.0774209104938271,data/raw/road_damage/India/India/train/images/India_002011.jpg,RDD2022,India,train
India_002013.jpg,1,Alligator Crack,Alligator Crack,0.2325694444444444,data/raw/road_damage/India/India/train/images/India_002013.jpg,RDD2022,India,train
India_002014.jpg,3,Longitudinal Crack,Longitudinal Crack,0.0110339506172839,data/raw/road_damage/India/India/train/images/India_002014.jpg,RDD2022,India,train
India_002017.jpg,1,Alligator Crack,Alligator Crack,0.1397608024691358,data/raw/road_damage/India/India/train/images/India_002017.jpg,RDD2022,India,train
India_002020.jpg,8,Pothole,Pothole,0.0446875,data/raw/road_damage/India/India/train/images/India_002020.jpg,RDD2022,India,train
India_002022.jpg,1,Alligator Crack,Alligator Crack,0.0290162037037037,data/raw/road_damage/India/India/train/images/India_002022.jpg,RDD2022,India,train
India_002023.jpg,3,Alligator Crack|Pothole,Alligator Crack,0.0091396604938271,data/raw/road_damage/India/India/train/images/India_002023.jpg,RDD2022,India,train
India_002024.jpg,1,Alligator Crack,Alligator Crack,0.0355787037037037,data/raw/road_damage/India/India/train/images/India_002024.jpg,RDD2022,India,train
India_002025.jpg,1,Alligator Crack,Alligator Crack,0.0486979166666666,data/raw/road_damage/India/India/train/images/India_002025.jpg,RDD2022,India,train
India_002026.jpg,1,Alligator Crack,Alligator Crack,0.0629224537037037,data/raw/road_damage/India/India/train/images/India_002026.jpg,RDD2022,India,train
India_002030.jpg,1,Alligator Crack,Alligator Crack,0.3323765432098765,data/raw/road_damage/India/India/train/images/India_002030.jpg,RDD2022,India,train
India_002031.jpg,2,Alligator Crack,Alligator Crack,0.1069444444444444,data/raw/road_damage/India/India/train/images/India_002031.jpg,RDD2022,India,train
India_002034.jpg,1,Longitudinal Crack,Longitudinal Crack,0.0174016203703703,data/raw/road_damage/India/India/train/images/India_002034.jpg,RDD2022,India,train
India_002046.jpg,2,Alligator Crack,Alligator Crack,0.0659645061728395,data/raw/road_damage/India/India/train/images/India_002046.jpg,RDD2022,India,train
India_002047.jpg,2,Alligator Crack|Pothole,Pothole,0.1689506172839506,data/raw/road_damage/India/India/train/images/India_002047.jpg,RDD2022,India,train
India_002048.jpg,1,Pothole,Pothole,0.1612654320987654,data/raw/road_damage/India/India/train/images/India_002048.jpg,RDD2022,India,train
India_002049.jpg,2,Alligator Crack|Pothole,Pothole,0.1434027777777777,data/raw/road_damage/India/India/train/images/India_002049.jpg,RDD2022,India,train
India_002051.jpg,3,Alligator Crack|Longitudinal Crack,Alligator Crack,0.0529591049382716,data/raw/road_damage/India/India/train/images/India_002051.jpg,RDD2022,India,train
India_002052.jpg,1,Pothole,Pothole,0.0362692901234567,data/raw/road_damage/India/India/train/images/India_002052.jpg,RDD2022,India,train
India_002061.jpg,3,Longitudinal Crack,Longitudinal Crack,0.0140277777777777,data/raw/road_damage/India/India/train/images/India_002061.jpg,RDD2022,India,train
India_002063.jpg,1,Pothole,Pothole,0.0636805555555555,data/raw/road_damage/India/India/train/images/India_002063.jpg,RDD2022,India,train
India_002064.jpg,4,Pothole,Pothole,0.014074074074074,data/raw/road_damage/India/India/train/images/India_002064.jpg,RDD2022,India,train
India_002065.jpg,1,Alligator Crack,Alligator Crack,0.102932098765432,data/raw/road_damage/India/India/train/images/India_002065.jpg,RDD2022,India,train
India_002066.jpg,1,Pothole,Pothole,0.0603472222222222,data/raw/road_damage/India/India/train/images/India_002066.jpg,RDD2022,India,train
India_002067.jpg,1,Alligator Crack,Alligator Crack,0.2602932098765432,data/raw/road_damage/India/India/train/images/India_002067.jpg,RDD2022,India,train
India_002068.jpg,1,Alligator Crack,Alligator Crack,0.2557542438271605,data/raw/road_damage/India/India/train/images/India_002068.jpg,RDD2022,India,train
India_002069.jpg,3,Alligator Crack|Pothole,Alligator Crack,0.0196759259259259,data/raw/road_damage/India/India/train/images/India_002069.jpg,RDD2022,India,train
India_002070.jpg,3,Alligator Crack|Pothole,Pothole,0.055787037037037,data/raw/road_damage/India/India/train/images/India_002070.jpg,RDD2022,India,train
India_002074.jpg,2,Pothole,Pothole,0.0437982253086419,data/raw/road_damage/India/India/train/images/India_002074.jpg,RDD2022,India,train
India_002079.jpg,2,Longitudinal Crack|Pothole,Longitudinal Crack,0.0468287037037037,data/raw/road_damage/India/India/train/images/India_002079.jpg,RDD2022,India,train
India_002082.jpg,3,Alligator Crack|Pothole,Pothole,0.1304494598765432,data/raw/road_damage/India/India/train/images/India_002082.jpg,RDD2022,India,train
India_002084.jpg,2,Longitudinal Crack,Longitudinal Crack,0.0706635802469135,data/raw/road_damage/India/India/train/images/India_002084.jpg,RDD2022,India,train
India_002085.jpg,1,Pothole,Pothole,0.0071296296296296,data/raw/road_damage/India/India/train/images/India_002085.jpg,RDD2022,India,train
India_002087.jpg,4,Longitudinal Crack|Pothole,Pothole,0.0671103395061728,data/raw/road_damage/India/India/train/images/India_002087.jpg,RDD2022,India,train
India_002089.jpg,3,Alligator Crack|Pothole,Pothole,0.0816820987654321,data/raw/road_damage/India/India/train/images/India_002089.jpg,RDD2022,India,train
India_002095.jpg,2,Alligator Crack|Pothole,Alligator Crack,0.2090277777777777,data/raw/road_damage/India/India/train/images/India_002095.jpg,RDD2022,India,train
India_002098.jpg,1,Pothole,Pothole,0.0236207561728395,data/raw/road_damage/India/India/train/images/India_002098.jpg,RDD2022,India,train
India_002099.jpg,1,Alligator Crack,Alligator Crack,0.2045138888888888,data/raw/road_damage/India/India/train/images/India_002099.jpg,RDD2022,India,train
India_002100.jpg,1,Alligator Crack,Alligator Crack,0.1974054783950617,data/raw/road_damage/India/India/train/images/India_002100.jpg,RDD2022,India,train
India_002101.jpg,1,Alligator Crack,Alligator Crack,0.0871026234567901,data/raw/road_damage/India/India/train/images/India_002101.jpg,RDD2022,India,train
India_002105.jpg,2,Alligator Crack,Alligator Crack,0.0798804012345679,data/raw/road_damage/India/India/train/images/India_002105.jpg,RDD2022,India,train
India_002106.jpg,4,Alligator Crack|Pothole,Alligator Crack,0.0557600308641975,data/raw/road_damage/India/India/train/images/India_002106.jpg,RDD2022,India,train
India_002107.jpg,2,Alligator Crack|Longitudinal Crack,Longitudinal Crack,0.2561728395061728,data/raw/road_damage/India/India/train/images/India_002107.jpg,RDD2022,India,train
India_002111.jpg,1,Longitudinal Crack,Longitudinal Crack,0.0193827160493827,data/raw/road_damage/India/India/train/images/India_002111.jpg,RDD2022,India,train
India_002112.jpg,3,Pothole,Pothole,0.0440817901234567,data/raw/road_damage/India/India/train/images/India_002112.jpg,RDD2022,India,train
India_002113.jpg,2,Alligator Crack,Alligator Crack,0.03359375,data/raw/road_damage/India/India/train/images/India_002113.jpg,RDD2022,India,train
India_002114.jpg,3,Alligator Crack|Longitudinal Crack|Pothole,Longitudinal Crack,0.2286574074074074,data/raw/road_damage/India/India/train/images/India_002114.jpg,RDD2022,India,train
India_002118.jpg,1,Pothole,Pothole,0.0025462962962962,data/raw/road_damage/India/India/train/images/India_002118.jpg,RDD2022,India,train
India_002119.jpg,2,Longitudinal Crack|Pothole,Pothole,0.0098572530864197,data/raw/road_damage/India/India/train/images/India_002119.jpg,RDD2022,India,train
India_002121.jpg,3,Longitudinal Crack|Pothole,Pothole,0.009537037037037,data/raw/road_damage/India/India/train/images/India_002121.jpg,RDD2022,India,train
India_002122.jpg,2,Pothole,Pothole,0.1620235339506172,data/raw/road_damage/India/India/train/images/India_002122.jpg,RDD2022,India,train
India_002124.jpg,5,Pothole,Pothole,0.0427488425925925,data/raw/road_damage/India/India/train/images/India_002124.jpg,RDD2022,India,train
India_002125.jpg,1,Alligator Crack,Alligator Crack,0.0641666666666666,data/raw/road_damage/India/India/train/images/India_002125.jpg,RDD2022,India,train
India_002129.jpg,1,Longitudinal Crack,Longitudinal Crack,0.034375,data/raw/road_damage/India/India/train/images/India_002129.jpg,RDD2022,India,train
India_002132.jpg,1,Longitudinal Crack,Longitudinal Crack,0.0364101080246913,data/raw/road_damage/India/India/train/images/India_002132.jpg,RDD2022,India,train
India_002133.jpg,1,Pothole,Pothole,0.0222993827160493,data/raw/road_damage/India/India/train/images/India_002133.jpg,RDD2022,India,train
India_002135.jpg,1,Pothole,Pothole,0.0348746141975308,data/raw/road_damage/India/India/train/images/India_002135.jpg,RDD2022,India,train
India_002137.jpg,3,Alligator Crack|Longitudinal Crack|Pothole,Pothole,0.1661033950617284,data/raw/road_damage/India/India/train/images/India_002137.jpg,RDD2022,India,train
India_002143.jpg,1,Longitudinal Crack,Longitudinal Crack,0.0515509259259259,data/raw/road_damage/India/India/train/images/India_002143.jpg,RDD2022,India,train
India_002148.jpg,1,Pothole,Pothole,0.0128587962962962,data/raw/road_damage/India/India/train/images/India_002148.jpg,RDD2022,India,train
India_002150.jpg,1,Longitudinal Crack,Longitudinal Crack,0.035011574074074,data/raw/road_damage/India/India/train/images/India_002150.jpg,RDD2022,India,train
India_002154.jpg,1,Pothole,Pothole,0.1090837191358024,data/raw/road_damage/India/India/train/images/India_002154.jpg,RDD2022,India,train
India_002167.jpg,2,Longitudinal Crack,Longitudinal Crack,0.0207735339506172,data/raw/road_damage/India/India/train/images/India_002167.jpg,RDD2022,India,train
India_002172.jpg,1,Alligator Crack,Alligator Crack,0.0878645833333333,data/raw/road_damage/India/India/train/images/India_002172.jpg,RDD2022,India,train
India_002173.jpg,3,Alligator Crack|Longitudinal Crack,Longitudinal Crack,0.0160493827160493,data/raw/road_damage/India/India/train/images/India_002173.jpg,RDD2022,India,train
India_002175.jpg,2,Longitudinal Crack,Longitudinal Crack,0.1299074074074074,data/raw/road_damage/India/India/train/images/India_002175.jpg,RDD2022,India,train
India_002179.jpg,1,Alligator Crack,Alligator Crack,0.0767708333333333,data/raw/road_damage/India/India/train/images/India_002179.jpg,RDD2022,India,train
India_002180.jpg,2,Transverse Crack,Transverse Crack,0.0608989197530864,data/raw/road_damage/India/India/train/images/India_002180.jpg,RDD2022,India,train
India_002184.jpg,2,Longitudinal Crack,Longitudinal Crack,0.0543499228395061,data/raw/road_damage/India/India/train/images/India_002184.jpg,RDD2022,India,train
India_002187.jpg,1,Alligator Crack,Alligator Crack,0.0500424382716049,data/raw/road_damage/India/India/train/images/India_002187.jpg,RDD2022,India,train
India_002191.jpg,1,Longitudinal Crack,Longitudinal Crack,0.0027777777777777,data/raw/road_damage/India/India/train/images/India_002191.jpg,RDD2022,India,train
India_002192.jpg,1,Alligator Crack,Alligator Crack,0.1291975308641975,data/raw/road_damage/India/India/train/images/India_002192.jpg,RDD2022,India,train
India_002194.jpg,2,Alligator Crack,Alligator Crack,0.0300675154320987,data/raw/road_damage/India/India/train/images/India_002194.jpg,RDD2022,India,train
India_002200.jpg,1,Pothole,Pothole,0.0022916666666666,data/raw/road_damage/India/India/train/images/India_002200.jpg,RDD2022,India,train
India_002201.jpg,5,Alligator Crack|Longitudinal Crack|Pothole,Alligator Crack,0.0739699074074074,data/raw/road_damage/India/India/train/images/India_002201.jpg,RDD2022,India,train
India_002206.jpg,1,Pothole,Pothole,0.0503954475308641,data/raw/road_damage/India/India/train/images/India_002206.jpg,RDD2022,India,train
India_002207.jpg,2,Alligator Crack|Pothole,Pothole,0.2616531635802469,data/raw/road_damage/India/India/train/images/India_002207.jpg,RDD2022,India,train
India_002209.jpg,1,Alligator Crack,Alligator Crack,0.0068672839506172,data/raw/road_damage/India/India/train/images/India_002209.jpg,RDD2022,India,train
India_002215.jpg,1,Alligator Crack,Alligator Crack,0.2412210648148148,data/raw/road_damage/India/India/train/images/India_002215.jpg,RDD2022,India,train
India_002216.jpg,1,Alligator Crack,Alligator Crack,0.0288078703703703,data/raw/road_damage/India/India/train/images/India_002216.jpg,RDD2022,India,train
India_002219.jpg,1,Alligator Crack,Alligator Crack,0.1824305555555555,data/raw/road_damage/India/India/train/images/India_002219.jpg,RDD2022,India,train
India_002222.jpg,5,Longitudinal Crack|Pothole,Pothole,0.0147337962962962,data/raw/road_damage/India/India/train/images/India_002222.jpg,RDD2022,India,train
India_002227.jpg,3,Pothole,Pothole,0.0726639660493827,data/raw/road_damage/India/India/train/images/India_002227.jpg,RDD2022,India,train
India_002230.jpg,3,Alligator Crack|Longitudinal Crack,Alligator Crack,0.0236979166666666,data/raw/road_damage/India/India/train/images/India_002230.jpg,RDD2022,India,train
India_002233.jpg,1,Alligator Crack,Alligator Crack,0.0665605709876543,data/raw/road_damage/India/India/train/images/India_002233.jpg,RDD2022,India,train
India_002238.jpg,1,Longitudinal Crack,Longitudinal Crack,0.026628086419753,data/raw/road_damage/India/India/train/images/India_002238.jpg,RDD2022,India,train
India_002242.jpg,1,Alligator Crack,Alligator Crack,0.0662847222222222,data/raw/road_damage/India/India/train/images/India_002242.jpg,RDD2022,India,train
India_002247.jpg,2,Alligator Crack|Pothole,Pothole,0.106983024691358,data/raw/road_damage/India/India/train/images/India_002247.jpg,RDD2022,India,train
India_002248.jpg,3,Pothole,Pothole,0.0252083333333333,data/raw/road_damage/India/India/train/images/India_002248.jpg,RDD2022,India,train
India_002249.jpg,5,Alligator Crack|Longitudinal Crack|Pothole,Pothole,0.0830169753086419,data/raw/road_damage/India/India/train/images/India_002249.jpg,RDD2022,India,train
India_002250.jpg,3,Pothole,Pothole,0.0252777777777777,data/raw/road_damage/India/India/train/images/India_002250.jpg,RDD2022,India,train
India_002253.jpg,2,Pothole,Pothole,0.147295524691358,data/raw/road_damage/India/India/train/images/India_002253.jpg,RDD2022,India,train
India_002256.jpg,3,Alligator Crack|Longitudinal Crack,Longitudinal Crack,0.2050289351851852,data/raw/road_damage/India/India/train/images/India_002256.jpg,RDD2022,India,train
India_002262.jpg,1,Alligator Crack,Alligator Crack,0.2413252314814815,data/raw/road_damage/India/India/train/images/India_002262.jpg,RDD2022,India,train
India_002279.jpg,1,Transverse Crack,Transverse Crack,0.050264274691358,data/raw/road_damage/India/India/train/images/India_002279.jpg,RDD2022,India,train
India_002281.jpg,1,Alligator Crack,Alligator Crack,0.0947067901234567,data/raw/road_damage/India/India/train/images/India_002281.jpg,RDD2022,India,train
India_002284.jpg,2,Alligator Crack,Alligator Crack,0.1290625,data/raw/road_damage/India/India/train/images/India_002284.jpg,RDD2022,India,train
India_002286.jpg,1,Alligator Crack,Alligator Crack,0.1845891203703703,data/raw/road_damage/India/India/train/images/India_002286.jpg,RDD2022,India,train
India_002290.jpg,1,Alligator Crack,Alligator Crack,0.1085648148148148,data/raw/road_damage/India/India/train/images/India_002290.jpg,RDD2022,India,train
India_002293.jpg,1,Pothole,Pothole,0.229170524691358,data/raw/road_damage/India/India/train/images/India_002293.jpg,RDD2022,India,train
India_002297.jpg,1,Longitudinal Crack,Longitudinal Crack,0.0964448302469135,data/raw/road_damage/India/India/train/images/India_002297.jpg,RDD2022,India,train
India_002299.jpg,1,Longitudinal Crack,Longitudinal Crack,0.039753086419753,data/raw/road_damage/India/India/train/images/India_002299.jpg,RDD2022,India,train
India_002301.jpg,6,Alligator Crack|Longitudinal Crack,Longitudinal Crack,0.0799479166666666,data/raw/road_damage/India/India/train/images/India_002301.jpg,RDD2022,India,train
India_002304.jpg,1,Longitudinal Crack,Longitudinal Crack,0.0061381172839506,data/raw/road_damage/India/India/train/images/India_002304.jpg,RDD2022,India,train
India_002305.jpg,3,Pothole,Pothole,0.0032465277777777,data/raw/road_damage/India/India/train/images/India_002305.jpg,RDD2022,India,train
India_002307.jpg,1,Alligator Crack,Alligator Crack,0.2121296296296296,data/raw/road_damage/India/India/train/images/India_002307.jpg,RDD2022,India,train
India_002318.jpg,3,Pothole,Pothole,0.04671875,data/raw/road_damage/India/India/train/images/India_002318.jpg,RDD2022,India,train
India_002319.jpg,2,Longitudinal Crack|Pothole,Pothole,0.0164236111111111,data/raw/road_damage/India/India/train/images/India_002319.jpg,RDD2022,India,train
India_002320.jpg,2,Longitudinal Crack,Longitudinal Crack,0.0107040895061728,data/raw/road_damage/India/India/train/images/India_002320.jpg,RDD2022,India,train
India_002321.jpg,2,Alligator Crack,Alligator Crack,0.1366203703703703,data/raw/road_damage/India/India/train/images/India_002321.jpg,RDD2022,India,train
India_002330.jpg,2,Alligator Crack|Longitudinal Crack,Longitudinal Crack,0.0896508487654321,data/raw/road_damage/India/India/train/images/India_002330.jpg,RDD2022,India,train
India_002331.jpg,2,Pothole,Pothole,0.0337268518518518,data/raw/road_damage/India/India/train/images/India_002331.jpg,RDD2022,India,train
India_002337.jpg,1,Alligator Crack,Alligator Crack,0.1867669753086419,data/raw/road_damage/India/India/train/images/India_002337.jpg,RDD2022,India,train
India_002340.jpg,1,Pothole,Pothole,0.0263888888888888,data/raw/road_damage/India/India/train/images/India_002340.jpg,RDD2022,India,train
India_002341.jpg,4,Alligator Crack|Pothole,Pothole,0.176875,data/raw/road_damage/India/India/train/images/India_002341.jpg,RDD2022,India,train
India_002342.jpg,2,Pothole,Pothole,0.0108487654320987,data/raw/road_damage/India/India/train/images/India_002342.jpg,RDD2022,India,train
India_002344.jpg,1,Alligator Crack,Alligator Crack,0.062085262345679,data/raw/road_damage/India/India/train/images/India_002344.jpg,RDD2022,India,train
India_002345.jpg,1,Pothole,Pothole,0.0320987654320987,data/raw/road_damage/India/India/train/images/India_002345.jpg,RDD2022,India,train
India_002348.jpg,2,Alligator Crack|Longitudinal Crack,Longitudinal Crack,0.1027893518518518,data/raw/road_damage/India/India/train/images/India_002348.jpg,RDD2022,India,train
India_002349.jpg,3,Alligator Crack|Longitudinal Crack,Longitudinal Crack,0.1592322530864197,data/raw/road_damage/India/India/train/images/India_002349.jpg,RDD2022,India,train
India_002352.jpg,2,Alligator Crack|Longitudinal Crack,Longitudinal Crack,0.1618171296296296,data/raw/road_damage/India/India/train/images/India_002352.jpg,RDD2022,India,train
India_002363.jpg,3,Longitudinal Crack|Pothole,Longitudinal Crack,0.039537037037037,data/raw/road_damage/India/India/train/images/India_002363.jpg,RDD2022,India,train
India_002364.jpg,1,Alligator Crack,Alligator Crack,0.1572067901234567,data/raw/road_damage/India/India/train/images/India_002364.jpg,RDD2022,India,train
India_002366.jpg,2,Alligator Crack|Longitudinal Crack,Alligator Crack,0.1910416666666666,data/raw/road_damage/India/India/train/images/India_002366.jpg,RDD2022,India,train
India_002368.jpg,1,Alligator Crack,Alligator Crack,0.1353009259259259,data/raw/road_damage/India/India/train/images/India_002368.jpg,RDD2022,India,train
India_002371.jpg,1,Pothole,Pothole,0.0142939814814814,data/raw/road_damage/India/India/train/images/India_002371.jpg,RDD2022,India,train
India_002372.jpg,1,Longitudinal Crack,Longitudinal Crack,0.0075482253086419,data/raw/road_damage/India/India/train/images/India_002372.jpg,RDD2022,India,train
India_002376.jpg,4,Pothole,Pothole,0.0371469907407407,data/raw/road_damage/India/India/train/images/India_002376.jpg,RDD2022,India,train
India_002378.jpg,1,Alligator Crack,Alligator Crack,0.1886284722222222,data/raw/road_damage/India/India/train/images/India_002378.jpg,RDD2022,India,train
India_002379.jpg,2,Alligator Crack|Longitudinal Crack,Longitudinal Crack,0.3045486111111111,data/raw/road_damage/India/India/train/images/India_002379.jpg,RDD2022,India,train
India_002385.jpg,2,Longitudinal Crack|Pothole,Longitudinal Crack,0.1523283179012345,data/raw/road_damage/India/India/train/images/India_002385.jpg,RDD2022,India,train
India_002386.jpg,2,Alligator Crack,Alligator Crack,0.0692476851851851,data/raw/road_damage/India/India/train/images/India_002386.jpg,RDD2022,India,train
India_002390.jpg,2,Pothole,Pothole,0.0028645833333333,data/raw/road_damage/India/India/train/images/India_002390.jpg,RDD2022,India,train
India_002395.jpg,3,Pothole,Pothole,0.1632716049382716,data/raw/road_damage/India/India/train/images/India_002395.jpg,RDD2022,India,train
India_002398.jpg,2,Alligator Crack|Longitudinal Crack,Alligator Crack,0.0714158950617284,data/raw/road_damage/India/India/train/images/India_002398.jpg,RDD2022,India,train
India_002400.jpg,2,Longitudinal Crack,Longitudinal Crack,0.01328125,data/raw/road_damage/India/India/train/images/India_002400.jpg,RDD2022,India,train
India_002404.jpg,8,Alligator Crack|Longitudinal Crack|Pothole|Transverse Crack,Pothole,0.0391666666666666,data/raw/road_damage/India/India/train/images/India_002404.jpg,RDD2022,India,train
India_002405.jpg,2,Alligator Crack|Pothole,Alligator Crack,0.1333526234567901,data/raw/road_damage/India/India/train/images/India_002405.jpg,RDD2022,India,train
India_002410.jpg,1,Pothole,Pothole,0.0045235339506172,data/raw/road_damage/India/India/train/images/India_002410.jpg,RDD2022,India,train
India_002411.jpg,2,Alligator Crack|Pothole,Pothole,0.3810570987654321,data/raw/road_damage/India/India/train/images/India_002411.jpg,RDD2022,India,train
India_002419.jpg,6,Longitudinal Crack|Pothole,Pothole,0.0414988425925925,data/raw/road_damage/India/India/train/images/India_002419.jpg,RDD2022,India,train
India_002426.jpg,3,Pothole,Pothole,0.1941724537037037,data/raw/road_damage/India/India/train/images/India_002426.jpg,RDD2022,India,train
India_002428.jpg,3,Alligator Crack|Longitudinal Crack|Pothole,Alligator Crack,0.1126157407407407,data/raw/road_damage/India/India/train/images/India_002428.jpg,RDD2022,India,train
India_002429.jpg,2,Pothole,Pothole,0.0229108796296296,data/raw/road_damage/India/India/train/images/India_002429.jpg,RDD2022,India,train
India_002437.jpg,2,Alligator Crack|Longitudinal Crack,Alligator Crack,0.0587538580246913,data/raw/road_damage/India/India/train/images/India_002437.jpg,RDD2022,India,train
India_002447.jpg,2,Longitudinal Crack|Pothole,Longitudinal Crack,0.0363117283950617,data/raw/road_damage/India/India/train/images/India_002447.jpg,RDD2022,India,train
India_002449.jpg,2,Alligator Crack,Alligator Crack,0.0430169753086419,data/raw/road_damage/India/India/train/images/India_002449.jpg,RDD2022,India,train
India_002450.jpg,3,Alligator Crack|Longitudinal Crack,Alligator Crack,0.0774402006172839,data/raw/road_damage/India/India/train/images/India_002450.jpg,RDD2022,India,train
India_002455.jpg,2,Alligator Crack,Alligator Crack,0.0728356481481481,data/raw/road_damage/India/India/train/images/India_002455.jpg,RDD2022,India,train
India_002459.jpg,1,Pothole,Pothole,0.0033487654320987,data/raw/road_damage/India/India/train/images/India_002459.jpg,RDD2022,India,train
India_002464.jpg,1,Alligator Crack,Alligator Crack,0.0495177469135802,data/raw/road_damage/India/India/train/images/India_002464.jpg,RDD2022,India,train
India_002466.jpg,1,Longitudinal Crack,Longitudinal Crack,0.0260223765432098,data/raw/road_damage/India/India/train/images/India_002466.jpg,RDD2022,India,train
India_002470.jpg,2,Longitudinal Crack,Longitudinal Crack,0.0118904320987654,data/raw/road_damage/India/India/train/images/India_002470.jpg,RDD2022,India,train
India_002480.jpg,2,Alligator Crack|Longitudinal Crack,Longitudinal Crack,0.2376813271604938,data/raw/road_damage/India/India/train/images/India_002480.jpg,RDD2022,India,train
India_002487.jpg,6,Alligator Crack|Longitudinal Crack|Pothole,Pothole,0.132716049382716,data/raw/road_damage/India/India/train/images/India_002487.jpg,RDD2022,India,train
India_002494.jpg,1,Alligator Crack,Alligator Crack,0.0598765432098765,data/raw/road_damage/India/India/train/images/India_002494.jpg,RDD2022,India,train
India_002496.jpg,3,Alligator Crack|Pothole,Pothole,0.0126929012345679,data/raw/road_damage/India/India/train/images/India_002496.jpg,RDD2022,India,train
India_002497.jpg,2,Alligator Crack|Pothole,Pothole,0.3689583333333333,data/raw/road_damage/India/India/train/images/India_002497.jpg,RDD2022,India,train
India_002498.jpg,3,Pothole,Pothole,0.0137731481481481,data/raw/road_damage/India/India/train/images/India_002498.jpg,RDD2022,India,train
India_002499.jpg,4,Alligator Crack|Pothole,Pothole,0.0422916666666666,data/raw/road_damage/India/India/train/images/India_002499.jpg,RDD2022,India,train
India_002503.jpg,4,Longitudinal Crack|Transverse Crack,Longitudinal Crack,0.0221219135802469,data/raw/road_damage/India/India/train/images/India_002503.jpg,RDD2022,India,train
India_002508.jpg,1,Longitudinal Crack,Longitudinal Crack,0.0311458333333333,data/raw/road_damage/India/India/train/images/India_002508.jpg,RDD2022,India,train
India_002509.jpg,5,Alligator Crack|Longitudinal Crack|Pothole,Alligator Crack,0.1028163580246913,data/raw/road_damage/India/India/train/images/India_002509.jpg,RDD2022,India,train
India_002512.jpg,1,Alligator Crack,Alligator Crack,0.2163059413580247,data/raw/road_damage/India/India/train/images/India_002512.jpg,RDD2022,India,train
India_002516.jpg,1,Pothole,Pothole,0.0089756944444444,data/raw/road_damage/India/India/train/images/India_002516.jpg,RDD2022,India,train
India_002522.jpg,3,Alligator Crack|Longitudinal Crack,Longitudinal Crack,0.0589351851851851,data/raw/road_damage/India/India/train/images/India_002522.jpg,RDD2022,India,train
India_002523.jpg,3,Pothole,Pothole,0.001994598765432,data/raw/road_damage/India/India/train/images/India_002523.jpg,RDD2022,India,train
India_002544.jpg,1,Alligator Crack,Alligator Crack,0.0074074074074074,data/raw/road_damage/India/India/train/images/India_002544.jpg,RDD2022,India,train
India_002549.jpg,2,Pothole,Pothole,0.0746720679012345,data/raw/road_damage/India/India/train/images/India_002549.jpg,RDD2022,India,train
India_002550.jpg,3,Alligator Crack|Pothole,Pothole,0.0898765432098765,data/raw/road_damage/India/India/train/images/India_002550.jpg,RDD2022,India,train
India_002551.jpg,2,Alligator Crack|Longitudinal Crack,Alligator Crack,0.1888888888888888,data/raw/road_damage/India/India/train/images/India_002551.jpg,RDD2022,India,train
India_002553.jpg,2,Alligator Crack|Pothole,Alligator Crack,0.1267939814814815,data/raw/road_damage/India/India/train/images/India_002553.jpg,RDD2022,India,train
India_002556.jpg,2,Longitudinal Crack|Transverse Crack,Transverse Crack,0.101003086419753,data/raw/road_damage/India/India/train/images/India_002556.jpg,RDD2022,India,train
India_002557.jpg,3,Longitudinal Crack,Longitudinal Crack,0.0165895061728395,data/raw/road_damage/India/India/train/images/India_002557.jpg,RDD2022,India,train
India_002558.jpg,2,Alligator Crack,Alligator Crack,0.1369675925925925,data/raw/road_damage/India/India/train/images/India_002558.jpg,RDD2022,India,train
India_002562.jpg,5,Pothole,Pothole,0.0111786265432098,data/raw/road_damage/India/India/train/images/India_002562.jpg,RDD2022,India,train
India_002563.jpg,2,Pothole,Pothole,0.0614814814814814,data/raw/road_damage/India/India/train/images/India_002563.jpg,RDD2022,India,train
India_002565.jpg,1,Alligator Crack,Alligator Crack,0.2620351080246914,data/raw/road_damage/India/India/train/images/India_002565.jpg,RDD2022,India,train
India_002566.jpg,2,Alligator Crack|Longitudinal Crack,Alligator Crack,0.155679012345679,data/raw/road_damage/India/India/train/images/India_002566.jpg,RDD2022,India,train
India_002567.jpg,1,Pothole,Pothole,0.1614583333333333,data/raw/road_damage/India/India/train/images/India_002567.jpg,RDD2022,India,train
India_002570.jpg,1,Pothole,Pothole,0.0279166666666666,data/raw/road_damage/India/India/train/images/India_002570.jpg,RDD2022,India,train
India_002573.jpg,1,Pothole,Pothole,0.0023456790123456,data/raw/road_damage/India/India/train/images/India_002573.jpg,RDD2022,India,train
India_002576.jpg,4,Alligator Crack|Longitudinal Crack,Longitudinal Crack,0.1037712191358024,data/raw/road_damage/India/India/train/images/India_002576.jpg,RDD2022,India,train
India_002582.jpg,1,Alligator Crack,Alligator Crack,0.0676215277777777,data/raw/road_damage/India/India/train/images/India_002582.jpg,RDD2022,India,train
India_002585.jpg,1,Pothole,Pothole,0.0020331790123456,data/raw/road_damage/India/India/train/images/India_002585.jpg,RDD2022,India,train
India_002591.jpg,1,Pothole,Pothole,0.0049652777777777,data/raw/road_damage/India/India/train/images/India_002591.jpg,RDD2022,India,train
India_002592.jpg,1,Alligator Crack,Alligator Crack,0.1840625,data/raw/road_damage/India/India/train/images/India_002592.jpg,RDD2022,India,train
India_002593.jpg,1,Pothole,Pothole,0.0173379629629629,data/raw/road_damage/India/India/train/images/India_002593.jpg,RDD2022,India,train
India_002594.jpg,3,Alligator Crack|Pothole,Alligator Crack,0.0347569444444444,data/raw/road_damage/India/India/train/images/India_002594.jpg,RDD2022,India,train
India_002605.jpg,1,Alligator Crack,Alligator Crack,0.1706520061728395,data/raw/road_damage/India/India/train/images/India_002605.jpg,RDD2022,India,train
India_002608.jpg,4,Pothole,Pothole,0.0041319444444444,data/raw/road_damage/India/India/train/images/India_002608.jpg,RDD2022,India,train
India_002611.jpg,3,Alligator Crack|Longitudinal Crack,Longitudinal Crack,0.1599228395061728,data/raw/road_damage/India/India/train/images/India_002611.jpg,RDD2022,India,train
India_002614.jpg,2,Alligator Crack|Longitudinal Crack,Alligator Crack,0.1355729166666666,data/raw/road_damage/India/India/train/images/India_002614.jpg,RDD2022,India,train
India_002616.jpg,2,Alligator Crack|Longitudinal Crack,Alligator Crack,0.1554012345679012,data/raw/road_damage/India/India/train/images/India_002616.jpg,RDD2022,India,train
India_002618.jpg,1,Longitudinal Crack,Longitudinal Crack,0.0111342592592592,data/raw/road_damage/India/India/train/images/India_002618.jpg,RDD2022,India,train
India_002629.jpg,1,Longitudinal Crack,Longitudinal Crack,0.0226658950617283,data/raw/road_damage/India/India/train/images/India_002629.jpg,RDD2022,India,train
India_002642.jpg,3,Longitudinal Crack|Pothole,Longitudinal Crack,0.009855324074074,data/raw/road_damage/India/India/train/images/India_002642.jpg,RDD2022,India,train
India_002644.jpg,2,Alligator Crack|Longitudinal Crack,Alligator Crack,0.1164814814814814,data/raw/road_damage/India/India/train/images/India_002644.jpg,RDD2022,India,train
India_002646.jpg,5,Alligator Crack|Longitudinal Crack|Transverse Crack,Longitudinal Crack,0.033653549382716,data/raw/road_damage/India/India/train/images/India_002646.jpg,RDD2022,India,train
India_002652.jpg,2,Alligator Crack|Longitudinal Crack,Alligator Crack,0.0614525462962963,data/raw/road_damage/India/India/train/images/India_002652.jpg,RDD2022,India,train
India_002656.jpg,1,Longitudinal Crack,Longitudinal Crack,0.0043479938271604,data/raw/road_damage/India/India/train/images/India_002656.jpg,RDD2022,India,train
India_002658.jpg,1,Pothole,Pothole,0.0090393518518518,data/raw/road_damage/India/India/train/images/India_002658.jpg,RDD2022,India,train
India_002664.jpg,1,Pothole,Pothole,0.2369521604938271,data/raw/road_damage/India/India/train/images/India_002664.jpg,RDD2022,India,train
India_002665.jpg,1,Pothole,Pothole,0.0971199845679012,data/raw/road_damage/India/India/train/images/India_002665.jpg,RDD2022,India,train
India_002666.jpg,1,Alligator Crack,Alligator Crack,0.2190972222222222,data/raw/road_damage/India/India/train/images/India_002666.jpg,RDD2022,India,train
India_002667.jpg,1,Pothole,Pothole,0.0561342592592592,data/raw/road_damage/India/India/train/images/India_002667.jpg,RDD2022,India,train
India_002668.jpg,2,Alligator Crack|Longitudinal Crack,Longitudinal Crack,0.2437307098765432,data/raw/road_damage/India/India/train/images/India_002668.jpg,RDD2022,India,train
India_002673.jpg,1,Pothole,Pothole,0.0045833333333333,data/raw/road_damage/India/India/train/images/India_002673.jpg,RDD2022,India,train
India_002678.jpg,2,Longitudinal Crack|Pothole,Longitudinal Crack,0.0570601851851851,data/raw/road_damage/India/India/train/images/India_002678.jpg,RDD2022,India,train
India_002679.jpg,2,Pothole,Pothole,0.0079899691358024,data/raw/road_damage/India/India/train/images/India_002679.jpg,RDD2022,India,train
India_002681.jpg,3,Longitudinal Crack|Pothole,Pothole,0.0402777777777777,data/raw/road_damage/India/India/train/images/India_002681.jpg,RDD2022,India,train
India_002685.jpg,1,Pothole,Pothole,0.0190104166666666,data/raw/road_damage/India/India/train/images/India_002685.jpg,RDD2022,India,train
India_002689.jpg,1,Alligator Crack,Alligator Crack,0.2532291666666666,data/raw/road_damage/India/India/train/images/India_002689.jpg,RDD2022,India,train
India_002696.jpg,6,Alligator Crack|Longitudinal Crack|Pothole,Longitudinal Crack,0.03125,data/raw/road_damage/India/India/train/images/India_002696.jpg,RDD2022,India,train
India_002700.jpg,2,Alligator Crack|Longitudinal Crack,Longitudinal Crack,0.1,data/raw/road_damage/India/India/train/images/India_002700.jpg,RDD2022,India,train
India_002702.jpg,2,Alligator Crack|Pothole,Pothole,0.1450578703703703,data/raw/road_damage/India/India/train/images/India_002702.jpg,RDD2022,India,train
India_002703.jpg,1,Longitudinal Crack,Longitudinal Crack,0.0663020833333333,data/raw/road_damage/India/India/train/images/India_002703.jpg,RDD2022,India,train
India_002705.jpg,1,Longitudinal Crack,Longitudinal Crack,0.0089371141975308,data/raw/road_damage/India/India/train/images/India_002705.jpg,RDD2022,India,train
India_002708.jpg,3,Longitudinal Crack|Pothole,Pothole,0.0560185185185185,data/raw/road_damage/India/India/train/images/India_002708.jpg,RDD2022,India,train
India_002710.jpg,3,Longitudinal Crack,Longitudinal Crack,0.1165798611111111,data/raw/road_damage/India/India/train/images/India_002710.jpg,RDD2022,India,train
India_002713.jpg,2,Alligator Crack|Pothole,Alligator Crack,0.1455054012345679,data/raw/road_damage/India/India/train/images/India_002713.jpg,RDD2022,India,train
India_002714.jpg,3,Alligator Crack|Longitudinal Crack|Pothole,Pothole,0.0805092592592592,data/raw/road_damage/India/India/train/images/India_002714.jpg,RDD2022,India,train
India_002716.jpg,1,Longitudinal Crack,Longitudinal Crack,0.1066666666666666,data/raw/road_damage/India/India/train/images/India_002716.jpg,RDD2022,India,train
India_002717.jpg,3,Alligator Crack|Longitudinal Crack,Longitudinal Crack,0.0597839506172839,data/raw/road_damage/India/India/train/images/India_002717.jpg,RDD2022,India,train
India_002723.jpg,1,Longitudinal Crack,Longitudinal Crack,0.0527064043209876,data/raw/road_damage/India/India/train/images/India_002723.jpg,RDD2022,India,train
India_002725.jpg,2,Longitudinal Crack,Longitudinal Crack,0.0052199074074074,data/raw/road_damage/India/India/train/images/India_002725.jpg,RDD2022,India,train
India_002726.jpg,2,Longitudinal Crack,Longitudinal Crack,0.0066666666666666,data/raw/road_damage/India/India/train/images/India_002726.jpg,RDD2022,India,train
India_002729.jpg,1,Alligator Crack,Alligator Crack,0.2454166666666666,data/raw/road_damage/India/India/train/images/India_002729.jpg,RDD2022,India,train
India_002730.jpg,1,Alligator Crack,Alligator Crack,0.0919212962962962,data/raw/road_damage/India/India/train/images/India_002730.jpg,RDD2022,India,train
India_002735.jpg,1,Pothole,Pothole,0.0754783950617283,data/raw/road_damage/India/India/train/images/India_002735.jpg,RDD2022,India,train
India_002737.jpg,1,Longitudinal Crack,Longitudinal Crack,0.0207735339506172,data/raw/road_damage/India/India/train/images/India_002737.jpg,RDD2022,India,train
India_002739.jpg,1,Longitudinal Crack,Longitudinal Crack,0.0236940586419753,data/raw/road_damage/India/India/train/images/India_002739.jpg,RDD2022,India,train
India_002745.jpg,4,Alligator Crack|Longitudinal Crack|Pothole,Pothole,0.1871257716049382,data/raw/road_damage/India/India/train/images/India_002745.jpg,RDD2022,India,train
India_002749.jpg,1,Alligator Crack,Alligator Crack,0.1555709876543209,data/raw/road_damage/India/India/train/images/India_002749.jpg,RDD2022,India,train
India_002757.jpg,4,Longitudinal Crack|Pothole,Pothole,0.0536574074074074,data/raw/road_damage/India/India/train/images/India_002757.jpg,RDD2022,India,train
India_002759.jpg,1,Pothole,Pothole,0.0043287037037037,data/raw/road_damage/India/India/train/images/India_002759.jpg,RDD2022,India,train
India_002771.jpg,1,Pothole,Pothole,0.0031635802469135,data/raw/road_damage/India/India/train/images/India_002771.jpg,RDD2022,India,train
India_002772.jpg,5,Longitudinal Crack|Pothole,Pothole,0.0177083333333333,data/raw/road_damage/India/India/train/images/India_002772.jpg,RDD2022,India,train
India_002775.jpg,4,Longitudinal Crack|Pothole,Pothole,0.0547685185185185,data/raw/road_damage/India/India/train/images/India_002775.jpg,RDD2022,India,train
India_002777.jpg,2,Alligator Crack|Pothole,Alligator Crack,0.0791493055555555,data/raw/road_damage/India/India/train/images/India_002777.jpg,RDD2022,India,train
India_002784.jpg,7,Alligator Crack|Longitudinal Crack|Pothole,Pothole,0.1259895833333333,data/raw/road_damage/India/India/train/images/India_002784.jpg,RDD2022,India,train
India_002787.jpg,1,Alligator Crack,Alligator Crack,0.2587962962962963,data/raw/road_damage/India/India/train/images/India_002787.jpg,RDD2022,India,train
India_002790.jpg,2,Pothole,Pothole,0.1859182098765432,data/raw/road_damage/India/India/train/images/India_002790.jpg,RDD2022,India,train
India_002793.jpg,13,Alligator Crack|Longitudinal Crack|Pothole,Pothole,0.0545563271604938,data/raw/road_damage/India/India/train/images/India_002793.jpg,RDD2022,India,train
India_002795.jpg,4,Alligator Crack|Pothole,Pothole,0.0324074074074074,data/raw/road_damage/India/India/train/images/India_002795.jpg,RDD2022,India,train
India_002804.jpg,3,Alligator Crack|Longitudinal Crack|Pothole,Longitudinal Crack,0.0667052469135802,data/raw/road_damage/India/India/train/images/India_002804.jpg,RDD2022,India,train
India_002810.jpg,1,Pothole,Pothole,0.0035648148148148,data/raw/road_damage/India/India/train/images/India_002810.jpg,RDD2022,India,train
India_002815.jpg,1,Alligator Crack,Alligator Crack,0.1285860339506173,data/raw/road_damage/India/India/train/images/India_002815.jpg,RDD2022,India,train
India_002818.jpg,2,Longitudinal Crack|Pothole,Longitudinal Crack,0.0539621913580246,data/raw/road_damage/India/India/train/images/India_002818.jpg,RDD2022,India,train
India_002821.jpg,2,Alligator Crack|Longitudinal Crack,Longitudinal Crack,0.1375,data/raw/road_damage/India/India/train/images/India_002821.jpg,RDD2022,India,train
India_002832.jpg,2,Pothole,Pothole,0.0478125,data/raw/road_damage/India/India/train/images/India_002832.jpg,RDD2022,India,train
India_002839.jpg,1,Alligator Crack,Alligator Crack,0.1482638888888889,data/raw/road_damage/India/India/train/images/India_002839.jpg,RDD2022,India,train
India_002843.jpg,2,Alligator Crack|Pothole,Alligator Crack,0.1218036265432098,data/raw/road_damage/India/India/train/images/India_002843.jpg,RDD2022,India,train
India_002846.jpg,1,Pothole,Pothole,0.0472453703703703,data/raw/road_damage/India/India/train/images/India_002846.jpg,RDD2022,India,train
India_002847.jpg,2,Longitudinal Crack,Longitudinal Crack,0.037824074074074,data/raw/road_damage/India/India/train/images/India_002847.jpg,RDD2022,India,train
India_002849.jpg,1,Alligator Crack,Alligator Crack,0.2256365740740741,data/raw/road_damage/India/India/train/images/India_002849.jpg,RDD2022,India,train
India_002854.jpg,1,Pothole,Pothole,0.2346759259259259,data/raw/road_damage/India/India/train/images/India_002854.jpg,RDD2022,India,train
India_002858.jpg,3,Alligator Crack|Longitudinal Crack,Alligator Crack,0.2051388888888889,data/raw/road_damage/India/India/train/images/India_002858.jpg,RDD2022,India,train
India_002860.jpg,1,Pothole,Pothole,0.0031481481481481,data/raw/road_damage/India/India/train/images/India_002860.jpg,RDD2022,India,train
India_002871.jpg,3,Pothole,Pothole,0.1047569444444444,data/raw/road_damage/India/India/train/images/India_002871.jpg,RDD2022,India,train
India_002873.jpg,2,Alligator Crack|Longitudinal Crack,Alligator Crack,0.2118055555555555,data/raw/road_damage/India/India/train/images/India_002873.jpg,RDD2022,India,train
India_002875.jpg,2,Alligator Crack|Pothole,Pothole,0.1483719135802469,data/raw/road_damage/India/India/train/images/India_002875.jpg,RDD2022,India,train
India_002877.jpg,5,Longitudinal Crack|Pothole,Longitudinal Crack,0.0338888888888888,data/raw/road_damage/India/India/train/images/India_002877.jpg,RDD2022,India,train
India_002880.jpg,2,Longitudinal Crack|Pothole,Longitudinal Crack,0.0725,data/raw/road_damage/India/India/train/images/India_002880.jpg,RDD2022,India,train
India_002881.jpg,1,Pothole,Pothole,0.0220679012345679,data/raw/road_damage/India/India/train/images/India_002881.jpg,RDD2022,India,train
India_002884.jpg,2,Alligator Crack,Alligator Crack,0.1188175154320987,data/raw/road_damage/India/India/train/images/India_002884.jpg,RDD2022,India,train
India_002889.jpg,1,Pothole,Pothole,0.0041782407407407,data/raw/road_damage/India/India/train/images/India_002889.jpg,RDD2022,India,train
India_002892.jpg,1,Alligator Crack,Alligator Crack,0.0563753858024691,data/raw/road_damage/India/India/train/images/India_002892.jpg,RDD2022,India,train
India_002894.jpg,2,Pothole,Pothole,0.0076543209876543,data/raw/road_damage/India/India/train/images/India_002894.jpg,RDD2022,India,train
India_002895.jpg,3,Alligator Crack|Longitudinal Crack,Longitudinal Crack,0.0292399691358024,data/raw/road_damage/India/India/train/images/India_002895.jpg,RDD2022,India,train
India_002900.jpg,1,Alligator Crack,Alligator Crack,0.0556809413580246,data/raw/road_damage/India/India/train/images/India_002900.jpg,RDD2022,India,train
India_002901.jpg,1,Pothole,Pothole,0.0412114197530864,data/raw/road_damage/India/India/train/images/India_002901.jpg,RDD2022,India,train
India_002903.jpg,3,Longitudinal Crack|Pothole,Longitudinal Crack,0.0580632716049382,data/raw/road_damage/India/India/train/images/India_002903.jpg,RDD2022,India,train
India_002905.jpg,1,Longitudinal Crack,Longitudinal Crack,0.0396739969135802,data/raw/road_damage/India/India/train/images/India_002905.jpg,RDD2022,India,train
India_002914.jpg,2,Pothole,Pothole,0.1690528549382716,data/raw/road_damage/India/India/train/images/India_002914.jpg,RDD2022,India,train
India_002921.jpg,1,Pothole,Pothole,0.0070216049382716,data/raw/road_damage/India/India/train/images/India_002921.jpg,RDD2022,India,train
India_002924.jpg,5,Longitudinal Crack|Pothole,Pothole,0.0271527777777777,data/raw/road_damage/India/India/train/images/India_002924.jpg,RDD2022,India,train
India_002925.jpg,3,Longitudinal Crack|Pothole,Longitudinal Crack,0.1178433641975308,data/raw/road_damage/India/India/train/images/India_002925.jpg,RDD2022,India,train
India_002932.jpg,1,Longitudinal Crack,Longitudinal Crack,0.0053472222222222,data/raw/road_damage/India/India/train/images/India_002932.jpg,RDD2022,India,train
India_002934.jpg,2,Alligator Crack,Alligator Crack,0.0178298611111111,data/raw/road_damage/India/India/train/images/India_002934.jpg,RDD2022,India,train
India_002936.jpg,1,Alligator Crack,Alligator Crack,0.0458391203703703,data/raw/road_damage/India/India/train/images/India_002936.jpg,RDD2022,India,train
India_002939.jpg,4,Longitudinal Crack|Pothole,Pothole,0.0650733024691358,data/raw/road_damage/India/India/train/images/India_002939.jpg,RDD2022,India,train
India_002945.jpg,5,Pothole,Pothole,0.0076041666666666,data/raw/road_damage/India/India/train/images/India_002945.jpg,RDD2022,India,train
India_002946.jpg,3,Alligator Crack|Pothole,Alligator Crack,0.1861111111111111,data/raw/road_damage/India/India/train/images/India_002946.jpg,RDD2022,India,train
India_002948.jpg,1,Pothole,Pothole,0.0024614197530864,data/raw/road_damage/India/India/train/images/India_002948.jpg,RDD2022,India,train
India_002949.jpg,1,Alligator Crack,Alligator Crack,0.1206211419753086,data/raw/road_damage/India/India/train/images/India_002949.jpg,RDD2022,India,train
India_002954.jpg,4,Alligator Crack|Longitudinal Crack|Pothole,Pothole,0.1096604938271604,data/raw/road_damage/India/India/train/images/India_002954.jpg,RDD2022,India,train
India_002956.jpg,1,Pothole,Pothole,0.0019907407407407,data/raw/road_damage/India/India/train/images/India_002956.jpg,RDD2022,India,train
India_002960.jpg,4,Longitudinal Crack|Pothole,Pothole,0.0115432098765432,data/raw/road_damage/India/India/train/images/India_002960.jpg,RDD2022,India,train
India_002961.jpg,2,Longitudinal Crack,Longitudinal Crack,0.0057735339506172,data/raw/road_damage/India/India/train/images/India_002961.jpg,RDD2022,India,train
India_002965.jpg,1,Alligator Crack,Alligator Crack,0.2177237654320987,data/raw/road_damage/India/India/train/images/India_002965.jpg,RDD2022,India,train
India_002967.jpg,1,Alligator Crack,Alligator Crack,0.0828125,data/raw/road_damage/India/India/train/images/India_002967.jpg,RDD2022,India,train
India_002968.jpg,3,Alligator Crack|Longitudinal Crack|Pothole,Pothole,0.0628935185185185,data/raw/road_damage/India/India/train/images/India_002968.jpg,RDD2022,India,train
India_002970.jpg,2,Alligator Crack|Longitudinal Crack,Longitudinal Crack,0.0415162037037037,data/raw/road_damage/India/India/train/images/India_002970.jpg,RDD2022,India,train
India_002972.jpg,7,Longitudinal Crack|Pothole,Pothole,0.045787037037037,data/raw/road_damage/India/India/train/images/India_002972.jpg,RDD2022,India,train
India_002973.jpg,3,Alligator Crack|Pothole,Pothole,0.0703356481481481,data/raw/road_damage/India/India/train/images/India_002973.jpg,RDD2022,India,train
India_002976.jpg,1,Pothole,Pothole,0.0065663580246913,data/raw/road_damage/India/India/train/images/India_002976.jpg,RDD2022,India,train
India_002978.jpg,2,Longitudinal Crack|Pothole,Pothole,0.0136651234567901,data/raw/road_damage/India/India/train/images/India_002978.jpg,RDD2022,India,train
India_002981.jpg,2,Alligator Crack|Longitudinal Crack,Alligator Crack,0.2265586419753086,data/raw/road_damage/India/India/train/images/India_002981.jpg,RDD2022,India,train
India_002984.jpg,3,Alligator Crack|Longitudinal Crack,Longitudinal Crack,0.0507986111111111,data/raw/road_damage/India/India/train/images/India_002984.jpg,RDD2022,India,train
India_002985.jpg,1,Longitudinal Crack,Longitudinal Crack,0.0175887345679012,data/raw/road_damage/India/India/train/images/India_002985.jpg,RDD2022,India,train
India_002991.jpg,1,Alligator Crack,Alligator Crack,0.208179012345679,data/raw/road_damage/India/India/train/images/India_002991.jpg,RDD2022,India,train
India_002994.jpg,1,Pothole,Pothole,0.0047395833333333,data/raw/road_damage/India/India/train/images/India_002994.jpg,RDD2022,India,train
India_002995.jpg,3,Alligator Crack|Longitudinal Crack|Pothole,Pothole,0.2220582561728395,data/raw/road_damage/India/India/train/images/India_002995.jpg,RDD2022,India,train
India_003002.jpg,1,Alligator Crack,Alligator Crack,0.34125,data/raw/road_damage/India/India/train/images/India_003002.jpg,RDD2022,India,train
India_003006.jpg,2,Alligator Crack|Pothole,Pothole,0.1551774691358024,data/raw/road_damage/India/India/train/images/India_003006.jpg,RDD2022,India,train
India_003007.jpg,2,Alligator Crack,Alligator Crack,0.0232561728395061,data/raw/road_damage/India/India/train/images/India_003007.jpg,RDD2022,India,train
India_003011.jpg,2,Alligator Crack|Pothole,Alligator Crack,0.0583333333333333,data/raw/road_damage/India/India/train/images/India_003011.jpg,RDD2022,India,train
India_003013.jpg,8,Pothole,Pothole,0.0666898148148148,data/raw/road_damage/India/India/train/images/India_003013.jpg,RDD2022,India,train
India_003014.jpg,1,Alligator Crack,Alligator Crack,0.1390277777777777,data/raw/road_damage/India/India/train/images/India_003014.jpg,RDD2022,India,train
India_003016.jpg,1,Alligator Crack,Alligator Crack,0.0649151234567901,data/raw/road_damage/India/India/train/images/India_003016.jpg,RDD2022,India,train
India_003017.jpg,1,Pothole,Pothole,0.0149691358024691,data/raw/road_damage/India/India/train/images/India_003017.jpg,RDD2022,India,train
India_003018.jpg,4,Alligator Crack|Longitudinal Crack|Pothole,Pothole,0.08765625,data/raw/road_damage/India/India/train/images/India_003018.jpg,RDD2022,India,train
India_003028.jpg,3,Pothole,Pothole,0.0289236111111111,data/raw/road_damage/India/India/train/images/India_003028.jpg,RDD2022,India,train
India_003029.jpg,1,Pothole,Pothole,0.0032098765432098,data/raw/road_damage/India/India/train/images/India_003029.jpg,RDD2022,India,train
India_003033.jpg,2,Longitudinal Crack|Pothole,Longitudinal Crack,0.0087789351851851,data/raw/road_damage/India/India/train/images/India_003033.jpg,RDD2022,India,train
India_003034.jpg,1,Alligator Crack,Alligator Crack,0.2091435185185185,data/raw/road_damage/India/India/train/images/India_003034.jpg,RDD2022,India,train
India_003036.jpg,1,Longitudinal Crack,Longitudinal Crack,0.068858024691358,data/raw/road_damage/India/India/train/images/India_003036.jpg,RDD2022,India,train
India_003039.jpg,1,Alligator Crack,Alligator Crack,0.0958333333333333,data/raw/road_damage/India/India/train/images/India_003039.jpg,RDD2022,India,train
India_003042.jpg,2,Alligator Crack|Pothole,Alligator Crack,0.2010030864197531,data/raw/road_damage/India/India/train/images/India_003042.jpg,RDD2022,India,train
India_003045.jpg,2,Alligator Crack|Longitudinal Crack,Alligator Crack,0.1416358024691358,data/raw/road_damage/India/India/train/images/India_003045.jpg,RDD2022,India,train
India_003048.jpg,1,Pothole,Pothole,0.0080806327160493,data/raw/road_damage/India/India/train/images/India_003048.jpg,RDD2022,India,train
India_003049.jpg,3,Alligator Crack,Alligator Crack,0.0397858796296296,data/raw/road_damage/India/India/train/images/India_003049.jpg,RDD2022,India,train
India_003051.jpg,2,Pothole,Pothole,0.0121122685185185,data/raw/road_damage/India/India/train/images/India_003051.jpg,RDD2022,India,train
India_003052.jpg,1,Alligator Crack,Alligator Crack,0.0404243827160493,data/raw/road_damage/India/India/train/images/India_003052.jpg,RDD2022,India,train
India_003054.jpg,2,Alligator Crack,Alligator Crack,0.01390625,data/raw/road_damage/India/India/train/images/India_003054.jpg,RDD2022,India,train
India_003055.jpg,2,Alligator Crack|Longitudinal Crack,Longitudinal Crack,0.1910802469135802,data/raw/road_damage/India/India/train/images/India_003055.jpg,RDD2022,India,train
India_003056.jpg,6,Pothole,Pothole,0.0232253086419753,data/raw/road_damage/India/India/train/images/India_003056.jpg,RDD2022,India,train
India_003057.jpg,2,Pothole,Pothole,0.0132291666666666,data/raw/road_damage/India/India/train/images/India_003057.jpg,RDD2022,India,train
India_003062.jpg,2,Alligator Crack|Longitudinal Crack,Longitudinal Crack,0.1311651234567901,data/raw/road_damage/India/India/train/images/India_003062.jpg,RDD2022,India,train
India_003063.jpg,1,Pothole,Pothole,0.0096759259259259,data/raw/road_damage/India/India/train/images/India_003063.jpg,RDD2022,India,train
India_003065.jpg,1,Pothole,Pothole,0.0105169753086419,data/raw/road_damage/India/India/train/images/India_003065.jpg,RDD2022,India,train
India_003071.jpg,2,Longitudinal Crack,Longitudinal Crack,0.0566975308641975,data/raw/road_damage/India/India/train/images/India_003071.jpg,RDD2022,India,train
India_003075.jpg,1,Alligator Crack,Alligator Crack,0.1002623456790123,data/raw/road_damage/India/India/train/images/India_003075.jpg,RDD2022,India,train
India_003079.jpg,2,Pothole,Pothole,0.0035648148148148,data/raw/road_damage/India/India/train/images/India_003079.jpg,RDD2022,India,train
India_003081.jpg,3,Longitudinal Crack,Longitudinal Crack,0.0362152777777777,data/raw/road_damage/India/India/train/images/India_003081.jpg,RDD2022,India,train
India_003083.jpg,5,Alligator Crack|Longitudinal Crack|Pothole,Alligator Crack,0.0720987654320987,data/raw/road_damage/India/India/train/images/India_003083.jpg,RDD2022,India,train
India_003085.jpg,3,Longitudinal Crack|Pothole,Longitudinal Crack,0.0059413580246913,data/raw/road_damage/India/India/train/images/India_003085.jpg,RDD2022,India,train
India_003086.jpg,2,Longitudinal Crack|Transverse Crack,Longitudinal Crack,0.0460532407407407,data/raw/road_damage/India/India/train/images/India_003086.jpg,RDD2022,India,train
India_003087.jpg,2,Alligator Crack|Pothole,Pothole,0.0477739197530864,data/raw/road_damage/India/India/train/images/India_003087.jpg,RDD2022,India,train
India_003090.jpg,1,Alligator Crack,Alligator Crack,0.1884895833333333,data/raw/road_damage/India/India/train/images/India_003090.jpg,RDD2022,India,train
India_003093.jpg,5,Alligator Crack|Longitudinal Crack,Longitudinal Crack,0.1003086419753086,data/raw/road_damage/India/India/train/images/India_003093.jpg,RDD2022,India,train
India_003096.jpg,1,Pothole,Pothole,0.1728587962962963,data/raw/road_damage/India/India/train/images/India_003096.jpg,RDD2022,India,train
India_003100.jpg,5,Longitudinal Crack|Pothole,Pothole,0.0301041666666666,data/raw/road_damage/India/India/train/images/India_003100.jpg,RDD2022,India,train
India_003102.jpg,9,Alligator Crack|Longitudinal Crack|Pothole,Pothole,0.2214969135802469,data/raw/road_damage/India/India/train/images/India_003102.jpg,RDD2022,India,train
India_003103.jpg,5,Pothole,Pothole,0.0894444444444444,data/raw/road_damage/India/India/train/images/India_003103.jpg,RDD2022,India,train
India_003110.jpg,4,Alligator Crack|Longitudinal Crack|Pothole,Alligator Crack,0.1183912037037037,data/raw/road_damage/India/India/train/images/India_003110.jpg,RDD2022,India,train
India_003111.jpg,2,Alligator Crack,Alligator Crack,0.0751851851851851,data/raw/road_damage/India/India/train/images/India_003111.jpg,RDD2022,India,train
India_003115.jpg,2,Longitudinal Crack,Longitudinal Crack,0.092253086419753,data/raw/road_damage/India/India/train/images/India_003115.jpg,RDD2022,India,train
India_003116.jpg,2,Longitudinal Crack|Transverse Crack,Transverse Crack,0.0407407407407407,data/raw/road_damage/India/India/train/images/India_003116.jpg,RDD2022,India,train
India_003118.jpg,1,Pothole,Pothole,0.0027083333333333,data/raw/road_damage/India/India/train/images/India_003118.jpg,RDD2022,India,train
India_003119.jpg,1,Alligator Crack,Alligator Crack,0.2265354938271604,data/raw/road_damage/India/India/train/images/India_003119.jpg,RDD2022,India,train
India_003120.jpg,2,Pothole,Pothole,0.0045254629629629,data/raw/road_damage/India/India/train/images/India_003120.jpg,RDD2022,India,train
India_003121.jpg,1,Pothole,Pothole,0.1636033950617283,data/raw/road_damage/India/India/train/images/India_003121.jpg,RDD2022,India,train
India_003125.jpg,3,Alligator Crack|Longitudinal Crack|Pothole,Alligator Crack,0.0491049382716049,data/raw/road_damage/India/India/train/images/India_003125.jpg,RDD2022,India,train
India_003126.jpg,2,Longitudinal Crack|Pothole,Pothole,0.206568287037037,data/raw/road_damage/India/India/train/images/India_003126.jpg,RDD2022,India,train
India_003138.jpg,1,Alligator Crack,Alligator Crack,0.0118287037037037,data/raw/road_damage/India/India/train/images/India_003138.jpg,RDD2022,India,train
India_003143.jpg,2,Pothole,Pothole,0.1276041666666666,data/raw/road_damage/India/India/train/images/India_003143.jpg,RDD2022,India,train
India_003148.jpg,1,Longitudinal Crack,Longitudinal Crack,0.023125,data/raw/road_damage/India/India/train/images/India_003148.jpg,RDD2022,India,train
India_003150.jpg,3,Longitudinal Crack|Pothole,Pothole,0.010943287037037,data/raw/road_damage/India/India/train/images/India_003150.jpg,RDD2022,India,train
India_003151.jpg,1,Pothole,Pothole,0.0159047067901234,data/raw/road_damage/India/India/train/images/India_003151.jpg,RDD2022,India,train
India_003152.jpg,3,Longitudinal Crack|Pothole,Pothole,0.0304050925925925,data/raw/road_damage/India/India/train/images/India_003152.jpg,RDD2022,India,train
India_003153.jpg,2,Alligator Crack|Longitudinal Crack,Alligator Crack,0.2109857253086419,data/raw/road_damage/India/India/train/images/India_003153.jpg,RDD2022,India,train
India_003155.jpg,2,Longitudinal Crack,Longitudinal Crack,0.0750675154320987,data/raw/road_damage/India/India/train/images/India_003155.jpg,RDD2022,India,train
India_003156.jpg,1,Longitudinal Crack,Longitudinal Crack,0.0021566358024691,data/raw/road_damage/India/India/train/images/India_003156.jpg,RDD2022,India,train
India_003161.jpg,3,Pothole,Pothole,0.1143518518518518,data/raw/road_damage/India/India/train/images/India_003161.jpg,RDD2022,India,train
India_003163.jpg,1,Alligator Crack,Alligator Crack,0.0674074074074074,data/raw/road_damage/India/India/train/images/India_003163.jpg,RDD2022,India,train
India_003164.jpg,1,Alligator Crack,Alligator Crack,0.2249652777777777,data/raw/road_damage/India/India/train/images/India_003164.jpg,RDD2022,India,train
India_003168.jpg,3,Alligator Crack|Pothole,Pothole,0.1315567129629629,data/raw/road_damage/India/India/train/images/India_003168.jpg,RDD2022,India,train
India_003171.jpg,2,Longitudinal Crack|Pothole,Pothole,0.0091743827160493,data/raw/road_damage/India/India/train/images/India_003171.jpg,RDD2022,India,train
India_003172.jpg,1,Pothole,Pothole,0.0279841820987654,data/raw/road_damage/India/India/train/images/India_003172.jpg,RDD2022,India,train
India_003177.jpg,1,Pothole,Pothole,0.0022916666666666,data/raw/road_damage/India/India/train/images/India_003177.jpg,RDD2022,India,train
India_003178.jpg,1,Longitudinal Crack,Longitudinal Crack,0.0264930555555555,data/raw/road_damage/India/India/train/images/India_003178.jpg,RDD2022,India,train
India_003181.jpg,1,Alligator Crack,Alligator Crack,0.1439293981481481,data/raw/road_damage/India/India/train/images/India_003181.jpg,RDD2022,India,train
India_003185.jpg,1,Alligator Crack,Alligator Crack,0.1791820987654321,data/raw/road_damage/India/India/train/images/India_003185.jpg,RDD2022,India,train
India_003186.jpg,2,Pothole,Pothole,0.1486188271604938,data/raw/road_damage/India/India/train/images/India_003186.jpg,RDD2022,India,train
India_003191.jpg,1,Pothole,Pothole,0.0132195216049382,data/raw/road_damage/India/India/train/images/India_003191.jpg,RDD2022,India,train
India_003201.jpg,2,Longitudinal Crack|Pothole,Pothole,0.1369791666666666,data/raw/road_damage/India/India/train/images/India_003201.jpg,RDD2022,India,train
India_003203.jpg,2,Alligator Crack|Longitudinal Crack,Longitudinal Crack,0.2412422839506172,data/raw/road_damage/India/India/train/images/India_003203.jpg,RDD2022,India,train
India_003205.jpg,1,Alligator Crack,Alligator Crack,0.2185185185185185,data/raw/road_damage/India/India/train/images/India_003205.jpg,RDD2022,India,train
India_003214.jpg,2,Longitudinal Crack|Pothole,Longitudinal Crack,0.0224286265432098,data/raw/road_damage/India/India/train/images/India_003214.jpg,RDD2022,India,train
India_003215.jpg,1,Longitudinal Crack,Longitudinal Crack,0.0178858024691358,data/raw/road_damage/India/India/train/images/India_003215.jpg,RDD2022,India,train
India_003217.jpg,2,Alligator Crack|Pothole,Pothole,0.184386574074074,data/raw/road_damage/India/India/train/images/India_003217.jpg,RDD2022,India,train
India_003228.jpg,3,Longitudinal Crack|Pothole,Pothole,0.1432716049382716,data/raw/road_damage/India/India/train/images/India_003228.jpg,RDD2022,India,train
India_003231.jpg,4,Pothole,Pothole,0.0460474537037037,data/raw/road_damage/India/India/train/images/India_003231.jpg,RDD2022,India,train
India_003236.jpg,2,Alligator Crack|Longitudinal Crack,Alligator Crack,0.1091724537037037,data/raw/road_damage/India/India/train/images/India_003236.jpg,RDD2022,India,train
India_003239.jpg,1,Pothole,Pothole,0.0141782407407407,data/raw/road_damage/India/India/train/images/India_003239.jpg,RDD2022,India,train
India_003242.jpg,1,Alligator Crack,Alligator Crack,0.187037037037037,data/raw/road_damage/India/India/train/images/India_003242.jpg,RDD2022,India,train
India_003245.jpg,1,Alligator Crack,Alligator Crack,0.1667206790123457,data/raw/road_damage/India/India/train/images/India_003245.jpg,RDD2022,India,train
India_003246.jpg,1,Alligator Crack,Alligator Crack,0.0802237654320987,data/raw/road_damage/India/India/train/images/India_003246.jpg,RDD2022,India,train
India_003247.jpg,2,Alligator Crack|Longitudinal Crack,Longitudinal Crack,0.192554012345679,data/raw/road_damage/India/India/train/images/India_003247.jpg,RDD2022,India,train
India_003251.jpg,2,Pothole,Pothole,0.005474537037037,data/raw/road_damage/India/India/train/images/India_003251.jpg,RDD2022,India,train
India_003253.jpg,1,Longitudinal Crack,Longitudinal Crack,0.0025,data/raw/road_damage/India/India/train/images/India_003253.jpg,RDD2022,India,train
India_003256.jpg,2,Longitudinal Crack,Longitudinal Crack,0.0315625,data/raw/road_damage/India/India/train/images/India_003256.jpg,RDD2022,India,train
India_003262.jpg,4,Alligator Crack|Pothole,Pothole,0.1114004629629629,data/raw/road_damage/India/India/train/images/India_003262.jpg,RDD2022,India,train
India_003265.jpg,1,Alligator Crack,Alligator Crack,0.2136728395061728,data/raw/road_damage/India/India/train/images/India_003265.jpg,RDD2022,India,train
India_003270.jpg,1,Alligator Crack,Alligator Crack,0.1112268518518518,data/raw/road_damage/India/India/train/images/India_003270.jpg,RDD2022,India,train
India_003272.jpg,1,Pothole,Pothole,0.045787037037037,data/raw/road_damage/India/India/train/images/India_003272.jpg,RDD2022,India,train
India_003274.jpg,2,Pothole,Pothole,0.009957561728395,data/raw/road_damage/India/India/train/images/India_003274.jpg,RDD2022,India,train
India_003278.jpg,2,Longitudinal Crack|Pothole,Pothole,0.0683333333333333,data/raw/road_damage/India/India/train/images/India_003278.jpg,RDD2022,India,train
India_003284.jpg,6,Pothole,Pothole,0.0181481481481481,data/raw/road_damage/India/India/train/images/India_003284.jpg,RDD2022,India,train
India_003288.jpg,1,Longitudinal Crack,Longitudinal Crack,0.0288985339506172,data/raw/road_damage/India/India/train/images/India_003288.jpg,RDD2022,India,train
India_003290.jpg,3,Alligator Crack|Longitudinal Crack,Longitudinal Crack,0.2104166666666666,data/raw/road_damage/India/India/train/images/India_003290.jpg,RDD2022,India,train
India_003292.jpg,3,Alligator Crack|Longitudinal Crack|Pothole,Pothole,0.1403645833333333,data/raw/road_damage/India/India/train/images/India_003292.jpg,RDD2022,India,train
India_003293.jpg,1,Alligator Crack,Alligator Crack,0.0442013888888888,data/raw/road_damage/India/India/train/images/India_003293.jpg,RDD2022,India,train
India_003294.jpg,1,Alligator Crack,Alligator Crack,0.0480709876543209,data/raw/road_damage/India/India/train/images/India_003294.jpg,RDD2022,India,train
India_003299.jpg,1,Longitudinal Crack,Longitudinal Crack,0.0527276234567901,data/raw/road_damage/India/India/train/images/India_003299.jpg,RDD2022,India,train
India_003300.jpg,1,Alligator Crack,Alligator Crack,0.1017264660493827,data/raw/road_damage/India/India/train/images/India_003300.jpg,RDD2022,India,train
India_003309.jpg,1,Alligator Crack,Alligator Crack,0.2026851851851852,data/raw/road_damage/India/India/train/images/India_003309.jpg,RDD2022,India,train
India_003310.jpg,2,Alligator Crack|Longitudinal Crack,Longitudinal Crack,0.238599537037037,data/raw/road_damage/India/India/train/images/India_003310.jpg,RDD2022,India,train
India_003312.jpg,2,Alligator Crack|Pothole,Alligator Crack,0.1390914351851851,data/raw/road_damage/India/India/train/images/India_003312.jpg,RDD2022,India,train
India_003313.jpg,1,Alligator Crack,Alligator Crack,0.0960570987654321,data/raw/road_damage/India/India/train/images/India_003313.jpg,RDD2022,India,train
India_003317.jpg,2,Alligator Crack|Longitudinal Crack,Alligator Crack,0.1605189043209876,data/raw/road_damage/India/India/train/images/India_003317.jpg,RDD2022,India,train
India_003318.jpg,2,Pothole,Pothole,0.0054976851851851,data/raw/road_damage/India/India/train/images/India_003318.jpg,RDD2022,India,train
India_003319.jpg,1,Alligator Crack,Alligator Crack,0.0639969135802469,data/raw/road_damage/India/India/train/images/India_003319.jpg,RDD2022,India,train
India_003320.jpg,1,Alligator Crack,Alligator Crack,0.192704475308642,data/raw/road_damage/India/India/train/images/India_003320.jpg,RDD2022,India,train
India_003321.jpg,1,Alligator Crack,Alligator Crack,0.1742708333333333,data/raw/road_damage/India/India/train/images/India_003321.jpg,RDD2022,India,train
India_003323.jpg,3,Longitudinal Crack|Pothole,Pothole,0.1586130401234567,data/raw/road_damage/India/India/train/images/India_003323.jpg,RDD2022,India,train
India_003334.jpg,1,Pothole,Pothole,0.0012827932098765,data/raw/road_damage/India/India/train/images/India_003334.jpg,RDD2022,India,train
India_003340.jpg,5,Alligator Crack|Longitudinal Crack,Longitudinal Crack,0.1574537037037037,data/raw/road_damage/India/India/train/images/India_003340.jpg,RDD2022,India,train
India_003345.jpg,1,Alligator Crack,Alligator Crack,0.1905439814814815,data/raw/road_damage/India/India/train/images/India_003345.jpg,RDD2022,India,train
India_003347.jpg,1,Alligator Crack,Alligator Crack,0.1232638888888889,data/raw/road_damage/India/India/train/images/India_003347.jpg,RDD2022,India,train
India_003352.jpg,1,Alligator Crack,Alligator Crack,0.0196759259259259,data/raw/road_damage/India/India/train/images/India_003352.jpg,RDD2022,India,train
India_003353.jpg,2,Pothole,Pothole,0.2513734567901234,data/raw/road_damage/India/India/train/images/India_003353.jpg,RDD2022,India,train
India_003354.jpg,2,Alligator Crack,Alligator Crack,0.0863194444444444,data/raw/road_damage/India/India/train/images/India_003354.jpg,RDD2022,India,train
India_003359.jpg,4,Alligator Crack|Longitudinal Crack,Longitudinal Crack,0.0911631944444444,data/raw/road_damage/India/India/train/images/India_003359.jpg,RDD2022,India,train
India_003362.jpg,5,Alligator Crack|Pothole,Pothole,0.0665046296296296,data/raw/road_damage/India/India/train/images/India_003362.jpg,RDD2022,India,train
India_003363.jpg,1,Longitudinal Crack,Longitudinal Crack,0.0466550925925925,data/raw/road_damage/India/India/train/images/India_003363.jpg,RDD2022,India,train
India_003365.jpg,7,Alligator Crack|Longitudinal Crack|Pothole,Longitudinal Crack,0.3108391203703703,data/raw/road_damage/India/India/train/images/India_003365.jpg,RDD2022,India,train
India_003366.jpg,1,Pothole,Pothole,0.1998784722222222,data/raw/road_damage/India/India/train/images/India_003366.jpg,RDD2022,India,train
India_003368.jpg,2,Longitudinal Crack|Pothole,Pothole,0.0780864197530864,data/raw/road_damage/India/India/train/images/India_003368.jpg,RDD2022,India,train
India_003370.jpg,1,Alligator Crack,Alligator Crack,0.1577353395061728,data/raw/road_damage/India/India/train/images/India_003370.jpg,RDD2022,India,train
India_003372.jpg,1,Alligator Crack,Alligator Crack,0.0413966049382716,data/raw/road_damage/India/India/train/images/India_003372.jpg,RDD2022,India,train
India_003373.jpg,5,Longitudinal Crack|Pothole,Longitudinal Crack,0.0196585648148148,data/raw/road_damage/India/India/train/images/India_003373.jpg,RDD2022,India,train
India_003376.jpg,3,Alligator Crack|Longitudinal Crack|Pothole,Pothole,0.0520408950617284,data/raw/road_damage/India/India/train/images/India_003376.jpg,RDD2022,India,train
India_003378.jpg,2,Alligator Crack|Longitudinal Crack,Alligator Crack,0.2086419753086419,data/raw/road_damage/India/India/train/images/India_003378.jpg,RDD2022,India,train
India_003384.jpg,6,Alligator Crack|Pothole,Pothole,0.0421585648148148,data/raw/road_damage/India/India/train/images/India_003384.jpg,RDD2022,India,train
India_003387.jpg,1,Longitudinal Crack,Longitudinal Crack,0.0129166666666666,data/raw/road_damage/India/India/train/images/India_003387.jpg,RDD2022,India,train
India_003388.jpg,1,Alligator Crack,Alligator Crack,0.2059220679012345,data/raw/road_damage/India/India/train/images/India_003388.jpg,RDD2022,India,train
India_003391.jpg,1,Pothole,Pothole,0.0187442129629629,data/raw/road_damage/India/India/train/images/India_003391.jpg,RDD2022,India,train
India_003392.jpg,1,Longitudinal Crack,Longitudinal Crack,0.0152777777777777,data/raw/road_damage/India/India/train/images/India_003392.jpg,RDD2022,India,train
India_003401.jpg,1,Transverse Crack,Transverse Crack,0.0306944444444444,data/raw/road_damage/India/India/train/images/India_003401.jpg,RDD2022,India,train
India_003404.jpg,1,Alligator Crack,Alligator Crack,0.0192418981481481,data/raw/road_damage/India/India/train/images/India_003404.jpg,RDD2022,India,train
India_003406.jpg,2,Alligator Crack|Pothole,Alligator Crack,0.1540798611111111,data/raw/road_damage/India/India/train/images/India_003406.jpg,RDD2022,India,train
India_003409.jpg,2,Alligator Crack,Alligator Crack,0.0688888888888888,data/raw/road_damage/India/India/train/images/India_003409.jpg,RDD2022,India,train
India_003411.jpg,8,Pothole,Pothole,0.050895061728395,data/raw/road_damage/India/India/train/images/India_003411.jpg,RDD2022,India,train
India_003412.jpg,2,Alligator Crack|Pothole,Alligator Crack,0.1474537037037037,data/raw/road_damage/India/India/train/images/India_003412.jpg,RDD2022,India,train
India_003414.jpg,4,Alligator Crack|Longitudinal Crack,Longitudinal Crack,0.1532098765432099,data/raw/road_damage/India/India/train/images/India_003414.jpg,RDD2022,India,train
India_003422.jpg,1,Pothole,Pothole,0.0286805555555555,data/raw/road_damage/India/India/train/images/India_003422.jpg,RDD2022,India,train
India_003424.jpg,4,Pothole,Pothole,0.0060898919753086,data/raw/road_damage/India/India/train/images/India_003424.jpg,RDD2022,India,train
India_003426.jpg,1,Pothole,Pothole,0.019182098765432,data/raw/road_damage/India/India/train/images/India_003426.jpg,RDD2022,India,train
India_003427.jpg,1,Alligator Crack,Alligator Crack,0.1953510802469135,data/raw/road_damage/India/India/train/images/India_003427.jpg,RDD2022,India,train
India_003431.jpg,2,Pothole,Pothole,0.1398148148148148,data/raw/road_damage/India/India/train/images/India_003431.jpg,RDD2022,India,train
India_003432.jpg,1,Alligator Crack,Alligator Crack,0.0751041666666666,data/raw/road_damage/India/India/train/images/India_003432.jpg,RDD2022,India,train
India_003433.jpg,3,Pothole,Pothole,0.0081635802469135,data/raw/road_damage/India/India/train/images/India_003433.jpg,RDD2022,India,train
India_003443.jpg,2,Alligator Crack,Alligator Crack,0.2144444444444444,data/raw/road_damage/India/India/train/images/India_003443.jpg,RDD2022,India,train
India_003444.jpg,1,Longitudinal Crack,Longitudinal Crack,0.020582561728395,data/raw/road_damage/India/India/train/images/India_003444.jpg,RDD2022,India,train
India_003445.jpg,1,Longitudinal Crack,Longitudinal Crack,0.0152777777777777,data/raw/road_damage/India/India/train/images/India_003445.jpg,RDD2022,India,train
India_003446.jpg,3,Alligator Crack|Pothole,Pothole,0.1606095679012345,data/raw/road_damage/India/India/train/images/India_003446.jpg,RDD2022,India,train
India_003452.jpg,1,Alligator Crack,Alligator Crack,0.1874074074074074,data/raw/road_damage/India/India/train/images/India_003452.jpg,RDD2022,India,train
India_003455.jpg,3,Alligator Crack|Longitudinal Crack,Longitudinal Crack,0.0531867283950617,data/raw/road_damage/India/India/train/images/India_003455.jpg,RDD2022,India,train
India_003462.jpg,2,Longitudinal Crack,Longitudinal Crack,0.0385416666666666,data/raw/road_damage/India/India/train/images/India_003462.jpg,RDD2022,India,train
India_003468.jpg,1,Alligator Crack,Alligator Crack,0.2234143518518518,data/raw/road_damage/India/India/train/images/India_003468.jpg,RDD2022,India,train
India_003469.jpg,1,Alligator Crack,Alligator Crack,0.1414853395061728,data/raw/road_damage/India/India/train/images/India_003469.jpg,RDD2022,India,train
India_003475.jpg,1,Pothole,Pothole,0.0011747685185185,data/raw/road_damage/India/India/train/images/India_003475.jpg,RDD2022,India,train
India_003480.jpg,1,Alligator Crack,Alligator Crack,0.1274151234567901,data/raw/road_damage/India/India/train/images/India_003480.jpg,RDD2022,India,train
India_003482.jpg,2,Alligator Crack|Longitudinal Crack,Alligator Crack,0.2439814814814815,data/raw/road_damage/India/India/train/images/India_003482.jpg,RDD2022,India,train
India_003490.jpg,7,Alligator Crack|Longitudinal Crack|Pothole,Pothole,0.2249787808641975,data/raw/road_damage/India/India/train/images/India_003490.jpg,RDD2022,India,train
India_003491.jpg,3,Longitudinal Crack,Longitudinal Crack,0.0369444444444444,data/raw/road_damage/India/India/train/images/India_003491.jpg,RDD2022,India,train
India_003494.jpg,1,Alligator Crack,Alligator Crack,0.0435474537037037,data/raw/road_damage/India/India/train/images/India_003494.jpg,RDD2022,India,train
India_003495.jpg,2,Pothole,Pothole,0.0047222222222222,data/raw/road_damage/India/India/train/images/India_003495.jpg,RDD2022,India,train
India_003496.jpg,2,Alligator Crack|Longitudinal Crack,Alligator Crack,0.2020023148148148,data/raw/road_damage/India/India/train/images/India_003496.jpg,RDD2022,India,train
India_003498.jpg,1,Longitudinal Crack,Longitudinal Crack,0.0513503086419753,data/raw/road_damage/India/India/train/images/India_003498.jpg,RDD2022,India,train
India_003502.jpg,1,Pothole,Pothole,0.0135416666666666,data/raw/road_damage/India/India/train/images/India_003502.jpg,RDD2022,India,train
India_003505.jpg,3,Alligator Crack|Longitudinal Crack,Longitudinal Crack,0.0760069444444444,data/raw/road_damage/India/India/train/images/India_003505.jpg,RDD2022,India,train
India_003507.jpg,1,Alligator Crack,Alligator Crack,0.1048206018518518,data/raw/road_damage/India/India/train/images/India_003507.jpg,RDD2022,India,train
India_003508.jpg,1,Alligator Crack,Alligator Crack,0.1436979166666666,data/raw/road_damage/India/India/train/images/India_003508.jpg,RDD2022,India,train
India_003512.jpg,5,Pothole,Pothole,0.0169714506172839,data/raw/road_damage/India/India/train/images/India_003512.jpg,RDD2022,India,train
India_003515.jpg,1,Alligator Crack,Alligator Crack,0.0553163580246913,data/raw/road_damage/India/India/train/images/India_003515.jpg,RDD2022,India,train
India_003522.jpg,1,Longitudinal Crack,Longitudinal Crack,0.0363811728395061,data/raw/road_damage/India/India/train/images/India_003522.jpg,RDD2022,India,train
India_003523.jpg,1,Longitudinal Crack,Longitudinal Crack,0.0614621913580246,data/raw/road_damage/India/India/train/images/India_003523.jpg,RDD2022,India,train
India_003535.jpg,6,Longitudinal Crack|Pothole,Pothole,0.0330555555555555,data/raw/road_damage/India/India/train/images/India_003535.jpg,RDD2022,India,train
India_003539.jpg,2,Alligator Crack|Transverse Crack,Transverse Crack,0.0376543209876543,data/raw/road_damage/India/India/train/images/India_003539.jpg,RDD2022,India,train
India_003542.jpg,3,Pothole,Pothole,0.0086111111111111,data/raw/road_damage/India/India/train/images/India_003542.jpg,RDD2022,India,train
India_003543.jpg,1,Alligator Crack,Alligator Crack,0.1183159722222222,data/raw/road_damage/India/India/train/images/India_003543.jpg,RDD2022,India,train
India_003546.jpg,1,Alligator Crack,Alligator Crack,0.1610956790123456,data/raw/road_damage/India/India/train/images/India_003546.jpg,RDD2022,India,train
India_003547.jpg,1,Pothole,Pothole,0.0023321759259259,data/raw/road_damage/India/India/train/images/India_003547.jpg,RDD2022,India,train
India_003548.jpg,1,Alligator Crack,Alligator Crack,0.0884355709876543,data/raw/road_damage/India/India/train/images/India_003548.jpg,RDD2022,India,train
India_003550.jpg,2,Alligator Crack|Pothole,Pothole,0.1656867283950617,data/raw/road_damage/India/India/train/images/India_003550.jpg,RDD2022,India,train
India_003553.jpg,6,Longitudinal Crack|Pothole,Pothole,0.0233333333333333,data/raw/road_damage/India/India/train/images/India_003553.jpg,RDD2022,India,train
India_003556.jpg,2,Alligator Crack|Pothole,Pothole,0.0590277777777777,data/raw/road_damage/India/India/train/images/India_003556.jpg,RDD2022,India,train
India_003558.jpg,1,Longitudinal Crack,Longitudinal Crack,0.0636631944444444,data/raw/road_damage/India/India/train/images/India_003558.jpg,RDD2022,India,train
India_003560.jpg,3,Alligator Crack|Longitudinal Crack,Longitudinal Crack,0.1947357253086419,data/raw/road_damage/India/India/train/images/India_003560.jpg,RDD2022,India,train
India_003561.jpg,4,Pothole,Pothole,0.1334066358024691,data/raw/road_damage/India/India/train/images/India_003561.jpg,RDD2022,India,train
India_003565.jpg,13,Alligator Crack|Longitudinal Crack|Pothole,Pothole,0.0362692901234567,data/raw/road_damage/India/India/train/images/India_003565.jpg,RDD2022,India,train
India_003566.jpg,1,Longitudinal Crack,Longitudinal Crack,0.0318981481481481,data/raw/road_damage/India/India/train/images/India_003566.jpg,RDD2022,India,train
India_003567.jpg,10,Alligator Crack|Longitudinal Crack|Pothole,Pothole,0.0198765432098765,data/raw/road_damage/India/India/train/images/India_003567.jpg,RDD2022,India,train
India_003568.jpg,1,Alligator Crack,Alligator Crack,0.1191358024691358,data/raw/road_damage/India/India/train/images/India_003568.jpg,RDD2022,India,train
India_003569.jpg,1,Longitudinal Crack,Longitudinal Crack,0.0095293209876543,data/raw/road_damage/India/India/train/images/India_003569.jpg,RDD2022,India,train
India_003571.jpg,1,Pothole,Pothole,0.0220679012345679,data/raw/road_damage/India/India/train/images/India_003571.jpg,RDD2022,India,train
India_003576.jpg,4,Alligator Crack|Pothole,Alligator Crack,0.0461419753086419,data/raw/road_damage/India/India/train/images/India_003576.jpg,RDD2022,India,train
India_003586.jpg,1,Alligator Crack,Alligator Crack,0.1844135802469135,data/raw/road_damage/India/India/train/images/India_003586.jpg,RDD2022,India,train
India_003587.jpg,3,Alligator Crack|Longitudinal Crack,Longitudinal Crack,0.0725308641975308,data/raw/road_damage/India/India/train/images/India_003587.jpg,RDD2022,India,train
India_003589.jpg,1,Longitudinal Crack,Longitudinal Crack,0.0081288580246913,data/raw/road_damage/India/India/train/images/India_003589.jpg,RDD2022,India,train
India_003592.jpg,2,Longitudinal Crack,Longitudinal Crack,0.0701234567901234,data/raw/road_damage/India/India/train/images/India_003592.jpg,RDD2022,India,train
India_003597.jpg,1,Alligator Crack,Alligator Crack,0.0516666666666666,data/raw/road_damage/India/India/train/images/India_003597.jpg,RDD2022,India,train
India_003599.jpg,1,Alligator Crack,Alligator Crack,0.1255208333333333,data/raw/road_damage/India/India/train/images/India_003599.jpg,RDD2022,India,train
India_003601.jpg,3,Alligator Crack|Longitudinal Crack,Longitudinal Crack,0.0639930555555555,data/raw/road_damage/India/India/train/images/India_003601.jpg,RDD2022,India,train
India_003605.jpg,1,Alligator Crack,Alligator Crack,0.0660146604938271,data/raw/road_damage/India/India/train/images/India_003605.jpg,RDD2022,India,train
India_003609.jpg,3,Alligator Crack|Pothole,Pothole,0.0494618055555555,data/raw/road_damage/India/India/train/images/India_003609.jpg,RDD2022,India,train
India_003610.jpg,3,Longitudinal Crack|Pothole,Longitudinal Crack,0.0337037037037037,data/raw/road_damage/India/India/train/images/India_003610.jpg,RDD2022,India,train
India_003611.jpg,1,Pothole,Pothole,0.0146412037037037,data/raw/road_damage/India/India/train/images/India_003611.jpg,RDD2022,India,train
India_003614.jpg,1,Alligator Crack,Alligator Crack,0.1972569444444444,data/raw/road_damage/India/India/train/images/India_003614.jpg,RDD2022,India,train
India_003616.jpg,3,Alligator Crack,Alligator Crack,0.0212962962962962,data/raw/road_damage/India/India/train/images/India_003616.jpg,RDD2022,India,train
India_003619.jpg,1,Pothole,Pothole,0.1087114197530864,data/raw/road_damage/India/India/train/images/India_003619.jpg,RDD2022,India,train
India_003624.jpg,5,Alligator Crack|Pothole,Pothole,0.3239969135802469,data/raw/road_damage/India/India/train/images/India_003624.jpg,RDD2022,India,train
India_003631.jpg,1,Alligator Crack,Alligator Crack,0.075733024691358,data/raw/road_damage/India/India/train/images/India_003631.jpg,RDD2022,India,train
India_003632.jpg,2,Alligator Crack|Longitudinal Crack,Alligator Crack,0.4007716049382716,data/raw/road_damage/India/India/train/images/India_003632.jpg,RDD2022,India,train
India_003634.jpg,2,Alligator Crack|Longitudinal Crack,Alligator Crack,0.0541666666666666,data/raw/road_damage/India/India/train/images/India_003634.jpg,RDD2022,India,train
India_003636.jpg,1,Alligator Crack,Alligator Crack,0.1238233024691358,data/raw/road_damage/India/India/train/images/India_003636.jpg,RDD2022,India,train
India_003642.jpg,1,Alligator Crack,Alligator Crack,0.0821797839506172,data/raw/road_damage/India/India/train/images/India_003642.jpg,RDD2022,India,train
India_003648.jpg,2,Alligator Crack|Longitudinal Crack,Longitudinal Crack,0.1147993827160493,data/raw/road_damage/India/India/train/images/India_003648.jpg,RDD2022,India,train
India_003651.jpg,2,Alligator Crack,Alligator Crack,0.0159722222222222,data/raw/road_damage/India/India/train/images/India_003651.jpg,RDD2022,India,train
India_003652.jpg,1,Alligator Crack,Alligator Crack,0.2002121913580247,data/raw/road_damage/India/India/train/images/India_003652.jpg,RDD2022,India,train
India_003654.jpg,5,Alligator Crack|Longitudinal Crack|Pothole,Pothole,0.5433912037037038,data/raw/road_damage/India/India/train/images/India_003654.jpg,RDD2022,India,train
India_003658.jpg,2,Alligator Crack|Pothole,Alligator Crack,0.1420929783950617,data/raw/road_damage/India/India/train/images/India_003658.jpg,RDD2022,India,train
India_003660.jpg,3,Alligator Crack|Pothole,Pothole,0.1449537037037037,data/raw/road_damage/India/India/train/images/India_003660.jpg,RDD2022,India,train
India_003667.jpg,4,Alligator Crack|Longitudinal Crack,Longitudinal Crack,0.0355902777777777,data/raw/road_damage/India/India/train/images/India_003667.jpg,RDD2022,India,train
India_003668.jpg,2,Alligator Crack|Longitudinal Crack,Longitudinal Crack,0.0401601080246913,data/raw/road_damage/India/India/train/images/India_003668.jpg,RDD2022,India,train
India_003674.jpg,3,Alligator Crack|Longitudinal Crack,Longitudinal Crack,0.0876543209876543,data/raw/road_damage/India/India/train/images/India_003674.jpg,RDD2022,India,train
India_003677.jpg,1,Alligator Crack,Alligator Crack,0.0798032407407407,data/raw/road_damage/India/India/train/images/India_003677.jpg,RDD2022,India,train
India_003681.jpg,1,Longitudinal Crack,Longitudinal Crack,0.0168248456790123,data/raw/road_damage/India/India/train/images/India_003681.jpg,RDD2022,India,train
India_003682.jpg,1,Pothole,Pothole,0.0190393518518518,data/raw/road_damage/India/India/train/images/India_003682.jpg,RDD2022,India,train
India_003683.jpg,1,Alligator Crack,Alligator Crack,0.0238734567901234,data/raw/road_damage/India/India/train/images/India_003683.jpg,RDD2022,India,train
India_003684.jpg,1,Longitudinal Crack,Longitudinal Crack,0.0484606481481481,data/raw/road_damage/India/India/train/images/India_003684.jpg,RDD2022,India,train
India_003686.jpg,2,Alligator Crack|Pothole,Alligator Crack,0.01375,data/raw/road_damage/India/India/train/images/India_003686.jpg,RDD2022,India,train
India_003691.jpg,1,Alligator Crack,Alligator Crack,0.0635725308641975,data/raw/road_damage/India/India/train/images/India_003691.jpg,RDD2022,India,train
India_003696.jpg,1,Pothole,Pothole,0.0217669753086419,data/raw/road_damage/India/India/train/images/India_003696.jpg,RDD2022,India,train
India_003697.jpg,2,Alligator Crack|Pothole,Alligator Crack,0.0204938271604938,data/raw/road_damage/India/India/train/images/India_003697.jpg,RDD2022,India,train
India_003699.jpg,1,Pothole,Pothole,0.0096489197530864,data/raw/road_damage/India/India/train/images/India_003699.jpg,RDD2022,India,train
India_003700.jpg,2,Pothole,Pothole,0.0227199074074074,data/raw/road_damage/India/India/train/images/India_003700.jpg,RDD2022,India,train
India_003701.jpg,1,Alligator Crack,Alligator Crack,0.1809567901234567,data/raw/road_damage/India/India/train/images/India_003701.jpg,RDD2022,India,train
India_003702.jpg,3,Alligator Crack|Pothole,Pothole,0.2629359567901234,data/raw/road_damage/India/India/train/images/India_003702.jpg,RDD2022,India,train
India_003704.jpg,3,Alligator Crack|Pothole,Pothole,0.1591840277777777,data/raw/road_damage/India/India/train/images/India_003704.jpg,RDD2022,India,train
India_003709.jpg,1,Pothole,Pothole,0.0935474537037037,data/raw/road_damage/India/India/train/images/India_003709.jpg,RDD2022,India,train
India_003710.jpg,1,Pothole,Pothole,0.0105246913580246,data/raw/road_damage/India/India/train/images/India_003710.jpg,RDD2022,India,train
India_003712.jpg,1,Alligator Crack,Alligator Crack,0.1239583333333333,data/raw/road_damage/India/India/train/images/India_003712.jpg,RDD2022,India,train
India_003722.jpg,3,Alligator Crack|Longitudinal Crack|Pothole,Alligator Crack,0.2343460648148148,data/raw/road_damage/India/India/train/images/India_003722.jpg,RDD2022,India,train
India_003724.jpg,1,Longitudinal Crack,Longitudinal Crack,0.0333294753086419,data/raw/road_damage/India/India/train/images/India_003724.jpg,RDD2022,India,train
India_003731.jpg,2,Longitudinal Crack|Pothole,Pothole,0.0584529320987654,data/raw/road_damage/India/India/train/images/India_003731.jpg,RDD2022,India,train
India_003733.jpg,2,Alligator Crack,Alligator Crack,0.1388541666666666,data/raw/road_damage/India/India/train/images/India_003733.jpg,RDD2022,India,train
India_003734.jpg,1,Longitudinal Crack,Longitudinal Crack,0.0204166666666666,data/raw/road_damage/India/India/train/images/India_003734.jpg,RDD2022,India,train
India_003736.jpg,2,Longitudinal Crack,Longitudinal Crack,0.0224826388888888,data/raw/road_damage/India/India/train/images/India_003736.jpg,RDD2022,India,train
India_003738.jpg,3,Alligator Crack|Longitudinal Crack,Longitudinal Crack,0.0338657407407407,data/raw/road_damage/India/India/train/images/India_003738.jpg,RDD2022,India,train
India_003739.jpg,1,Alligator Crack,Alligator Crack,0.2444444444444444,data/raw/road_damage/India/India/train/images/India_003739.jpg,RDD2022,India,train
India_003741.jpg,7,Longitudinal Crack|Pothole,Pothole,0.0766936728395061,data/raw/road_damage/India/India/train/images/India_003741.jpg,RDD2022,India,train
India_003742.jpg,1,Longitudinal Crack,Longitudinal Crack,0.0027604166666666,data/raw/road_damage/India/India/train/images/India_003742.jpg,RDD2022,India,train
India_003747.jpg,2,Longitudinal Crack|Pothole,Pothole,0.03859375,data/raw/road_damage/India/India/train/images/India_003747.jpg,RDD2022,India,train
India_003751.jpg,2,Longitudinal Crack,Longitudinal Crack,0.1614158950617284,data/raw/road_damage/India/India/train/images/India_003751.jpg,RDD2022,India,train
India_003754.jpg,1,Alligator Crack,Alligator Crack,0.1304398148148148,data/raw/road_damage/India/India/train/images/India_003754.jpg,RDD2022,India,train
India_003755.jpg,1,Longitudinal Crack,Longitudinal Crack,0.0099652777777777,data/raw/road_damage/India/India/train/images/India_003755.jpg,RDD2022,India,train
India_003757.jpg,1,Alligator Crack,Alligator Crack,0.2095756172839506,data/raw/road_damage/India/India/train/images/India_003757.jpg,RDD2022,India,train
India_003759.jpg,1,Pothole,Pothole,0.1640914351851851,data/raw/road_damage/India/India/train/images/India_003759.jpg,RDD2022,India,train
India_003760.jpg,1,Alligator Crack,Alligator Crack,0.1968113425925926,data/raw/road_damage/India/India/train/images/India_003760.jpg,RDD2022,India,train
India_003761.jpg,1,Pothole,Pothole,0.0193557098765432,data/raw/road_damage/India/India/train/images/India_003761.jpg,RDD2022,India,train
India_003764.jpg,2,Pothole,Pothole,0.0067901234567901,data/raw/road_damage/India/India/train/images/India_003764.jpg,RDD2022,India,train
India_003766.jpg,2,Alligator Crack,Alligator Crack,0.0357118055555555,data/raw/road_damage/India/India/train/images/India_003766.jpg,RDD2022,India,train
India_003767.jpg,1,Alligator Crack,Alligator Crack,0.1970486111111111,data/raw/road_damage/India/India/train/images/India_003767.jpg,RDD2022,India,train
India_003769.jpg,1,Alligator Crack,Alligator Crack,0.233497299382716,data/raw/road_damage/India/India/train/images/India_003769.jpg,RDD2022,India,train
India_003774.jpg,6,Alligator Crack|Longitudinal Crack|Pothole,Pothole,0.0140817901234567,data/raw/road_damage/India/India/train/images/India_003774.jpg,RDD2022,India,train
India_003776.jpg,2,Pothole,Pothole,0.1770929783950617,data/raw/road_damage/India/India/train/images/India_003776.jpg,RDD2022,India,train
India_003778.jpg,2,Longitudinal Crack|Pothole,Longitudinal Crack,0.045005787037037,data/raw/road_damage/India/India/train/images/India_003778.jpg,RDD2022,India,train
India_003780.jpg,1,Alligator Crack,Alligator Crack,0.03,data/raw/road_damage/India/India/train/images/India_003780.jpg,RDD2022,India,train
India_003784.jpg,1,Longitudinal Crack,Longitudinal Crack,0.0078973765432098,data/raw/road_damage/India/India/train/images/India_003784.jpg,RDD2022,India,train
India_003788.jpg,1,Alligator Crack,Alligator Crack,0.1820833333333333,data/raw/road_damage/India/India/train/images/India_003788.jpg,RDD2022,India,train
India_003789.jpg,1,Alligator Crack,Alligator Crack,0.0342361111111111,data/raw/road_damage/India/India/train/images/India_003789.jpg,RDD2022,India,train
India_003795.jpg,1,Pothole,Pothole,0.0511188271604938,data/raw/road_damage/India/India/train/images/India_003795.jpg,RDD2022,India,train
India_003800.jpg,1,Longitudinal Crack,Longitudinal Crack,0.0251736111111111,data/raw/road_damage/India/India/train/images/India_003800.jpg,RDD2022,India,train
India_003805.jpg,3,Alligator Crack|Pothole,Alligator Crack,0.0271875,data/raw/road_damage/India/India/train/images/India_003805.jpg,RDD2022,India,train
India_003806.jpg,3,Longitudinal Crack|Pothole,Pothole,0.0209452160493827,data/raw/road_damage/India/India/train/images/India_003806.jpg,RDD2022,India,train
India_003810.jpg,4,Longitudinal Crack,Longitudinal Crack,0.0222376543209876,data/raw/road_damage/India/India/train/images/India_003810.jpg,RDD2022,India,train
India_003814.jpg,1,Alligator Crack,Alligator Crack,0.18125,data/raw/road_damage/India/India/train/images/India_003814.jpg,RDD2022,India,train
India_003817.jpg,4,Pothole,Pothole,0.0513541666666666,data/raw/road_damage/India/India/train/images/India_003817.jpg,RDD2022,India,train
India_003820.jpg,1,Longitudinal Crack,Longitudinal Crack,0.0576041666666666,data/raw/road_damage/India/India/train/images/India_003820.jpg,RDD2022,India,train
India_003824.jpg,1,Alligator Crack,Alligator Crack,0.0628703703703703,data/raw/road_damage/India/India/train/images/India_003824.jpg,RDD2022,India,train
India_003825.jpg,3,Alligator Crack|Longitudinal Crack,Longitudinal Crack,0.1079533179012345,data/raw/road_damage/India/India/train/images/India_003825.jpg,RDD2022,India,train
India_003827.jpg,1,Alligator Crack,Alligator Crack,0.0313001543209876,data/raw/road_damage/India/India/train/images/India_003827.jpg,RDD2022,India,train
India_003828.jpg,3,Alligator Crack|Longitudinal Crack,Longitudinal Crack,0.0321373456790123,data/raw/road_damage/India/India/train/images/India_003828.jpg,RDD2022,India,train
India_003831.jpg,1,Alligator Crack,Alligator Crack,0.1934722222222222,data/raw/road_damage/India/India/train/images/India_003831.jpg,RDD2022,India,train
India_003832.jpg,1,Alligator Crack,Alligator Crack,0.1600443672839506,data/raw/road_damage/India/India/train/images/India_003832.jpg,RDD2022,India,train
India_003835.jpg,2,Alligator Crack|Pothole,Alligator Crack,0.0502314814814814,data/raw/road_damage/India/India/train/images/India_003835.jpg,RDD2022,India,train
India_003838.jpg,1,Alligator Crack,Alligator Crack,0.1650462962962963,data/raw/road_damage/India/India/train/images/India_003838.jpg,RDD2022,India,train
India_003839.jpg,2,Alligator Crack|Longitudinal Crack,Longitudinal Crack,0.0417534722222222,data/raw/road_damage/India/India/train/images/India_003839.jpg,RDD2022,India,train
India_003841.jpg,2,Longitudinal Crack|Transverse Crack,Transverse Crack,0.0384066358024691,data/raw/road_damage/India/India/train/images/India_003841.jpg,RDD2022,India,train
India_003842.jpg,4,Alligator Crack|Longitudinal Crack,Longitudinal Crack,0.1203703703703703,data/raw/road_damage/India/India/train/images/India_003842.jpg,RDD2022,India,train
India_003849.jpg,2,Longitudinal Crack,Longitudinal Crack,0.0866666666666666,data/raw/road_damage/India/India/train/images/India_003849.jpg,RDD2022,India,train
India_003850.jpg,2,Alligator Crack|Longitudinal Crack,Longitudinal Crack,0.223966049382716,data/raw/road_damage/India/India/train/images/India_003850.jpg,RDD2022,India,train
India_003852.jpg,1,Alligator Crack,Alligator Crack,0.0341203703703703,data/raw/road_damage/India/India/train/images/India_003852.jpg,RDD2022,India,train
India_003854.jpg,2,Longitudinal Crack,Longitudinal Crack,0.010625,data/raw/road_damage/India/India/train/images/India_003854.jpg,RDD2022,India,train
India_003857.jpg,8,Alligator Crack|Longitudinal Crack|Pothole,Pothole,0.0476388888888888,data/raw/road_damage/India/India/train/images/India_003857.jpg,RDD2022,India,train
India_003864.jpg,3,Longitudinal Crack|Pothole,Pothole,0.0191300154320987,data/raw/road_damage/India/India/train/images/India_003864.jpg,RDD2022,India,train
India_003865.jpg,2,Alligator Crack|Pothole,Alligator Crack,0.1166666666666666,data/raw/road_damage/India/India/train/images/India_003865.jpg,RDD2022,India,train
India_003867.jpg,1,Alligator Crack,Alligator Crack,0.1806172839506173,data/raw/road_damage/India/India/train/images/India_003867.jpg,RDD2022,India,train
India_003872.jpg,1,Pothole,Pothole,0.0658043981481481,data/raw/road_damage/India/India/train/images/India_003872.jpg,RDD2022,India,train
India_003878.jpg,3,Pothole,Pothole,0.0119849537037037,data/raw/road_damage/India/India/train/images/India_003878.jpg,RDD2022,India,train
India_003879.jpg,3,Pothole,Pothole,0.01453125,data/raw/road_damage/India/India/train/images/India_003879.jpg,RDD2022,India,train
India_003881.jpg,1,Alligator Crack,Alligator Crack,0.1346469907407407,data/raw/road_damage/India/India/train/images/India_003881.jpg,RDD2022,India,train
India_003882.jpg,1,Longitudinal Crack,Longitudinal Crack,0.0386631944444444,data/raw/road_damage/India/India/train/images/India_003882.jpg,RDD2022,India,train
India_003883.jpg,2,Alligator Crack|Pothole,Pothole,0.1557966820987654,data/raw/road_damage/India/India/train/images/India_003883.jpg,RDD2022,India,train
India_003884.jpg,3,Alligator Crack|Pothole,Pothole,0.1725019290123456,data/raw/road_damage/India/India/train/images/India_003884.jpg,RDD2022,India,train
India_003885.jpg,5,Longitudinal Crack|Transverse Crack,Longitudinal Crack,0.0294212962962962,data/raw/road_damage/India/India/train/images/India_003885.jpg,RDD2022,India,train
India_003886.jpg,4,Longitudinal Crack|Pothole,Pothole,0.0075347222222222,data/raw/road_damage/India/India/train/images/India_003886.jpg,RDD2022,India,train
India_003901.jpg,2,Longitudinal Crack,Longitudinal Crack,0.0272569444444444,data/raw/road_damage/India/India/train/images/India_003901.jpg,RDD2022,India,train
India_003908.jpg,1,Longitudinal Crack,Longitudinal Crack,0.01734375,data/raw/road_damage/India/India/train/images/India_003908.jpg,RDD2022,India,train
India_003909.jpg,2,Pothole,Pothole,0.0037345679012345,data/raw/road_damage/India/India/train/images/India_003909.jpg,RDD2022,India,train
India_003911.jpg,3,Pothole,Pothole,0.0097222222222222,data/raw/road_damage/India/India/train/images/India_003911.jpg,RDD2022,India,train
India_003913.jpg,2,Alligator Crack|Pothole,Pothole,0.1859375,data/raw/road_damage/India/India/train/images/India_003913.jpg,RDD2022,India,train
India_003917.jpg,1,Alligator Crack,Alligator Crack,0.0150848765432098,data/raw/road_damage/India/India/train/images/India_003917.jpg,RDD2022,India,train
India_003919.jpg,2,Alligator Crack|Longitudinal Crack,Alligator Crack,0.1306134259259259,data/raw/road_damage/India/India/train/images/India_003919.jpg,RDD2022,India,train
India_003920.jpg,1,Alligator Crack,Alligator Crack,0.1832561728395061,data/raw/road_damage/India/India/train/images/India_003920.jpg,RDD2022,India,train
India_003923.jpg,2,Pothole,Pothole,0.0018672839506172,data/raw/road_damage/India/India/train/images/India_003923.jpg,RDD2022,India,train
India_003925.jpg,3,Pothole,Pothole,0.0405092592592592,data/raw/road_damage/India/India/train/images/India_003925.jpg,RDD2022,India,train
India_003926.jpg,4,Alligator Crack|Longitudinal Crack|Pothole,Pothole,0.0380015432098765,data/raw/road_damage/India/India/train/images/India_003926.jpg,RDD2022,India,train
India_003928.jpg,1,Alligator Crack,Alligator Crack,0.1111033950617284,data/raw/road_damage/India/India/train/images/India_003928.jpg,RDD2022,India,train
India_003929.jpg,1,Longitudinal Crack,Longitudinal Crack,0.0311844135802469,data/raw/road_damage/India/India/train/images/India_003929.jpg,RDD2022,India,train
India_003936.jpg,5,Pothole,Pothole,0.0515567129629629,data/raw/road_damage/India/India/train/images/India_003936.jpg,RDD2022,India,train
India_003938.jpg,1,Longitudinal Crack,Longitudinal Crack,0.0770042438271604,data/raw/road_damage/India/India/train/images/India_003938.jpg,RDD2022,India,train
India_003939.jpg,1,Pothole,Pothole,0.0797627314814814,data/raw/road_damage/India/India/train/images/India_003939.jpg,RDD2022,India,train
India_003941.jpg,6,Alligator Crack|Longitudinal Crack|Pothole,Pothole,0.1550366512345679,data/raw/road_damage/India/India/train/images/India_003941.jpg,RDD2022,India,train
India_003943.jpg,7,Longitudinal Crack,Longitudinal Crack,0.0167901234567901,data/raw/road_damage/India/India/train/images/India_003943.jpg,RDD2022,India,train
India_003944.jpg,1,Longitudinal Crack,Longitudinal Crack,0.0168113425925925,data/raw/road_damage/India/India/train/images/India_003944.jpg,RDD2022,India,train
India_003946.jpg,1,Alligator Crack,Alligator Crack,0.0356481481481481,data/raw/road_damage/India/India/train/images/India_003946.jpg,RDD2022,India,train
India_003948.jpg,2,Alligator Crack,Alligator Crack,0.1340123456790123,data/raw/road_damage/India/India/train/images/India_003948.jpg,RDD2022,India,train
India_003951.jpg,4,Pothole,Pothole,0.13609375,data/raw/road_damage/India/India/train/images/India_003951.jpg,RDD2022,India,train
India_003953.jpg,2,Alligator Crack|Longitudinal Crack,Alligator Crack,0.1852777777777778,data/raw/road_damage/India/India/train/images/India_003953.jpg,RDD2022,India,train
India_003954.jpg,2,Longitudinal Crack,Longitudinal Crack,0.0449768518518518,data/raw/road_damage/India/India/train/images/India_003954.jpg,RDD2022,India,train
India_003967.jpg,1,Pothole,Pothole,0.0064699074074074,data/raw/road_damage/India/India/train/images/India_003967.jpg,RDD2022,India,train
India_003969.jpg,1,Longitudinal Crack,Longitudinal Crack,0.0102430555555555,data/raw/road_damage/India/India/train/images/India_003969.jpg,RDD2022,India,train
India_003973.jpg,3,Pothole,Pothole,0.0457484567901234,data/raw/road_damage/India/India/train/images/India_003973.jpg,RDD2022,India,train
India_003975.jpg,5,Alligator Crack|Longitudinal Crack|Pothole,Pothole,0.0400771604938271,data/raw/road_damage/India/India/train/images/India_003975.jpg,RDD2022,India,train
India_003976.jpg,3,Alligator Crack|Longitudinal Crack|Pothole,Alligator Crack,0.1621797839506172,data/raw/road_damage/India/India/train/images/India_003976.jpg,RDD2022,India,train
India_003980.jpg,4,Alligator Crack|Pothole,Pothole,0.0867168209876543,data/raw/road_damage/India/India/train/images/India_003980.jpg,RDD2022,India,train
India_003981.jpg,1,Longitudinal Crack,Longitudinal Crack,0.0264737654320987,data/raw/road_damage/India/India/train/images/India_003981.jpg,RDD2022,India,train
India_003983.jpg,1,Alligator Crack,Alligator Crack,0.2005516975308642,data/raw/road_damage/India/India/train/images/India_003983.jpg,RDD2022,India,train
India_003987.jpg,1,Pothole,Pothole,0.003804012345679,data/raw/road_damage/India/India/train/images/India_003987.jpg,RDD2022,India,train
India_003992.jpg,1,Alligator Crack,Alligator Crack,0.1981211419753086,data/raw/road_damage/India/India/train/images/India_003992.jpg,RDD2022,India,train
India_003993.jpg,3,Alligator Crack|Pothole,Pothole,0.2045138888888888,data/raw/road_damage/India/India/train/images/India_003993.jpg,RDD2022,India,train
India_003999.jpg,1,Alligator Crack,Alligator Crack,0.1837692901234568,data/raw/road_damage/India/India/train/images/India_003999.jpg,RDD2022,India,train
India_004001.jpg,1,Longitudinal Crack,Longitudinal Crack,0.0747935956790123,data/raw/road_damage/India/India/train/images/India_004001.jpg,RDD2022,India,train
India_004003.jpg,5,Pothole,Pothole,0.0246296296296296,data/raw/road_damage/India/India/train/images/India_004003.jpg,RDD2022,India,train
India_004004.jpg,1,Alligator Crack,Alligator Crack,0.1515586419753086,data/raw/road_damage/India/India/train/images/India_004004.jpg,RDD2022,India,train
India_004011.jpg,1,Alligator Crack,Alligator Crack,0.2193209876543209,data/raw/road_damage/India/India/train/images/India_004011.jpg,RDD2022,India,train
India_004022.jpg,5,Longitudinal Crack|Pothole,Pothole,0.033233024691358,data/raw/road_damage/India/India/train/images/India_004022.jpg,RDD2022,India,train
India_004028.jpg,8,Longitudinal Crack|Pothole,Pothole,0.015210262345679,data/raw/road_damage/India/India/train/images/India_004028.jpg,RDD2022,India,train
India_004029.jpg,3,Pothole,Pothole,0.06015625,data/raw/road_damage/India/India/train/images/India_004029.jpg,RDD2022,India,train
India_004033.jpg,3,Pothole,Pothole,0.002608024691358,data/raw/road_damage/India/India/train/images/India_004033.jpg,RDD2022,India,train
India_004035.jpg,2,Longitudinal Crack,Longitudinal Crack,0.0142592592592592,data/raw/road_damage/India/India/train/images/India_004035.jpg,RDD2022,India,train
India_004039.jpg,1,Alligator Crack,Alligator Crack,0.2229629629629629,data/raw/road_damage/India/India/train/images/India_004039.jpg,RDD2022,India,train
India_004040.jpg,1,Alligator Crack,Alligator Crack,0.179537037037037,data/raw/road_damage/India/India/train/images/India_004040.jpg,RDD2022,India,train
India_004043.jpg,2,Longitudinal Crack|Pothole,Longitudinal Crack,0.0246296296296296,data/raw/road_damage/India/India/train/images/India_004043.jpg,RDD2022,India,train
India_004047.jpg,7,Pothole,Pothole,0.0730555555555555,data/raw/road_damage/India/India/train/images/India_004047.jpg,RDD2022,India,train
India_004051.jpg,2,Alligator Crack,Alligator Crack,0.0713078703703703,data/raw/road_damage/India/India/train/images/India_004051.jpg,RDD2022,India,train
India_004060.jpg,2,Alligator Crack|Pothole,Alligator Crack,0.2063078703703703,data/raw/road_damage/India/India/train/images/India_004060.jpg,RDD2022,India,train
India_004061.jpg,2,Alligator Crack,Alligator Crack,0.0358024691358024,data/raw/road_damage/India/India/train/images/India_004061.jpg,RDD2022,India,train
India_004064.jpg,2,Alligator Crack,Alligator Crack,0.086875,data/raw/road_damage/India/India/train/images/India_004064.jpg,RDD2022,India,train
India_004065.jpg,2,Pothole,Pothole,0.1370293209876543,data/raw/road_damage/India/India/train/images/India_004065.jpg,RDD2022,India,train
India_004066.jpg,5,Alligator Crack|Longitudinal Crack,Longitudinal Crack,0.0421257716049382,data/raw/road_damage/India/India/train/images/India_004066.jpg,RDD2022,India,train
India_004070.jpg,1,Pothole,Pothole,0.018912037037037,data/raw/road_damage/India/India/train/images/India_004070.jpg,RDD2022,India,train
India_004071.jpg,3,Alligator Crack|Longitudinal Crack,Alligator Crack,0.2049131944444444,data/raw/road_damage/India/India/train/images/India_004071.jpg,RDD2022,India,train
India_004073.jpg,2,Alligator Crack|Longitudinal Crack,Alligator Crack,0.1211728395061728,data/raw/road_damage/India/India/train/images/India_004073.jpg,RDD2022,India,train
India_004074.jpg,1,Alligator Crack,Alligator Crack,0.1955787037037037,data/raw/road_damage/India/India/train/images/India_004074.jpg,RDD2022,India,train
India_004077.jpg,1,Longitudinal Crack,Longitudinal Crack,0.0146913580246913,data/raw/road_damage/India/India/train/images/India_004077.jpg,RDD2022,India,train
India_004080.jpg,1,Alligator Crack,Alligator Crack,0.0632098765432098,data/raw/road_damage/India/India/train/images/India_004080.jpg,RDD2022,India,train
India_004081.jpg,1,Longitudinal Crack,Longitudinal Crack,0.022145061728395,data/raw/road_damage/India/India/train/images/India_004081.jpg,RDD2022,India,train
India_004084.jpg,1,Alligator Crack,Alligator Crack,0.0547164351851851,data/raw/road_damage/India/India/train/images/India_004084.jpg,RDD2022,India,train
India_004086.jpg,1,Alligator Crack,Alligator Crack,0.0930883487654321,data/raw/road_damage/India/India/train/images/India_004086.jpg,RDD2022,India,train
India_004091.jpg,2,Pothole,Pothole,0.0175925925925925,data/raw/road_damage/India/India/train/images/India_004091.jpg,RDD2022,India,train
India_004092.jpg,2,Alligator Crack,Alligator Crack,0.1120389660493827,data/raw/road_damage/India/India/train/images/India_004092.jpg,RDD2022,India,train
India_004100.jpg,2,Pothole,Pothole,0.0543209876543209,data/raw/road_damage/India/India/train/images/India_004100.jpg,RDD2022,India,train
India_004101.jpg,1,Alligator Crack,Alligator Crack,0.1844367283950617,data/raw/road_damage/India/India/train/images/India_004101.jpg,RDD2022,India,train
India_004102.jpg,1,Alligator Crack,Alligator Crack,0.1063078703703703,data/raw/road_damage/India/India/train/images/India_004102.jpg,RDD2022,India,train
India_004104.jpg,4,Pothole,Pothole,0.0390625,data/raw/road_damage/India/India/train/images/India_004104.jpg,RDD2022,India,train
India_004107.jpg,1,Pothole,Pothole,0.0089621913580246,data/raw/road_damage/India/India/train/images/India_004107.jpg,RDD2022,India,train
India_004108.jpg,1,Pothole,Pothole,0.0158931327160493,data/raw/road_damage/India/India/train/images/India_004108.jpg,RDD2022,India,train
India_004109.jpg,2,Alligator Crack|Longitudinal Crack,Longitudinal Crack,0.0792573302469135,data/raw/road_damage/India/India/train/images/India_004109.jpg,RDD2022,India,train
India_004110.jpg,1,Pothole,Pothole,0.0051466049382716,data/raw/road_damage/India/India/train/images/India_004110.jpg,RDD2022,India,train
India_004115.jpg,4,Longitudinal Crack,Longitudinal Crack,0.0166840277777777,data/raw/road_damage/India/India/train/images/India_004115.jpg,RDD2022,India,train
India_004116.jpg,1,Pothole,Pothole,0.0213541666666666,data/raw/road_damage/India/India/train/images/India_004116.jpg,RDD2022,India,train
India_004120.jpg,1,Alligator Crack,Alligator Crack,0.0626929012345679,data/raw/road_damage/India/India/train/images/India_004120.jpg,RDD2022,India,train
India_004121.jpg,2,Alligator Crack|Pothole,Alligator Crack,0.1024305555555555,data/raw/road_damage/India/India/train/images/India_004121.jpg,RDD2022,India,train
India_004126.jpg,2,Alligator Crack|Pothole,Alligator Crack,0.1322222222222222,data/raw/road_damage/India/India/train/images/India_004126.jpg,RDD2022,India,train
India_004132.jpg,3,Alligator Crack|Pothole,Pothole,0.0681828703703703,data/raw/road_damage/India/India/train/images/India_004132.jpg,RDD2022,India,train
India_004133.jpg,1,Pothole,Pothole,0.0028761574074074,data/raw/road_damage/India/India/train/images/India_004133.jpg,RDD2022,India,train
India_004134.jpg,1,Alligator Crack,Alligator Crack,0.1180208333333333,data/raw/road_damage/India/India/train/images/India_004134.jpg,RDD2022,India,train
India_004135.jpg,1,Alligator Crack,Alligator Crack,0.1366107253086419,data/raw/road_damage/India/India/train/images/India_004135.jpg,RDD2022,India,train
India_004136.jpg,3,Alligator Crack|Longitudinal Crack|Pothole,Longitudinal Crack,0.0748341049382716,data/raw/road_damage/India/India/train/images/India_004136.jpg,RDD2022,India,train
India_004138.jpg,1,Alligator Crack,Alligator Crack,0.0949459876543209,data/raw/road_damage/India/India/train/images/India_004138.jpg,RDD2022,India,train
India_004143.jpg,2,Pothole,Pothole,0.1341666666666666,data/raw/road_damage/India/India/train/images/India_004143.jpg,RDD2022,India,train
India_004154.jpg,1,Longitudinal Crack,Longitudinal Crack,0.0156732253086419,data/raw/road_damage/India/India/train/images/India_004154.jpg,RDD2022,India,train
India_004157.jpg,2,Longitudinal Crack,Longitudinal Crack,0.0393981481481481,data/raw/road_damage/India/India/train/images/India_004157.jpg,RDD2022,India,train
India_004161.jpg,1,Pothole,Pothole,0.0346797839506172,data/raw/road_damage/India/India/train/images/India_004161.jpg,RDD2022,India,train
India_004162.jpg,1,Alligator Crack,Alligator Crack,0.2228125,data/raw/road_damage/India/India/train/images/India_004162.jpg,RDD2022,India,train
India_004171.jpg,1,Longitudinal Crack,Longitudinal Crack,0.0197222222222222,data/raw/road_damage/India/India/train/images/India_004171.jpg,RDD2022,India,train
India_004176.jpg,2,Pothole,Pothole,0.0122453703703703,data/raw/road_damage/India/India/train/images/India_004176.jpg,RDD2022,India,train
India_004178.jpg,1,Pothole,Pothole,0.0058931327160493,data/raw/road_damage/India/India/train/images/India_004178.jpg,RDD2022,India,train
India_004181.jpg,2,Pothole,Pothole,0.0046296296296296,data/raw/road_damage/India/India/train/images/India_004181.jpg,RDD2022,India,train
India_004183.jpg,1,Alligator Crack,Alligator Crack,0.0388503086419753,data/raw/road_damage/India/India/train/images/India_004183.jpg,RDD2022,India,train
India_004184.jpg,2,Pothole,Pothole,0.0098958333333333,data/raw/road_damage/India/India/train/images/India_004184.jpg,RDD2022,India,train
India_004185.jpg,2,Alligator Crack|Pothole,Pothole,0.1047222222222222,data/raw/road_damage/India/India/train/images/India_004185.jpg,RDD2022,India,train
India_004191.jpg,1,Longitudinal Crack,Longitudinal Crack,0.0017901234567901,data/raw/road_damage/India/India/train/images/India_004191.jpg,RDD2022,India,train
India_004193.jpg,1,Alligator Crack,Alligator Crack,0.0444444444444444,data/raw/road_damage/India/India/train/images/India_004193.jpg,RDD2022,India,train
India_004194.jpg,2,Longitudinal Crack,Longitudinal Crack,0.0309953703703703,data/raw/road_damage/India/India/train/images/India_004194.jpg,RDD2022,India,train
India_004195.jpg,5,Longitudinal Crack|Transverse Crack,Longitudinal Crack,0.070324074074074,data/raw/road_damage/India/India/train/images/India_004195.jpg,RDD2022,India,train
India_004196.jpg,2,Pothole,Pothole,0.0929012345679012,data/raw/road_damage/India/India/train/images/India_004196.jpg,RDD2022,India,train
India_004199.jpg,3,Alligator Crack|Longitudinal Crack,Longitudinal Crack,0.2148919753086419,data/raw/road_damage/India/India/train/images/India_004199.jpg,RDD2022,India,train
India_004200.jpg,1,Alligator Crack,Alligator Crack,0.0684953703703703,data/raw/road_damage/India/India/train/images/India_004200.jpg,RDD2022,India,train
India_004201.jpg,4,Alligator Crack|Longitudinal Crack,Longitudinal Crack,0.0914891975308642,data/raw/road_damage/India/India/train/images/India_004201.jpg,RDD2022,India,train
India_004205.jpg,1,Alligator Crack,Alligator Crack,0.1734027777777777,data/raw/road_damage/India/India/train/images/India_004205.jpg,RDD2022,India,train
India_004208.jpg,7,Alligator Crack|Longitudinal Crack|Pothole,Pothole,0.0425347222222222,data/raw/road_damage/India/India/train/images/India_004208.jpg,RDD2022,India,train
India_004209.jpg,2,Pothole,Pothole,0.2296875,data/raw/road_damage/India/India/train/images/India_004209.jpg,RDD2022,India,train
India_004210.jpg,1,Alligator Crack,Alligator Crack,0.0265817901234567,data/raw/road_damage/India/India/train/images/India_004210.jpg,RDD2022,India,train
India_004226.jpg,2,Pothole,Pothole,0.0359066358024691,data/raw/road_damage/India/India/train/images/India_004226.jpg,RDD2022,India,train
India_004233.jpg,1,Longitudinal Crack,Longitudinal Crack,0.0116358024691358,data/raw/road_damage/India/India/train/images/India_004233.jpg,RDD2022,India,train
India_004238.jpg,2,Alligator Crack|Longitudinal Crack,Longitudinal Crack,0.0295833333333333,data/raw/road_damage/India/India/train/images/India_004238.jpg,RDD2022,India,train
India_004242.jpg,1,Alligator Crack,Alligator Crack,0.0993441358024691,data/raw/road_damage/India/India/train/images/India_004242.jpg,RDD2022,India,train
India_004243.jpg,1,Pothole,Pothole,0.069434799382716,data/raw/road_damage/India/India/train/images/India_004243.jpg,RDD2022,India,train
India_004249.jpg,3,Alligator Crack,Alligator Crack,0.0547125771604938,data/raw/road_damage/India/India/train/images/India_004249.jpg,RDD2022,India,train
India_004253.jpg,1,Pothole,Pothole,0.0362692901234567,data/raw/road_damage/India/India/train/images/India_004253.jpg,RDD2022,India,train
India_004256.jpg,8,Longitudinal Crack|Pothole,Pothole,0.0400733024691358,data/raw/road_damage/India/India/train/images/India_004256.jpg,RDD2022,India,train
India_004257.jpg,1,Alligator Crack,Alligator Crack,0.183653549382716,data/raw/road_damage/India/India/train/images/India_004257.jpg,RDD2022,India,train
India_004263.jpg,2,Pothole,Pothole,0.0329629629629629,data/raw/road_damage/India/India/train/images/India_004263.jpg,RDD2022,India,train
India_004264.jpg,1,Alligator Crack,Alligator Crack,0.0573842592592592,data/raw/road_damage/India/India/train/images/India_004264.jpg,RDD2022,India,train
India_004268.jpg,3,Alligator Crack|Longitudinal Crack,Longitudinal Crack,0.264633487654321,data/raw/road_damage/India/India/train/images/India_004268.jpg,RDD2022,India,train
India_004270.jpg,1,Longitudinal Crack,Longitudinal Crack,0.0492496141975308,data/raw/road_damage/India/India/train/images/India_004270.jpg,RDD2022,India,train
India_004273.jpg,1,Longitudinal Crack,Longitudinal Crack,0.0052662037037037,data/raw/road_damage/India/India/train/images/India_004273.jpg,RDD2022,India,train
India_004274.jpg,1,Alligator Crack,Alligator Crack,0.2334375,data/raw/road_damage/India/India/train/images/India_004274.jpg,RDD2022,India,train
India_004278.jpg,2,Pothole,Pothole,0.2052469135802469,data/raw/road_damage/India/India/train/images/India_004278.jpg,RDD2022,India,train
India_004285.jpg,3,Alligator Crack|Pothole,Alligator Crack,0.0473958333333333,data/raw/road_damage/India/India/train/images/India_004285.jpg,RDD2022,India,train
India_004290.jpg,2,Pothole,Pothole,0.02375,data/raw/road_damage/India/India/train/images/India_004290.jpg,RDD2022,India,train
India_004293.jpg,4,Alligator Crack|Longitudinal Crack|Pothole,Alligator Crack,0.3227623456790123,data/raw/road_damage/India/India/train/images/India_004293.jpg,RDD2022,India,train
India_004294.jpg,2,Pothole,Pothole,0.0113425925925925,data/raw/road_damage/India/India/train/images/India_004294.jpg,RDD2022,India,train
India_004297.jpg,2,Alligator Crack|Longitudinal Crack,Longitudinal Crack,0.1996701388888888,data/raw/road_damage/India/India/train/images/India_004297.jpg,RDD2022,India,train
India_004298.jpg,1,Pothole,Pothole,0.0016126543209876,data/raw/road_damage/India/India/train/images/India_004298.jpg,RDD2022,India,train
India_004299.jpg,1,Pothole,Pothole,0.0057407407407407,data/raw/road_damage/India/India/train/images/India_004299.jpg,RDD2022,India,train
India_004309.jpg,2,Alligator Crack,Alligator Crack,0.0379166666666666,data/raw/road_damage/India/India/train/images/India_004309.jpg,RDD2022,India,train
India_004310.jpg,1,Alligator Crack,Alligator Crack,0.1180555555555555,data/raw/road_damage/India/India/train/images/India_004310.jpg,RDD2022,India,train
India_004311.jpg,2,Alligator Crack|Longitudinal Crack,Alligator Crack,0.2565200617283951,data/raw/road_damage/India/India/train/images/India_004311.jpg,RDD2022,India,train
India_004312.jpg,1,Pothole,Pothole,0.0115354938271604,data/raw/road_damage/India/India/train/images/India_004312.jpg,RDD2022,India,train
India_004315.jpg,1,Alligator Crack,Alligator Crack,0.1010648148148148,data/raw/road_damage/India/India/train/images/India_004315.jpg,RDD2022,India,train
India_004316.jpg,1,Alligator Crack,Alligator Crack,0.1176118827160493,data/raw/road_damage/India/India/train/images/India_004316.jpg,RDD2022,India,train
India_004320.jpg,3,Longitudinal Crack|Pothole,Longitudinal Crack,0.0124768518518518,data/raw/road_damage/India/India/train/images/India_004320.jpg,RDD2022,India,train
India_004321.jpg,5,Pothole,Pothole,0.0116126543209876,data/raw/road_damage/India/India/train/images/India_004321.jpg,RDD2022,India,train
India_004327.jpg,2,Pothole,Pothole,0.0223649691358024,data/raw/road_damage/India/India/train/images/India_004327.jpg,RDD2022,India,train
India_004331.jpg,4,Alligator Crack|Longitudinal Crack|Pothole,Pothole,0.098804012345679,data/raw/road_damage/India/India/train/images/India_004331.jpg,RDD2022,India,train
India_004338.jpg,4,Longitudinal Crack|Pothole,Pothole,0.0806134259259259,data/raw/road_damage/India/India/train/images/India_004338.jpg,RDD2022,India,train
India_004340.jpg,5,Pothole,Pothole,0.0864236111111111,data/raw/road_damage/India/India/train/images/India_004340.jpg,RDD2022,India,train
India_004341.jpg,2,Longitudinal Crack,Longitudinal Crack,0.0118904320987654,data/raw/road_damage/India/India/train/images/India_004341.jpg,RDD2022,India,train
India_004342.jpg,3,Alligator Crack|Pothole,Pothole,0.1352044753086419,data/raw/road_damage/India/India/train/images/India_004342.jpg,RDD2022,India,train
India_004343.jpg,4,Alligator Crack|Pothole,Pothole,0.0254783950617283,data/raw/road_damage/India/India/train/images/India_004343.jpg,RDD2022,India,train
India_004345.jpg,7,Pothole,Pothole,0.0234722222222222,data/raw/road_damage/India/India/train/images/India_004345.jpg,RDD2022,India,train
India_004348.jpg,1,Alligator Crack,Alligator Crack,0.3776543209876543,data/raw/road_damage/India/India/train/images/India_004348.jpg,RDD2022,India,train
India_004352.jpg,3,Alligator Crack|Longitudinal Crack,Alligator Crack,0.0764216820987654,data/raw/road_damage/India/India/train/images/India_004352.jpg,RDD2022,India,train
India_004359.jpg,1,Alligator Crack,Alligator Crack,0.0657407407407407,data/raw/road_damage/India/India/train/images/India_004359.jpg,RDD2022,India,train
India_004363.jpg,3,Pothole,Pothole,0.2076388888888889,data/raw/road_damage/India/India/train/images/India_004363.jpg,RDD2022,India,train
India_004364.jpg,3,Alligator Crack|Longitudinal Crack,Longitudinal Crack,0.0556057098765432,data/raw/road_damage/India/India/train/images/India_004364.jpg,RDD2022,India,train
India_004365.jpg,4,Alligator Crack|Longitudinal Crack|Pothole,Pothole,0.0250617283950617,data/raw/road_damage/India/India/train/images/India_004365.jpg,RDD2022,India,train
India_004366.jpg,1,Alligator Crack,Alligator Crack,0.4241608796296296,data/raw/road_damage/India/India/train/images/India_004366.jpg,RDD2022,India,train
India_004370.jpg,3,Longitudinal Crack|Pothole,Pothole,0.0310821759259259,data/raw/road_damage/India/India/train/images/India_004370.jpg,RDD2022,India,train
India_004371.jpg,3,Alligator Crack|Longitudinal Crack,Alligator Crack,0.0217592592592592,data/raw/road_damage/India/India/train/images/India_004371.jpg,RDD2022,India,train
India_004374.jpg,1,Longitudinal Crack,Longitudinal Crack,0.0275501543209876,data/raw/road_damage/India/India/train/images/India_004374.jpg,RDD2022,India,train
India_004375.jpg,1,Alligator Crack,Alligator Crack,0.1936111111111111,data/raw/road_damage/India/India/train/images/India_004375.jpg,RDD2022,India,train
India_004376.jpg,2,Alligator Crack|Longitudinal Crack,Alligator Crack,0.0152507716049382,data/raw/road_damage/India/India/train/images/India_004376.jpg,RDD2022,India,train
India_004385.jpg,4,Alligator Crack|Longitudinal Crack|Pothole,Pothole,0.2005632716049382,data/raw/road_damage/India/India/train/images/India_004385.jpg,RDD2022,India,train
India_004387.jpg,1,Pothole,Pothole,0.0108564814814814,data/raw/road_damage/India/India/train/images/India_004387.jpg,RDD2022,India,train
India_004392.jpg,3,Pothole,Pothole,0.0050694444444444,data/raw/road_damage/India/India/train/images/India_004392.jpg,RDD2022,India,train
India_004393.jpg,1,Pothole,Pothole,0.028136574074074,data/raw/road_damage/India/India/train/images/India_004393.jpg,RDD2022,India,train
India_004398.jpg,8,Alligator Crack|Longitudinal Crack|Pothole,Pothole,0.3834876543209876,data/raw/road_damage/India/India/train/images/India_004398.jpg,RDD2022,India,train
India_004403.jpg,1,Pothole,Pothole,0.0031481481481481,data/raw/road_damage/India/India/train/images/India_004403.jpg,RDD2022,India,train
India_004407.jpg,2,Alligator Crack|Longitudinal Crack,Alligator Crack,0.0983333333333333,data/raw/road_damage/India/India/train/images/India_004407.jpg,RDD2022,India,train
India_004410.jpg,1,Longitudinal Crack,Longitudinal Crack,0.035054012345679,data/raw/road_damage/India/India/train/images/India_004410.jpg,RDD2022,India,train
India_004414.jpg,1,Pothole,Pothole,0.001099537037037,data/raw/road_damage/India/India/train/images/India_004414.jpg,RDD2022,India,train
India_004419.jpg,1,Alligator Crack,Alligator Crack,0.0789988425925925,data/raw/road_damage/India/India/train/images/India_004419.jpg,RDD2022,India,train
India_004421.jpg,1,Alligator Crack,Alligator Crack,0.4459722222222222,data/raw/road_damage/India/India/train/images/India_004421.jpg,RDD2022,India,train
India_004423.jpg,1,Alligator Crack,Alligator Crack,0.1113078703703703,data/raw/road_damage/India/India/train/images/India_004423.jpg,RDD2022,India,train
India_004427.jpg,1,Alligator Crack,Alligator Crack,0.1605401234567901,data/raw/road_damage/India/India/train/images/India_004427.jpg,RDD2022,India,train
India_004430.jpg,1,Pothole,Pothole,0.0556828703703703,data/raw/road_damage/India/India/train/images/India_004430.jpg,RDD2022,India,train
India_004434.jpg,7,Alligator Crack|Pothole,Pothole,0.0498263888888888,data/raw/road_damage/India/India/train/images/India_004434.jpg,RDD2022,India,train
India_004437.jpg,1,Alligator Crack,Alligator Crack,0.2048842592592592,data/raw/road_damage/India/India/train/images/India_004437.jpg,RDD2022,India,train
India_004441.jpg,2,Pothole,Pothole,0.1669386574074074,data/raw/road_damage/India/India/train/images/India_004441.jpg,RDD2022,India,train
India_004443.jpg,1,Longitudinal Crack,Longitudinal Crack,0.0265451388888888,data/raw/road_damage/India/India/train/images/India_004443.jpg,RDD2022,India,train
India_004444.jpg,1,Pothole,Pothole,0.0279648919753086,data/raw/road_damage/India/India/train/images/India_004444.jpg,RDD2022,India,train
India_004448.jpg,1,Longitudinal Crack,Longitudinal Crack,0.0326504629629629,data/raw/road_damage/India/India/train/images/India_004448.jpg,RDD2022,India,train
India_004449.jpg,3,Pothole,Pothole,0.0085802469135802,data/raw/road_damage/India/India/train/images/India_004449.jpg,RDD2022,India,train
India_004450.jpg,1,Alligator Crack,Alligator Crack,0.0897569444444444,data/raw/road_damage/India/India/train/images/India_004450.jpg,RDD2022,India,train
India_004456.jpg,2,Alligator Crack,Alligator Crack,0.0750501543209876,data/raw/road_damage/India/India/train/images/India_004456.jpg,RDD2022,India,train
India_004457.jpg,1,Longitudinal Crack,Longitudinal Crack,0.0469135802469135,data/raw/road_damage/India/India/train/images/India_004457.jpg,RDD2022,India,train
India_004458.jpg,2,Longitudinal Crack,Longitudinal Crack,0.1125,data/raw/road_damage/India/India/train/images/India_004458.jpg,RDD2022,India,train
India_004459.jpg,4,Pothole,Pothole,0.0813406635802469,data/raw/road_damage/India/India/train/images/India_004459.jpg,RDD2022,India,train
India_004461.jpg,2,Pothole,Pothole,0.0075308641975308,data/raw/road_damage/India/India/train/images/India_004461.jpg,RDD2022,India,train
India_004464.jpg,1,Alligator Crack,Alligator Crack,0.0895717592592592,data/raw/road_damage/India/India/train/images/India_004464.jpg,RDD2022,India,train
India_004465.jpg,1,Alligator Crack,Alligator Crack,0.0826504629629629,data/raw/road_damage/India/India/train/images/India_004465.jpg,RDD2022,India,train
India_004468.jpg,1,Alligator Crack,Alligator Crack,0.0951099537037037,data/raw/road_damage/India/India/train/images/India_004468.jpg,RDD2022,India,train
India_004469.jpg,2,Longitudinal Crack|Pothole,Longitudinal Crack,0.1436111111111111,data/raw/road_damage/India/India/train/images/India_004469.jpg,RDD2022,India,train
India_004472.jpg,6,Alligator Crack|Pothole,Pothole,0.0572916666666666,data/raw/road_damage/India/India/train/images/India_004472.jpg,RDD2022,India,train
India_004479.jpg,2,Alligator Crack|Longitudinal Crack,Longitudinal Crack,0.13,data/raw/road_damage/India/India/train/images/India_004479.jpg,RDD2022,India,train
India_004480.jpg,1,Alligator Crack,Alligator Crack,0.2005246913580247,data/raw/road_damage/India/India/train/images/India_004480.jpg,RDD2022,India,train
India_004482.jpg,1,Alligator Crack,Alligator Crack,0.0154475308641975,data/raw/road_damage/India/India/train/images/India_004482.jpg,RDD2022,India,train
India_004483.jpg,2,Pothole,Pothole,0.0346064814814814,data/raw/road_damage/India/India/train/images/India_004483.jpg,RDD2022,India,train
India_004484.jpg,2,Longitudinal Crack,Longitudinal Crack,0.019483024691358,data/raw/road_damage/India/India/train/images/India_004484.jpg,RDD2022,India,train
India_004485.jpg,2,Pothole,Pothole,0.3070061728395061,data/raw/road_damage/India/India/train/images/India_004485.jpg,RDD2022,India,train
India_004489.jpg,3,Alligator Crack,Alligator Crack,0.0591589506172839,data/raw/road_damage/India/India/train/images/India_004489.jpg,RDD2022,India,train
India_004497.jpg,2,Alligator Crack|Longitudinal Crack,Alligator Crack,0.1015123456790123,data/raw/road_damage/India/India/train/images/India_004497.jpg,RDD2022,India,train
India_004504.jpg,1,Longitudinal Crack,Longitudinal Crack,0.0065586419753086,data/raw/road_damage/India/India/train/images/India_004504.jpg,RDD2022,India,train
India_004508.jpg,1,Alligator Crack,Alligator Crack,0.071460262345679,data/raw/road_damage/India/India/train/images/India_004508.jpg,RDD2022,India,train
India_004509.jpg,2,Alligator Crack|Pothole,Alligator Crack,0.2721354166666667,data/raw/road_damage/India/India/train/images/India_004509.jpg,RDD2022,India,train
India_004511.jpg,6,Alligator Crack|Pothole,Pothole,0.126105324074074,data/raw/road_damage/India/India/train/images/India_004511.jpg,RDD2022,India,train
India_004512.jpg,3,Pothole,Pothole,0.0633564814814814,data/raw/road_damage/India/India/train/images/India_004512.jpg,RDD2022,India,train
India_004513.jpg,2,Longitudinal Crack,Longitudinal Crack,0.0375925925925925,data/raw/road_damage/India/India/train/images/India_004513.jpg,RDD2022,India,train
India_004523.jpg,1,Longitudinal Crack,Longitudinal Crack,0.0563117283950617,data/raw/road_damage/India/India/train/images/India_004523.jpg,RDD2022,India,train
India_004524.jpg,1,Pothole,Pothole,0.0275462962962962,data/raw/road_damage/India/India/train/images/India_004524.jpg,RDD2022,India,train
India_004525.jpg,3,Longitudinal Crack|Pothole,Pothole,0.0250520833333333,data/raw/road_damage/India/India/train/images/India_004525.jpg,RDD2022,India,train
India_004531.jpg,1,Alligator Crack,Alligator Crack,0.0446180555555555,data/raw/road_damage/India/India/train/images/India_004531.jpg,RDD2022,India,train
India_004533.jpg,1,Longitudinal Crack,Longitudinal Crack,0.0359625771604938,data/raw/road_damage/India/India/train/images/India_004533.jpg,RDD2022,India,train
India_004537.jpg,5,Alligator Crack|Longitudinal Crack,Longitudinal Crack,0.1222665895061728,data/raw/road_damage/India/India/train/images/India_004537.jpg,RDD2022,India,train
India_004542.jpg,5,Pothole,Pothole,0.0326195987654321,data/raw/road_damage/India/India/train/images/India_004542.jpg,RDD2022,India,train
India_004543.jpg,1,Alligator Crack,Alligator Crack,0.2476871141975308,data/raw/road_damage/India/India/train/images/India_004543.jpg,RDD2022,India,train
India_004548.jpg,1,Alligator Crack,Alligator Crack,0.2324652777777777,data/raw/road_damage/India/India/train/images/India_004548.jpg,RDD2022,India,train
India_004550.jpg,1,Alligator Crack,Alligator Crack,0.0457407407407407,data/raw/road_damage/India/India/train/images/India_004550.jpg,RDD2022,India,train
India_004551.jpg,4,Alligator Crack|Longitudinal Crack|Pothole,Alligator Crack,0.1134259259259259,data/raw/road_damage/India/India/train/images/India_004551.jpg,RDD2022,India,train
India_004553.jpg,1,Pothole,Pothole,0.0311844135802469,data/raw/road_damage/India/India/train/images/India_004553.jpg,RDD2022,India,train
India_004554.jpg,1,Alligator Crack,Alligator Crack,0.0299922839506172,data/raw/road_damage/India/India/train/images/India_004554.jpg,RDD2022,India,train
India_004556.jpg,2,Alligator Crack|Pothole,Pothole,0.0256886574074074,data/raw/road_damage/India/India/train/images/India_004556.jpg,RDD2022,India,train
India_004562.jpg,1,Alligator Crack,Alligator Crack,0.2724537037037037,data/raw/road_damage/India/India/train/images/India_004562.jpg,RDD2022,India,train
India_004563.jpg,1,Alligator Crack,Alligator Crack,0.0794174382716049,data/raw/road_damage/India/India/train/images/India_004563.jpg,RDD2022,India,train
India_004565.jpg,5,Longitudinal Crack,Longitudinal Crack,0.0162962962962962,data/raw/road_damage/India/India/train/images/India_004565.jpg,RDD2022,India,train
India_004570.jpg,1,Longitudinal Crack,Longitudinal Crack,0.0104070216049382,data/raw/road_damage/India/India/train/images/India_004570.jpg,RDD2022,India,train
India_004571.jpg,1,Alligator Crack,Alligator Crack,0.2425347222222222,data/raw/road_damage/India/India/train/images/India_004571.jpg,RDD2022,India,train
India_004572.jpg,2,Longitudinal Crack|Transverse Crack,Longitudinal Crack,0.0106442901234567,data/raw/road_damage/India/India/train/images/India_004572.jpg,RDD2022,India,train
India_004575.jpg,1,Longitudinal Crack,Longitudinal Crack,0.0090277777777777,data/raw/road_damage/India/India/train/images/India_004575.jpg,RDD2022,India,train
India_004580.jpg,1,Longitudinal Crack,Longitudinal Crack,0.0047395833333333,data/raw/road_damage/India/India/train/images/India_004580.jpg,RDD2022,India,train
India_004586.jpg,4,Alligator Crack|Pothole,Pothole,0.1475154320987654,data/raw/road_damage/India/India/train/images/India_004586.jpg,RDD2022,India,train
India_004592.jpg,4,Alligator Crack|Longitudinal Crack|Pothole,Pothole,0.0534722222222222,data/raw/road_damage/India/India/train/images/India_004592.jpg,RDD2022,India,train
India_004593.jpg,2,Pothole,Pothole,0.2114583333333333,data/raw/road_damage/India/India/train/images/India_004593.jpg,RDD2022,India,train
India_004599.jpg,1,Alligator Crack,Alligator Crack,0.0963136574074074,data/raw/road_damage/India/India/train/images/India_004599.jpg,RDD2022,India,train
India_004600.jpg,3,Alligator Crack|Pothole,Pothole,0.193335262345679,data/raw/road_damage/India/India/train/images/India_004600.jpg,RDD2022,India,train
India_004601.jpg,4,Alligator Crack|Longitudinal Crack,Longitudinal Crack,0.1012654320987654,data/raw/road_damage/India/India/train/images/India_004601.jpg,RDD2022,India,train
India_004602.jpg,1,Longitudinal Crack,Longitudinal Crack,0.022037037037037,data/raw/road_damage/India/India/train/images/India_004602.jpg,RDD2022,India,train
India_004606.jpg,1,Pothole,Pothole,0.0022665895061728,data/raw/road_damage/India/India/train/images/India_004606.jpg,RDD2022,India,train
India_004612.jpg,3,Alligator Crack|Pothole,Pothole,0.4113252314814815,data/raw/road_damage/India/India/train/images/India_004612.jpg,RDD2022,India,train
India_004613.jpg,1,Pothole,Pothole,0.0087847222222222,data/raw/road_damage/India/India/train/images/India_004613.jpg,RDD2022,India,train
India_004616.jpg,3,Longitudinal Crack,Longitudinal Crack,0.0715432098765432,data/raw/road_damage/India/India/train/images/India_004616.jpg,RDD2022,India,train
India_004618.jpg,2,Alligator Crack|Longitudinal Crack,Alligator Crack,0.2067592592592592,data/raw/road_damage/India/India/train/images/India_004618.jpg,RDD2022,India,train
India_004626.jpg,2,Alligator Crack|Pothole,Alligator Crack,0.085534336419753,data/raw/road_damage/India/India/train/images/India_004626.jpg,RDD2022,India,train
India_004627.jpg,3,Pothole,Pothole,0.0089429012345679,data/raw/road_damage/India/India/train/images/India_004627.jpg,RDD2022,India,train
India_004629.jpg,2,Pothole,Pothole,0.0738888888888888,data/raw/road_damage/India/India/train/images/India_004629.jpg,RDD2022,India,train
India_004632.jpg,2,Pothole,Pothole,0.0009645061728395,data/raw/road_damage/India/India/train/images/India_004632.jpg,RDD2022,India,train
India_004633.jpg,1,Pothole,Pothole,0.0140162037037037,data/raw/road_damage/India/India/train/images/India_004633.jpg,RDD2022,India,train
India_004636.jpg,1,Longitudinal Crack,Longitudinal Crack,0.0027604166666666,data/raw/road_damage/India/India/train/images/India_004636.jpg,RDD2022,India,train
India_004637.jpg,2,Alligator Crack|Longitudinal Crack,Longitudinal Crack,0.2107638888888889,data/raw/road_damage/India/India/train/images/India_004637.jpg,RDD2022,India,train
India_004639.jpg,4,Pothole,Pothole,0.0312152777777777,data/raw/road_damage/India/India/train/images/India_004639.jpg,RDD2022,India,train
India_004646.jpg,1,Alligator Crack,Alligator Crack,0.1406828703703703,data/raw/road_damage/India/India/train/images/India_004646.jpg,RDD2022,India,train
India_004650.jpg,2,Alligator Crack|Longitudinal Crack,Longitudinal Crack,0.1303395061728395,data/raw/road_damage/India/India/train/images/India_004650.jpg,RDD2022,India,train
India_004651.jpg,1,Alligator Crack,Alligator Crack,0.0274710648148148,data/raw/road_damage/India/India/train/images/India_004651.jpg,RDD2022,India,train
India_004655.jpg,2,Pothole,Pothole,0.0354166666666666,data/raw/road_damage/India/India/train/images/India_004655.jpg,RDD2022,India,train
India_004657.jpg,1,Pothole,Pothole,0.0116242283950617,data/raw/road_damage/India/India/train/images/India_004657.jpg,RDD2022,India,train
India_004658.jpg,1,Alligator Crack,Alligator Crack,0.2399382716049382,data/raw/road_damage/India/India/train/images/India_004658.jpg,RDD2022,India,train
India_004663.jpg,1,Pothole,Pothole,0.0099074074074074,data/raw/road_damage/India/India/train/images/India_004663.jpg,RDD2022,India,train
India_004669.jpg,2,Alligator Crack|Pothole,Alligator Crack,0.1155941358024691,data/raw/road_damage/India/India/train/images/India_004669.jpg,RDD2022,India,train
India_004671.jpg,1,Alligator Crack,Alligator Crack,0.211983024691358,data/raw/road_damage/India/India/train/images/India_004671.jpg,RDD2022,India,train
India_004679.jpg,1,Alligator Crack,Alligator Crack,0.1374691358024691,data/raw/road_damage/India/India/train/images/India_004679.jpg,RDD2022,India,train
India_004686.jpg,4,Longitudinal Crack|Pothole,Longitudinal Crack,0.0238599537037037,data/raw/road_damage/India/India/train/images/India_004686.jpg,RDD2022,India,train
India_004689.jpg,2,Alligator Crack|Longitudinal Crack,Alligator Crack,0.2080246913580247,data/raw/road_damage/India/India/train/images/India_004689.jpg,RDD2022,India,train
India_004690.jpg,1,Alligator Crack,Alligator Crack,0.1453125,data/raw/road_damage/India/India/train/images/India_004690.jpg,RDD2022,India,train
India_004695.jpg,3,Alligator Crack|Longitudinal Crack|Pothole,Longitudinal Crack,0.2414583333333333,data/raw/road_damage/India/India/train/images/India_004695.jpg,RDD2022,India,train
India_004700.jpg,1,Alligator Crack,Alligator Crack,0.1505208333333333,data/raw/road_damage/India/India/train/images/India_004700.jpg,RDD2022,India,train
India_004701.jpg,8,Alligator Crack|Longitudinal Crack|Pothole,Pothole,0.1158333333333333,data/raw/road_damage/India/India/train/images/India_004701.jpg,RDD2022,India,train
India_004702.jpg,2,Alligator Crack|Longitudinal Crack,Alligator Crack,0.2168287037037037,data/raw/road_damage/India/India/train/images/India_004702.jpg,RDD2022,India,train
India_004703.jpg,1,Alligator Crack,Alligator Crack,0.1776716820987654,data/raw/road_damage/India/India/train/images/India_004703.jpg,RDD2022,India,train
India_004704.jpg,2,Longitudinal Crack,Longitudinal Crack,0.0310956790123456,data/raw/road_damage/India/India/train/images/India_004704.jpg,RDD2022,India,train
India_004705.jpg,1,Pothole,Pothole,0.0082175925925925,data/raw/road_damage/India/India/train/images/India_004705.jpg,RDD2022,India,train
India_004706.jpg,2,Longitudinal Crack|Pothole,Longitudinal Crack,0.0172935956790123,data/raw/road_damage/India/India/train/images/India_004706.jpg,RDD2022,India,train
India_004709.jpg,2,Alligator Crack,Alligator Crack,0.1748958333333333,data/raw/road_damage/India/India/train/images/India_004709.jpg,RDD2022,India,train
India_004710.jpg,1,Pothole,Pothole,0.01625,data/raw/road_damage/India/India/train/images/India_004710.jpg,RDD2022,India,train
India_004715.jpg,1,Alligator Crack,Alligator Crack,0.025625,data/raw/road_damage/India/India/train/images/India_004715.jpg,RDD2022,India,train
India_004717.jpg,2,Pothole,Pothole,0.0230941358024691,data/raw/road_damage/India/India/train/images/India_004717.jpg,RDD2022,India,train
India_004718.jpg,1,Alligator Crack,Alligator Crack,0.183599537037037,data/raw/road_damage/India/India/train/images/India_004718.jpg,RDD2022,India,train
India_004719.jpg,3,Alligator Crack|Pothole,Pothole,0.0416030092592592,data/raw/road_damage/India/India/train/images/India_004719.jpg,RDD2022,India,train
India_004721.jpg,1,Alligator Crack,Alligator Crack,0.1252777777777777,data/raw/road_damage/India/India/train/images/India_004721.jpg,RDD2022,India,train
India_004724.jpg,3,Alligator Crack|Pothole,Pothole,0.0157175925925925,data/raw/road_damage/India/India/train/images/India_004724.jpg,RDD2022,India,train
India_004726.jpg,1,Pothole,Pothole,0.0084317129629629,data/raw/road_damage/India/India/train/images/India_004726.jpg,RDD2022,India,train
India_004727.jpg,1,Alligator Crack,Alligator Crack,0.1098341049382716,data/raw/road_damage/India/India/train/images/India_004727.jpg,RDD2022,India,train
India_004730.jpg,3,Alligator Crack|Longitudinal Crack|Transverse Crack,Alligator Crack,0.0420601851851851,data/raw/road_damage/India/India/train/images/India_004730.jpg,RDD2022,India,train
India_004732.jpg,3,Pothole,Pothole,0.0292631172839506,data/raw/road_damage/India/India/train/images/India_004732.jpg,RDD2022,India,train
India_004735.jpg,1,Pothole,Pothole,0.0194984567901234,data/raw/road_damage/India/India/train/images/India_004735.jpg,RDD2022,India,train
India_004738.jpg,1,Longitudinal Crack,Longitudinal Crack,0.0108217592592592,data/raw/road_damage/India/India/train/images/India_004738.jpg,RDD2022,India,train
India_004739.jpg,2,Alligator Crack|Pothole,Alligator Crack,0.1416493055555555,data/raw/road_damage/India/India/train/images/India_004739.jpg,RDD2022,India,train
India_004743.jpg,2,Alligator Crack,Alligator Crack,0.0757098765432098,data/raw/road_damage/India/India/train/images/India_004743.jpg,RDD2022,India,train
India_004749.jpg,1,Pothole,Pothole,0.1973109567901234,data/raw/road_damage/India/India/train/images/India_004749.jpg,RDD2022,India,train
India_004750.jpg,1,Longitudinal Crack,Longitudinal Crack,0.0463888888888888,data/raw/road_damage/India/India/train/images/India_004750.jpg,RDD2022,India,train
India_004755.jpg,8,Alligator Crack|Longitudinal Crack|Pothole,Pothole,0.1058449074074074,data/raw/road_damage/India/India/train/images/India_004755.jpg,RDD2022,India,train
India_004756.jpg,2,Alligator Crack,Alligator Crack,0.1413194444444444,data/raw/road_damage/India/India/train/images/India_004756.jpg,RDD2022,India,train
India_004758.jpg,1,Longitudinal Crack,Longitudinal Crack,0.0061728395061728,data/raw/road_damage/India/India/train/images/India_004758.jpg,RDD2022,India,train
India_004759.jpg,2,Alligator Crack|Pothole,Pothole,0.2401793981481481,data/raw/road_damage/India/India/train/images/India_004759.jpg,RDD2022,India,train
India_004770.jpg,2,Alligator Crack|Longitudinal Crack,Alligator Crack,0.1363657407407407,data/raw/road_damage/India/India/train/images/India_004770.jpg,RDD2022,India,train
India_004778.jpg,2,Longitudinal Crack,Longitudinal Crack,0.0443055555555555,data/raw/road_damage/India/India/train/images/India_004778.jpg,RDD2022,India,train
India_004779.jpg,1,Pothole,Pothole,0.0030787037037037,data/raw/road_damage/India/India/train/images/India_004779.jpg,RDD2022,India,train
India_004798.jpg,1,Alligator Crack,Alligator Crack,0.097253086419753,data/raw/road_damage/India/India/train/images/India_004798.jpg,RDD2022,India,train
India_004799.jpg,1,Longitudinal Crack,Longitudinal Crack,0.105625,data/raw/road_damage/India/India/train/images/India_004799.jpg,RDD2022,India,train
India_004801.jpg,2,Pothole,Pothole,0.0884760802469135,data/raw/road_damage/India/India/train/images/India_004801.jpg,RDD2022,India,train
India_004803.jpg,1,Longitudinal Crack,Longitudinal Crack,0.0437172067901234,data/raw/road_damage/India/India/train/images/India_004803.jpg,RDD2022,India,train
India_004805.jpg,1,Alligator Crack,Alligator Crack,0.0271257716049382,data/raw/road_damage/India/India/train/images/India_004805.jpg,RDD2022,India,train
India_004806.jpg,1,Alligator Crack,Alligator Crack,0.1494270833333333,data/raw/road_damage/India/India/train/images/India_004806.jpg,RDD2022,India,train
India_004809.jpg,1,Alligator Crack,Alligator Crack,0.0833101851851851,data/raw/road_damage/India/India/train/images/India_004809.jpg,RDD2022,India,train
India_004815.jpg,1,Pothole,Pothole,0.0552989969135802,data/raw/road_damage/India/India/train/images/India_004815.jpg,RDD2022,India,train
India_004819.jpg,1,Alligator Crack,Alligator Crack,0.1058487654320987,data/raw/road_damage/India/India/train/images/India_004819.jpg,RDD2022,India,train
India_004827.jpg,1,Alligator Crack,Alligator Crack,0.2183179012345679,data/raw/road_damage/India/India/train/images/India_004827.jpg,RDD2022,India,train
India_004828.jpg,3,Alligator Crack|Pothole,Pothole,0.1696219135802469,data/raw/road_damage/India/India/train/images/India_004828.jpg,RDD2022,India,train
India_004830.jpg,1,Alligator Crack,Alligator Crack,0.3334895833333333,data/raw/road_damage/India/India/train/images/India_004830.jpg,RDD2022,India,train
India_004832.jpg,2,Pothole,Pothole,0.044537037037037,data/raw/road_damage/India/India/train/images/India_004832.jpg,RDD2022,India,train
India_004837.jpg,1,Pothole,Pothole,0.0103703703703703,data/raw/road_damage/India/India/train/images/India_004837.jpg,RDD2022,India,train
India_004838.jpg,2,Alligator Crack,Alligator Crack,0.0737114197530864,data/raw/road_damage/India/India/train/images/India_004838.jpg,RDD2022,India,train
India_004842.jpg,1,Longitudinal Crack,Longitudinal Crack,0.0119791666666666,data/raw/road_damage/India/India/train/images/India_004842.jpg,RDD2022,India,train
India_004853.jpg,1,Alligator Crack,Alligator Crack,0.1982831790123456,data/raw/road_damage/India/India/train/images/India_004853.jpg,RDD2022,India,train
India_004854.jpg,3,Longitudinal Crack|Pothole,Pothole,0.0191956018518518,data/raw/road_damage/India/India/train/images/India_004854.jpg,RDD2022,India,train
India_004863.jpg,2,Pothole,Pothole,0.0143634259259259,data/raw/road_damage/India/India/train/images/India_004863.jpg,RDD2022,India,train
India_004865.jpg,1,Pothole,Pothole,0.0069212962962962,data/raw/road_damage/India/India/train/images/India_004865.jpg,RDD2022,India,train
India_004876.jpg,2,Pothole,Pothole,0.0147685185185185,data/raw/road_damage/India/India/train/images/India_004876.jpg,RDD2022,India,train
India_004877.jpg,1,Pothole,Pothole,0.0132195216049382,data/raw/road_damage/India/India/train/images/India_004877.jpg,RDD2022,India,train
India_004880.jpg,4,Alligator Crack|Longitudinal Crack|Pothole,Pothole,0.030787037037037,data/raw/road_damage/India/India/train/images/India_004880.jpg,RDD2022,India,train
India_004882.jpg,3,Alligator Crack|Longitudinal Crack|Pothole,Alligator Crack,0.0140046296296296,data/raw/road_damage/India/India/train/images/India_004882.jpg,RDD2022,India,train
India_004887.jpg,4,Alligator Crack|Pothole,Pothole,0.2140297067901234,data/raw/road_damage/India/India/train/images/India_004887.jpg,RDD2022,India,train
India_004891.jpg,1,Longitudinal Crack,Longitudinal Crack,0.0143132716049382,data/raw/road_damage/India/India/train/images/India_004891.jpg,RDD2022,India,train
India_004894.jpg,1,Pothole,Pothole,0.0105150462962962,data/raw/road_damage/India/India/train/images/India_004894.jpg,RDD2022,India,train
India_004896.jpg,1,Alligator Crack,Alligator Crack,0.0566994598765432,data/raw/road_damage/India/India/train/images/India_004896.jpg,RDD2022,India,train
India_004898.jpg,1,Alligator Crack,Alligator Crack,0.0331172839506172,data/raw/road_damage/India/India/train/images/India_004898.jpg,RDD2022,India,train
India_004899.jpg,1,Pothole,Pothole,0.0045138888888888,data/raw/road_damage/India/India/train/images/India_004899.jpg,RDD2022,India,train
India_004906.jpg,1,Alligator Crack,Alligator Crack,0.1028703703703703,data/raw/road_damage/India/India/train/images/India_004906.jpg,RDD2022,India,train
India_004907.jpg,3,Longitudinal Crack,Longitudinal Crack,0.0305594135802469,data/raw/road_damage/India/India/train/images/India_004907.jpg,RDD2022,India,train
India_004908.jpg,1,Pothole,Pothole,0.0048533950617283,data/raw/road_damage/India/India/train/images/India_004908.jpg,RDD2022,India,train
India_004911.jpg,1,Alligator Crack,Alligator Crack,0.197349537037037,data/raw/road_damage/India/India/train/images/India_004911.jpg,RDD2022,India,train
India_004912.jpg,1,Alligator Crack,Alligator Crack,0.0409143518518518,data/raw/road_damage/India/India/train/images/India_004912.jpg,RDD2022,India,train
India_004914.jpg,4,Alligator Crack|Longitudinal Crack,Alligator Crack,0.0258217592592592,data/raw/road_damage/India/India/train/images/India_004914.jpg,RDD2022,India,train
India_004917.jpg,1,Longitudinal Crack,Longitudinal Crack,0.0090605709876543,data/raw/road_damage/India/India/train/images/India_004917.jpg,RDD2022,India,train
India_004919.jpg,1,Longitudinal Crack,Longitudinal Crack,0.008912037037037,data/raw/road_damage/India/India/train/images/India_004919.jpg,RDD2022,India,train
India_004924.jpg,1,Alligator Crack,Alligator Crack,0.0910763888888888,data/raw/road_damage/India/India/train/images/India_004924.jpg,RDD2022,India,train
India_004928.jpg,5,Alligator Crack|Longitudinal Crack|Pothole,Pothole,0.0326118827160493,data/raw/road_damage/India/India/train/images/India_004928.jpg,RDD2022,India,train
India_004935.jpg,1,Pothole,Pothole,0.0086574074074074,data/raw/road_damage/India/India/train/images/India_004935.jpg,RDD2022,India,train
India_004937.jpg,1,Alligator Crack,Alligator Crack,0.0491493055555555,data/raw/road_damage/India/India/train/images/India_004937.jpg,RDD2022,India,train
India_004940.jpg,7,Pothole,Pothole,0.0782986111111111,data/raw/road_damage/India/India/train/images/India_004940.jpg,RDD2022,India,train
India_004944.jpg,3,Longitudinal Crack|Pothole,Pothole,0.057037037037037,data/raw/road_damage/India/India/train/images/India_004944.jpg,RDD2022,India,train
India_004949.jpg,3,Alligator Crack|Longitudinal Crack,Longitudinal Crack,0.111045524691358,data/raw/road_damage/India/India/train/images/India_004949.jpg,RDD2022,India,train
India_004954.jpg,1,Longitudinal Crack,Longitudinal Crack,0.0033275462962962,data/raw/road_damage/India/India/train/images/India_004954.jpg,RDD2022,India,train
India_004958.jpg,5,Pothole,Pothole,0.0333294753086419,data/raw/road_damage/India/India/train/images/India_004958.jpg,RDD2022,India,train
India_004959.jpg,6,Alligator Crack|Pothole,Pothole,0.1181520061728395,data/raw/road_damage/India/India/train/images/India_004959.jpg,RDD2022,India,train
India_004965.jpg,1,Alligator Crack,Alligator Crack,0.223287037037037,data/raw/road_damage/India/India/train/images/India_004965.jpg,RDD2022,India,train
India_004977.jpg,3,Alligator Crack|Longitudinal Crack,Longitudinal Crack,0.0739969135802469,data/raw/road_damage/India/India/train/images/India_004977.jpg,RDD2022,India,train
India_004980.jpg,4,Longitudinal Crack|Pothole,Pothole,0.009537037037037,data/raw/road_damage/India/India/train/images/India_004980.jpg,RDD2022,India,train
India_004981.jpg,1,Longitudinal Crack,Longitudinal Crack,0.0910493827160493,data/raw/road_damage/India/India/train/images/India_004981.jpg,RDD2022,India,train
India_004982.jpg,1,Alligator Crack,Alligator Crack,0.3608101851851852,data/raw/road_damage/India/India/train/images/India_004982.jpg,RDD2022,India,train
India_004984.jpg,4,Pothole,Pothole,0.0610706018518518,data/raw/road_damage/India/India/train/images/India_004984.jpg,RDD2022,India,train
India_004987.jpg,1,Alligator Crack,Alligator Crack,0.0744753086419753,data/raw/road_damage/India/India/train/images/India_004987.jpg,RDD2022,India,train
India_004989.jpg,1,Longitudinal Crack,Longitudinal Crack,0.0080671296296296,data/raw/road_damage/India/India/train/images/India_004989.jpg,RDD2022,India,train
India_004992.jpg,2,Alligator Crack|Longitudinal Crack,Alligator Crack,0.0825,data/raw/road_damage/India/India/train/images/India_004992.jpg,RDD2022,India,train
India_004997.jpg,1,Longitudinal Crack,Longitudinal Crack,0.0662037037037037,data/raw/road_damage/India/India/train/images/India_004997.jpg,RDD2022,India,train
India_004998.jpg,1,Longitudinal Crack,Longitudinal Crack,0.0092592592592592,data/raw/road_damage/India/India/train/images/India_004998.jpg,RDD2022,India,train
India_005005.jpg,2,Pothole,Pothole,0.0106944444444444,data/raw/road_damage/India/India/train/images/India_005005.jpg,RDD2022,India,train
India_005006.jpg,1,Alligator Crack,Alligator Crack,0.1035493827160493,data/raw/road_damage/India/India/train/images/India_005006.jpg,RDD2022,India,train
India_005014.jpg,1,Pothole,Pothole,0.0043885030864197,data/raw/road_damage/India/India/train/images/India_005014.jpg,RDD2022,India,train
India_005016.jpg,4,Pothole,Pothole,0.0204629629629629,data/raw/road_damage/India/India/train/images/India_005016.jpg,RDD2022,India,train
India_005022.jpg,5,Longitudinal Crack|Pothole,Pothole,0.0052662037037037,data/raw/road_damage/India/India/train/images/India_005022.jpg,RDD2022,India,train
India_005025.jpg,1,Alligator Crack,Alligator Crack,0.1731674382716049,data/raw/road_damage/India/India/train/images/India_005025.jpg,RDD2022,India,train
India_005030.jpg,1,Alligator Crack,Alligator Crack,0.1760223765432098,data/raw/road_damage/India/India/train/images/India_005030.jpg,RDD2022,India,train
India_005035.jpg,1,Alligator Crack,Alligator Crack,0.0767283950617283,data/raw/road_damage/India/India/train/images/India_005035.jpg,RDD2022,India,train
India_005036.jpg,3,Alligator Crack|Longitudinal Crack,Longitudinal Crack,0.0345891203703703,data/raw/road_damage/India/India/train/images/India_005036.jpg,RDD2022,India,train
India_005040.jpg,4,Longitudinal Crack|Pothole,Pothole,0.0196759259259259,data/raw/road_damage/India/India/train/images/India_005040.jpg,RDD2022,India,train
India_005044.jpg,5,Alligator Crack|Longitudinal Crack|Pothole,Longitudinal Crack,0.2001350308641975,data/raw/road_damage/India/India/train/images/India_005044.jpg,RDD2022,India,train
India_005047.jpg,2,Longitudinal Crack|Pothole,Longitudinal Crack,0.0411458333333333,data/raw/road_damage/India/India/train/images/India_005047.jpg,RDD2022,India,train
India_005048.jpg,1,Alligator Crack,Alligator Crack,0.1702295524691358,data/raw/road_damage/India/India/train/images/India_005048.jpg,RDD2022,India,train
India_005050.jpg,1,Alligator Crack,Alligator Crack,0.0439814814814814,data/raw/road_damage/India/India/train/images/India_005050.jpg,RDD2022,India,train
India_005053.jpg,1,Pothole,Pothole,0.017662037037037,data/raw/road_damage/India/India/train/images/India_005053.jpg,RDD2022,India,train
India_005059.jpg,4,Alligator Crack|Longitudinal Crack|Pothole,Pothole,0.0343672839506172,data/raw/road_damage/India/India/train/images/India_005059.jpg,RDD2022,India,train
India_005061.jpg,1,Longitudinal Crack,Longitudinal Crack,0.0512152777777777,data/raw/road_damage/India/India/train/images/India_005061.jpg,RDD2022,India,train
India_005067.jpg,1,Pothole,Pothole,0.1997395833333333,data/raw/road_damage/India/India/train/images/India_005067.jpg,RDD2022,India,train
India_005071.jpg,3,Alligator Crack|Pothole,Alligator Crack,0.0383603395061728,data/raw/road_damage/India/India/train/images/India_005071.jpg,RDD2022,India,train
India_005075.jpg,2,Alligator Crack,Alligator Crack,0.1098514660493827,data/raw/road_damage/India/India/train/images/India_005075.jpg,RDD2022,India,train
India_005078.jpg,1,Pothole,Pothole,0.0091666666666666,data/raw/road_damage/India/India/train/images/India_005078.jpg,RDD2022,India,train
India_005080.jpg,1,Pothole,Pothole,0.0085300925925925,data/raw/road_damage/India/India/train/images/India_005080.jpg,RDD2022,India,train
India_005081.jpg,4,Alligator Crack|Pothole,Pothole,0.0520987654320987,data/raw/road_damage/India/India/train/images/India_005081.jpg,RDD2022,India,train
India_005084.jpg,2,Alligator Crack|Pothole,Pothole,0.0562384259259259,data/raw/road_damage/India/India/train/images/India_005084.jpg,RDD2022,India,train
India_005086.jpg,1,Longitudinal Crack,Longitudinal Crack,0.0189988425925925,data/raw/road_damage/India/India/train/images/India_005086.jpg,RDD2022,India,train
India_005088.jpg,1,Pothole,Pothole,0.0211265432098765,data/raw/road_damage/India/India/train/images/India_005088.jpg,RDD2022,India,train
India_005090.jpg,1,Alligator Crack,Alligator Crack,0.1878067129629629,data/raw/road_damage/India/India/train/images/India_005090.jpg,RDD2022,India,train
India_005094.jpg,1,Alligator Crack,Alligator Crack,0.0872608024691358,data/raw/road_damage/India/India/train/images/India_005094.jpg,RDD2022,India,train
India_005103.jpg,1,Alligator Crack,Alligator Crack,0.0443460648148148,data/raw/road_damage/India/India/train/images/India_005103.jpg,RDD2022,India,train
India_005104.jpg,3,Alligator Crack,Alligator Crack,0.0808584104938271,data/raw/road_damage/India/India/train/images/India_005104.jpg,RDD2022,India,train
India_005120.jpg,1,Alligator Crack,Alligator Crack,0.066628086419753,data/raw/road_damage/India/India/train/images/India_005120.jpg,RDD2022,India,train
India_005121.jpg,1,Alligator Crack,Alligator Crack,0.1122916666666666,data/raw/road_damage/India/India/train/images/India_005121.jpg,RDD2022,India,train
India_005122.jpg,3,Pothole,Pothole,0.0212191358024691,data/raw/road_damage/India/India/train/images/India_005122.jpg,RDD2022,India,train
India_005123.jpg,1,Longitudinal Crack,Longitudinal Crack,0.1512770061728395,data/raw/road_damage/India/India/train/images/India_005123.jpg,RDD2022,India,train
India_005124.jpg,3,Alligator Crack|Pothole,Pothole,0.0790972222222222,data/raw/road_damage/India/India/train/images/India_005124.jpg,RDD2022,India,train
India_005129.jpg,2,Alligator Crack|Pothole,Alligator Crack,0.1767361111111111,data/raw/road_damage/India/India/train/images/India_005129.jpg,RDD2022,India,train
India_005133.jpg,1,Alligator Crack,Alligator Crack,0.0327932098765432,data/raw/road_damage/India/India/train/images/India_005133.jpg,RDD2022,India,train
India_005135.jpg,1,Pothole,Pothole,0.129483024691358,data/raw/road_damage/India/India/train/images/India_005135.jpg,RDD2022,India,train
India_005138.jpg,2,Alligator Crack|Pothole,Alligator Crack,0.1785011574074074,data/raw/road_damage/India/India/train/images/India_005138.jpg,RDD2022,India,train
India_005141.jpg,1,Alligator Crack,Alligator Crack,0.0708680555555555,data/raw/road_damage/India/India/train/images/India_005141.jpg,RDD2022,India,train
India_005143.jpg,1,Alligator Crack,Alligator Crack,0.1518518518518518,data/raw/road_damage/India/India/train/images/India_005143.jpg,RDD2022,India,train
India_005147.jpg,1,Longitudinal Crack,Longitudinal Crack,0.0406037808641975,data/raw/road_damage/India/India/train/images/India_005147.jpg,RDD2022,India,train
India_005150.jpg,2,Pothole,Pothole,0.0294907407407407,data/raw/road_damage/India/India/train/images/India_005150.jpg,RDD2022,India,train
India_005151.jpg,2,Alligator Crack,Alligator Crack,0.1558179012345679,data/raw/road_damage/India/India/train/images/India_005151.jpg,RDD2022,India,train
India_005152.jpg,2,Alligator Crack|Pothole,Alligator Crack,0.0504050925925925,data/raw/road_damage/India/India/train/images/India_005152.jpg,RDD2022,India,train
India_005163.jpg,3,Pothole,Pothole,0.0454166666666666,data/raw/road_damage/India/India/train/images/India_005163.jpg,RDD2022,India,train
India_005166.jpg,1,Alligator Crack,Alligator Crack,0.0291666666666666,data/raw/road_damage/India/India/train/images/India_005166.jpg,RDD2022,India,train
India_005174.jpg,1,Longitudinal Crack,Longitudinal Crack,0.0083333333333333,data/raw/road_damage/India/India/train/images/India_005174.jpg,RDD2022,India,train
India_005176.jpg,1,Alligator Crack,Alligator Crack,0.163125,data/raw/road_damage/India/India/train/images/India_005176.jpg,RDD2022,India,train
India_005179.jpg,1,Longitudinal Crack,Longitudinal Crack,0.0147685185185185,data/raw/road_damage/India/India/train/images/India_005179.jpg,RDD2022,India,train
India_005186.jpg,1,Longitudinal Crack,Longitudinal Crack,0.0319444444444444,data/raw/road_damage/India/India/train/images/India_005186.jpg,RDD2022,India,train
India_005188.jpg,1,Longitudinal Crack,Longitudinal Crack,0.0031828703703703,data/raw/road_damage/India/India/train/images/India_005188.jpg,RDD2022,India,train
India_005191.jpg,1,Pothole,Pothole,0.1451774691358024,data/raw/road_damage/India/India/train/images/India_005191.jpg,RDD2022,India,train
India_005197.jpg,4,Pothole,Pothole,0.0861111111111111,data/raw/road_damage/India/India/train/images/India_005197.jpg,RDD2022,India,train
India_005210.jpg,1,Alligator Crack,Alligator Crack,0.1802662037037037,data/raw/road_damage/India/India/train/images/India_005210.jpg,RDD2022,India,train
India_005214.jpg,1,Alligator Crack,Alligator Crack,0.1107349537037037,data/raw/road_damage/India/India/train/images/India_005214.jpg,RDD2022,India,train
India_005218.jpg,2,Alligator Crack,Alligator Crack,0.0828993055555555,data/raw/road_damage/India/India/train/images/India_005218.jpg,RDD2022,India,train
India_005219.jpg,6,Alligator Crack|Pothole,Pothole,0.1381172839506173,data/raw/road_damage/India/India/train/images/India_005219.jpg,RDD2022,India,train
India_005220.jpg,1,Longitudinal Crack,Longitudinal Crack,0.0528086419753086,data/raw/road_damage/India/India/train/images/India_005220.jpg,RDD2022,India,train
India_005225.jpg,1,Alligator Crack,Alligator Crack,0.0896064814814814,data/raw/road_damage/India/India/train/images/India_005225.jpg,RDD2022,India,train
India_005231.jpg,2,Pothole,Pothole,0.060625,data/raw/road_damage/India/India/train/images/India_005231.jpg,RDD2022,India,train
India_005233.jpg,2,Alligator Crack|Longitudinal Crack,Alligator Crack,0.1331134259259259,data/raw/road_damage/India/India/train/images/India_005233.jpg,RDD2022,India,train
India_005245.jpg,6,Alligator Crack|Pothole,Pothole,0.4922627314814815,data/raw/road_damage/India/India/train/images/India_005245.jpg,RDD2022,India,train
India_005247.jpg,4,Alligator Crack|Pothole,Pothole,0.2456944444444444,data/raw/road_damage/India/India/train/images/India_005247.jpg,RDD2022,India,train
India_005254.jpg,1,Alligator Crack,Alligator Crack,0.2216512345679012,data/raw/road_damage/India/India/train/images/India_005254.jpg,RDD2022,India,train
India_005256.jpg,1,Alligator Crack,Alligator Crack,0.1242071759259259,data/raw/road_damage/India/India/train/images/India_005256.jpg,RDD2022,India,train
India_005258.jpg,3,Pothole,Pothole,0.0379822530864197,data/raw/road_damage/India/India/train/images/India_005258.jpg,RDD2022,India,train
India_005260.jpg,2,Pothole,Pothole,0.0183333333333333,data/raw/road_damage/India/India/train/images/India_005260.jpg,RDD2022,India,train
India_005262.jpg,1,Alligator Crack,Alligator Crack,0.2217881944444444,data/raw/road_damage/India/India/train/images/India_005262.jpg,RDD2022,India,train
India_005266.jpg,1,Pothole,Pothole,0.0100925925925925,data/raw/road_damage/India/India/train/images/India_005266.jpg,RDD2022,India,train
India_005269.jpg,1,Pothole,Pothole,0.0830324074074074,data/raw/road_damage/India/India/train/images/India_005269.jpg,RDD2022,India,train
India_005277.jpg,1,Longitudinal Crack,Longitudinal Crack,0.1464988425925926,data/raw/road_damage/India/India/train/images/India_005277.jpg,RDD2022,India,train
India_005278.jpg,1,Alligator Crack,Alligator Crack,0.2285802469135802,data/raw/road_damage/India/India/train/images/India_005278.jpg,RDD2022,India,train
India_005280.jpg,2,Longitudinal Crack|Pothole,Longitudinal Crack,0.0354591049382716,data/raw/road_damage/India/India/train/images/India_005280.jpg,RDD2022,India,train
India_005282.jpg,1,Pothole,Pothole,0.0036072530864197,data/raw/road_damage/India/India/train/images/India_005282.jpg,RDD2022,India,train
India_005284.jpg,6,Alligator Crack|Longitudinal Crack|Pothole,Longitudinal Crack,0.079375,data/raw/road_damage/India/India/train/images/India_005284.jpg,RDD2022,India,train
India_005285.jpg,1,Pothole,Pothole,0.0811168981481481,data/raw/road_damage/India/India/train/images/India_005285.jpg,RDD2022,India,train
India_005286.jpg,2,Pothole,Pothole,0.1684876543209876,data/raw/road_damage/India/India/train/images/India_005286.jpg,RDD2022,India,train
India_005289.jpg,2,Alligator Crack|Pothole,Alligator Crack,0.0506751543209876,data/raw/road_damage/India/India/train/images/India_005289.jpg,RDD2022,India,train
India_005291.jpg,4,Alligator Crack|Pothole,Alligator Crack,0.095943287037037,data/raw/road_damage/India/India/train/images/India_005291.jpg,RDD2022,India,train
India_005294.jpg,2,Pothole,Pothole,0.004537037037037,data/raw/road_damage/India/India/train/images/India_005294.jpg,RDD2022,India,train
India_005297.jpg,2,Longitudinal Crack|Pothole,Longitudinal Crack,0.0088850308641975,data/raw/road_damage/India/India/train/images/India_005297.jpg,RDD2022,India,train
India_005298.jpg,3,Alligator Crack|Pothole,Pothole,0.0257098765432098,data/raw/road_damage/India/India/train/images/India_005298.jpg,RDD2022,India,train
India_005302.jpg,1,Alligator Crack,Alligator Crack,0.0929880401234568,data/raw/road_damage/India/India/train/images/India_005302.jpg,RDD2022,India,train
India_005305.jpg,3,Pothole,Pothole,0.1053510802469135,data/raw/road_damage/India/India/train/images/India_005305.jpg,RDD2022,India,train
India_005310.jpg,1,Alligator Crack,Alligator Crack,0.2622530864197531,data/raw/road_damage/India/India/train/images/India_005310.jpg,RDD2022,India,train
India_005314.jpg,4,Alligator Crack|Pothole,Pothole,0.0635493827160493,data/raw/road_damage/India/India/train/images/India_005314.jpg,RDD2022,India,train
India_005316.jpg,1,Alligator Crack,Alligator Crack,0.2179783950617284,data/raw/road_damage/India/India/train/images/India_005316.jpg,RDD2022,India,train
India_005317.jpg,2,Longitudinal Crack,Longitudinal Crack,0.0535821759259259,data/raw/road_damage/India/India/train/images/India_005317.jpg,RDD2022,India,train
India_005320.jpg,3,Longitudinal Crack,Longitudinal Crack,0.0222878086419753,data/raw/road_damage/India/India/train/images/India_005320.jpg,RDD2022,India,train
India_005324.jpg,2,Alligator Crack,Alligator Crack,0.0729938271604938,data/raw/road_damage/India/India/train/images/India_005324.jpg,RDD2022,India,train
India_005328.jpg,5,Longitudinal Crack,Longitudinal Crack,0.0169965277777777,data/raw/road_damage/India/India/train/images/India_005328.jpg,RDD2022,India,train
India_005337.jpg,2,Pothole,Pothole,0.0214158950617283,data/raw/road_damage/India/India/train/images/India_005337.jpg,RDD2022,India,train
India_005343.jpg,2,Pothole,Pothole,0.0050347222222222,data/raw/road_damage/India/India/train/images/India_005343.jpg,RDD2022,India,train
India_005346.jpg,1,Alligator Crack,Alligator Crack,0.1013657407407407,data/raw/road_damage/India/India/train/images/India_005346.jpg,RDD2022,India,train
India_005347.jpg,1,Longitudinal Crack,Longitudinal Crack,0.0479996141975308,data/raw/road_damage/India/India/train/images/India_005347.jpg,RDD2022,India,train
India_005348.jpg,1,Pothole,Pothole,0.0032098765432098,data/raw/road_damage/India/India/train/images/India_005348.jpg,RDD2022,India,train
India_005350.jpg,3,Alligator Crack|Pothole,Pothole,0.1492206790123456,data/raw/road_damage/India/India/train/images/India_005350.jpg,RDD2022,India,train
India_005351.jpg,1,Pothole,Pothole,0.0169502314814814,data/raw/road_damage/India/India/train/images/India_005351.jpg,RDD2022,India,train
India_005354.jpg,3,Longitudinal Crack,Longitudinal Crack,0.0313888888888888,data/raw/road_damage/India/India/train/images/India_005354.jpg,RDD2022,India,train
India_005361.jpg,1,Alligator Crack,Alligator Crack,0.3318981481481481,data/raw/road_damage/India/India/train/images/India_005361.jpg,RDD2022,India,train
India_005365.jpg,3,Longitudinal Crack,Longitudinal Crack,0.0168055555555555,data/raw/road_damage/India/India/train/images/India_005365.jpg,RDD2022,India,train
India_005369.jpg,1,Alligator Crack,Alligator Crack,0.087770061728395,data/raw/road_damage/India/India/train/images/India_005369.jpg,RDD2022,India,train
India_005372.jpg,2,Longitudinal Crack|Pothole,Pothole,0.018125,data/raw/road_damage/India/India/train/images/India_005372.jpg,RDD2022,India,train
India_005373.jpg,1,Pothole,Pothole,0.0020698302469135,data/raw/road_damage/India/India/train/images/India_005373.jpg,RDD2022,India,train
India_005374.jpg,1,Alligator Crack,Alligator Crack,0.0692881944444444,data/raw/road_damage/India/India/train/images/India_005374.jpg,RDD2022,India,train
India_005376.jpg,3,Alligator Crack|Longitudinal Crack,Longitudinal Crack,0.0424479166666666,data/raw/road_damage/India/India/train/images/India_005376.jpg,RDD2022,India,train
India_005389.jpg,1,Alligator Crack,Alligator Crack,0.0099305555555555,data/raw/road_damage/India/India/train/images/India_005389.jpg,RDD2022,India,train
India_005393.jpg,2,Alligator Crack,Alligator Crack,0.1246508487654321,data/raw/road_damage/India/India/train/images/India_005393.jpg,RDD2022,India,train
India_005394.jpg,3,Alligator Crack|Longitudinal Crack,Longitudinal Crack,0.2324652777777777,data/raw/road_damage/India/India/train/images/India_005394.jpg,RDD2022,India,train
India_005397.jpg,2,Pothole,Pothole,0.1023668981481481,data/raw/road_damage/India/India/train/images/India_005397.jpg,RDD2022,India,train
India_005398.jpg,4,Alligator Crack|Longitudinal Crack,Alligator Crack,0.0956018518518518,data/raw/road_damage/India/India/train/images/India_005398.jpg,RDD2022,India,train
India_005399.jpg,2,Alligator Crack|Pothole,Alligator Crack,0.2078684413580246,data/raw/road_damage/India/India/train/images/India_005399.jpg,RDD2022,India,train
India_005402.jpg,2,Alligator Crack|Pothole,Alligator Crack,0.3723958333333333,data/raw/road_damage/India/India/train/images/India_005402.jpg,RDD2022,India,train
India_005404.jpg,1,Alligator Crack,Alligator Crack,0.0630516975308642,data/raw/road_damage/India/India/train/images/India_005404.jpg,RDD2022,India,train
India_005410.jpg,2,Alligator Crack|Longitudinal Crack,Alligator Crack,0.0842592592592592,data/raw/road_damage/India/India/train/images/India_005410.jpg,RDD2022,India,train
India_005411.jpg,2,Alligator Crack|Pothole,Pothole,0.0424421296296296,data/raw/road_damage/India/India/train/images/India_005411.jpg,RDD2022,India,train
India_005412.jpg,4,Alligator Crack|Longitudinal Crack|Pothole,Longitudinal Crack,0.4051793981481481,data/raw/road_damage/India/India/train/images/India_005412.jpg,RDD2022,India,train
India_005415.jpg,2,Alligator Crack,Alligator Crack,0.1373379629629629,data/raw/road_damage/India/India/train/images/India_005415.jpg,RDD2022,India,train
India_005419.jpg,2,Alligator Crack,Alligator Crack,0.1115239197530864,data/raw/road_damage/India/India/train/images/India_005419.jpg,RDD2022,India,train
India_005420.jpg,4,Pothole,Pothole,0.0595081018518518,data/raw/road_damage/India/India/train/images/India_005420.jpg,RDD2022,India,train
India_005421.jpg,4,Longitudinal Crack|Pothole,Longitudinal Crack,0.0195061728395061,data/raw/road_damage/India/India/train/images/India_005421.jpg,RDD2022,India,train
India_005422.jpg,1,Alligator Crack,Alligator Crack,0.0708101851851851,data/raw/road_damage/India/India/train/images/India_005422.jpg,RDD2022,India,train
India_005423.jpg,1,Alligator Crack,Alligator Crack,0.0966956018518518,data/raw/road_damage/India/India/train/images/India_005423.jpg,RDD2022,India,train
India_005424.jpg,1,Alligator Crack,Alligator Crack,0.1375,data/raw/road_damage/India/India/train/images/India_005424.jpg,RDD2022,India,train
India_005427.jpg,1,Pothole,Pothole,0.1112654320987654,data/raw/road_damage/India/India/train/images/India_005427.jpg,RDD2022,India,train
India_005428.jpg,1,Longitudinal Crack,Longitudinal Crack,0.1212924382716049,data/raw/road_damage/India/India/train/images/India_005428.jpg,RDD2022,India,train
India_005433.jpg,1,Alligator Crack,Alligator Crack,0.1222299382716049,data/raw/road_damage/India/India/train/images/India_005433.jpg,RDD2022,India,train
India_005436.jpg,2,Longitudinal Crack|Pothole,Longitudinal Crack,0.0107638888888888,data/raw/road_damage/India/India/train/images/India_005436.jpg,RDD2022,India,train
India_005439.jpg,3,Pothole,Pothole,0.0298148148148148,data/raw/road_damage/India/India/train/images/India_005439.jpg,RDD2022,India,train
India_005441.jpg,1,Longitudinal Crack,Longitudinal Crack,0.04921875,data/raw/road_damage/India/India/train/images/India_005441.jpg,RDD2022,India,train
India_005445.jpg,2,Pothole,Pothole,0.0064699074074074,data/raw/road_damage/India/India/train/images/India_005445.jpg,RDD2022,India,train
India_005446.jpg,1,Pothole,Pothole,0.3309760802469136,data/raw/road_damage/India/India/train/images/India_005446.jpg,RDD2022,India,train
India_005447.jpg,3,Alligator Crack|Longitudinal Crack|Pothole,Pothole,0.1198263888888888,data/raw/road_damage/India/India/train/images/India_005447.jpg,RDD2022,India,train
India_005453.jpg,2,Longitudinal Crack,Longitudinal Crack,0.007770061728395,data/raw/road_damage/India/India/train/images/India_005453.jpg,RDD2022,India,train
India_005455.jpg,3,Pothole,Pothole,0.1103973765432098,data/raw/road_damage/India/India/train/images/India_005455.jpg,RDD2022,India,train
India_005458.jpg,1,Alligator Crack,Alligator Crack,0.0670949074074074,data/raw/road_damage/India/India/train/images/India_005458.jpg,RDD2022,India,train
India_005461.jpg,1,Longitudinal Crack,Longitudinal Crack,0.0355555555555555,data/raw/road_damage/India/India/train/images/India_005461.jpg,RDD2022,India,train
India_005467.jpg,1,Pothole,Pothole,0.1626157407407407,data/raw/road_damage/India/India/train/images/India_005467.jpg,RDD2022,India,train
India_005469.jpg,4,Pothole,Pothole,0.0057291666666666,data/raw/road_damage/India/India/train/images/India_005469.jpg,RDD2022,India,train
India_005472.jpg,4,Alligator Crack|Pothole,Pothole,0.0708989197530864,data/raw/road_damage/India/India/train/images/India_005472.jpg,RDD2022,India,train
India_005473.jpg,4,Longitudinal Crack|Pothole,Pothole,0.0278086419753086,data/raw/road_damage/India/India/train/images/India_005473.jpg,RDD2022,India,train
India_005475.jpg,1,Alligator Crack,Alligator Crack,0.0379166666666666,data/raw/road_damage/India/India/train/images/India_005475.jpg,RDD2022,India,train
India_005486.jpg,3,Alligator Crack|Pothole,Pothole,0.0724768518518518,data/raw/road_damage/India/India/train/images/India_005486.jpg,RDD2022,India,train
India_005489.jpg,4,Longitudinal Crack|Pothole,Pothole,0.0395100308641975,data/raw/road_damage/India/India/train/images/India_005489.jpg,RDD2022,India,train
India_005490.jpg,3,Pothole,Pothole,0.0114583333333333,data/raw/road_damage/India/India/train/images/India_005490.jpg,RDD2022,India,train
India_005491.jpg,2,Longitudinal Crack,Longitudinal Crack,0.042505787037037,data/raw/road_damage/India/India/train/images/India_005491.jpg,RDD2022,India,train
India_005493.jpg,1,Alligator Crack,Alligator Crack,0.0258969907407407,data/raw/road_damage/India/India/train/images/India_005493.jpg,RDD2022,India,train
India_005496.jpg,5,Alligator Crack|Longitudinal Crack|Pothole,Pothole,0.0771103395061728,data/raw/road_damage/India/India/train/images/India_005496.jpg,RDD2022,India,train
India_005505.jpg,1,Longitudinal Crack,Longitudinal Crack,0.0681712962962963,data/raw/road_damage/India/India/train/images/India_005505.jpg,RDD2022,India,train
India_005510.jpg,1,Pothole,Pothole,0.0493827160493827,data/raw/road_damage/India/India/train/images/India_005510.jpg,RDD2022,India,train
India_005519.jpg,4,Longitudinal Crack|Pothole,Longitudinal Crack,0.0107407407407407,data/raw/road_damage/India/India/train/images/India_005519.jpg,RDD2022,India,train
India_005526.jpg,2,Alligator Crack|Pothole,Pothole,0.4185879629629629,data/raw/road_damage/India/India/train/images/India_005526.jpg,RDD2022,India,train
India_005535.jpg,1,Alligator Crack,Alligator Crack,0.2096759259259259,data/raw/road_damage/India/India/train/images/India_005535.jpg,RDD2022,India,train
India_005539.jpg,1,Pothole,Pothole,0.0030246913580246,data/raw/road_damage/India/India/train/images/India_005539.jpg,RDD2022,India,train
India_005541.jpg,3,Alligator Crack|Longitudinal Crack|Pothole,Longitudinal Crack,0.0513078703703703,data/raw/road_damage/India/India/train/images/India_005541.jpg,RDD2022,India,train
India_005543.jpg,2,Alligator Crack|Pothole,Alligator Crack,0.1618383487654321,data/raw/road_damage/India/India/train/images/India_005543.jpg,RDD2022,India,train
India_005544.jpg,2,Longitudinal Crack,Longitudinal Crack,0.0188985339506172,data/raw/road_damage/India/India/train/images/India_005544.jpg,RDD2022,India,train
India_005545.jpg,4,Alligator Crack|Longitudinal Crack|Pothole,Longitudinal Crack,0.1463387345679012,data/raw/road_damage/India/India/train/images/India_005545.jpg,RDD2022,India,train
India_005546.jpg,3,Pothole,Pothole,0.0012962962962962,data/raw/road_damage/India/India/train/images/India_005546.jpg,RDD2022,India,train
India_005547.jpg,3,Alligator Crack|Pothole,Pothole,0.0292611882716049,data/raw/road_damage/India/India/train/images/India_005547.jpg,RDD2022,India,train
India_005548.jpg,2,Pothole,Pothole,0.1756944444444444,data/raw/road_damage/India/India/train/images/India_005548.jpg,RDD2022,India,train
India_005550.jpg,7,Alligator Crack|Longitudinal Crack|Pothole,Pothole,0.0403163580246913,data/raw/road_damage/India/India/train/images/India_005550.jpg,RDD2022,India,train
India_005557.jpg,2,Alligator Crack|Longitudinal Crack,Alligator Crack,0.1877025462962963,data/raw/road_damage/India/India/train/images/India_005557.jpg,RDD2022,India,train
India_005559.jpg,2,Alligator Crack|Pothole,Pothole,0.0974382716049382,data/raw/road_damage/India/India/train/images/India_005559.jpg,RDD2022,India,train
India_005563.jpg,1,Alligator Crack,Alligator Crack,0.0609375,data/raw/road_damage/India/India/train/images/India_005563.jpg,RDD2022,India,train
India_005564.jpg,4,Pothole,Pothole,0.0289081790123456,data/raw/road_damage/India/India/train/images/India_005564.jpg,RDD2022,India,train
India_005568.jpg,1,Alligator Crack,Alligator Crack,0.2376003086419753,data/raw/road_damage/India/India/train/images/India_005568.jpg,RDD2022,India,train
India_005569.jpg,2,Alligator Crack|Pothole,Alligator Crack,0.1306558641975308,data/raw/road_damage/India/India/train/images/India_005569.jpg,RDD2022,India,train
India_005576.jpg,1,Alligator Crack,Alligator Crack,0.1886419753086419,data/raw/road_damage/India/India/train/images/India_005576.jpg,RDD2022,India,train
India_005578.jpg,4,Alligator Crack|Pothole,Pothole,0.1277893518518518,data/raw/road_damage/India/India/train/images/India_005578.jpg,RDD2022,India,train
India_005579.jpg,1,Longitudinal Crack,Longitudinal Crack,0.0274074074074074,data/raw/road_damage/India/India/train/images/India_005579.jpg,RDD2022,India,train
India_005580.jpg,1,Alligator Crack,Alligator Crack,0.0706828703703703,data/raw/road_damage/India/India/train/images/India_005580.jpg,RDD2022,India,train
India_005588.jpg,1,Pothole,Pothole,0.0373533950617284,data/raw/road_damage/India/India/train/images/India_005588.jpg,RDD2022,India,train
India_005593.jpg,1,Alligator Crack,Alligator Crack,0.1034297839506172,data/raw/road_damage/India/India/train/images/India_005593.jpg,RDD2022,India,train
India_005595.jpg,5,Alligator Crack|Pothole,Pothole,0.2616898148148148,data/raw/road_damage/India/India/train/images/India_005595.jpg,RDD2022,India,train
India_005600.jpg,1,Alligator Crack,Alligator Crack,0.2171566358024691,data/raw/road_damage/India/India/train/images/India_005600.jpg,RDD2022,India,train
India_005601.jpg,2,Alligator Crack|Pothole,Pothole,0.154633487654321,data/raw/road_damage/India/India/train/images/India_005601.jpg,RDD2022,India,train
India_005603.jpg,6,Alligator Crack|Longitudinal Crack|Pothole,Pothole,0.0434471450617283,data/raw/road_damage/India/India/train/images/India_005603.jpg,RDD2022,India,train
India_005608.jpg,1,Alligator Crack,Alligator Crack,0.1383757716049382,data/raw/road_damage/India/India/train/images/India_005608.jpg,RDD2022,India,train
India_005611.jpg,5,Longitudinal Crack|Pothole,Pothole,0.0236979166666666,data/raw/road_damage/India/India/train/images/India_005611.jpg,RDD2022,India,train
India_005612.jpg,2,Alligator Crack|Pothole,Pothole,0.1911844135802469,data/raw/road_damage/India/India/train/images/India_005612.jpg,RDD2022,India,train
India_005616.jpg,1,Longitudinal Crack,Longitudinal Crack,0.0923032407407407,data/raw/road_damage/India/India/train/images/India_005616.jpg,RDD2022,India,train
India_005619.jpg,2,Alligator Crack|Longitudinal Crack,Alligator Crack,0.2023765432098765,data/raw/road_damage/India/India/train/images/India_005619.jpg,RDD2022,India,train
India_005621.jpg,1,Pothole,Pothole,0.1024884259259259,data/raw/road_damage/India/India/train/images/India_005621.jpg,RDD2022,India,train
India_005636.jpg,1,Alligator Crack,Alligator Crack,0.0934992283950617,data/raw/road_damage/India/India/train/images/India_005636.jpg,RDD2022,India,train
India_005639.jpg,2,Longitudinal Crack,Longitudinal Crack,0.0296122685185185,data/raw/road_damage/India/India/train/images/India_005639.jpg,RDD2022,India,train
India_005643.jpg,1,Pothole,Pothole,0.0259375,data/raw/road_damage/India/India/train/images/India_005643.jpg,RDD2022,India,train
India_005655.jpg,1,Pothole,Pothole,0.0021643518518518,data/raw/road_damage/India/India/train/images/India_005655.jpg,RDD2022,India,train
India_005656.jpg,4,Pothole,Pothole,0.0578703703703703,data/raw/road_damage/India/India/train/images/India_005656.jpg,RDD2022,India,train
India_005660.jpg,4,Alligator Crack|Longitudinal Crack|Pothole,Longitudinal Crack,0.0537905092592592,data/raw/road_damage/India/India/train/images/India_005660.jpg,RDD2022,India,train
India_005661.jpg,3,Pothole,Pothole,0.0081462191358024,data/raw/road_damage/India/India/train/images/India_005661.jpg,RDD2022,India,train
India_005670.jpg,1,Alligator Crack,Alligator Crack,0.0779938271604938,data/raw/road_damage/India/India/train/images/India_005670.jpg,RDD2022,India,train
India_005672.jpg,2,Alligator Crack,Alligator Crack,0.0951466049382716,data/raw/road_damage/India/India/train/images/India_005672.jpg,RDD2022,India,train
India_005676.jpg,4,Alligator Crack|Pothole,Alligator Crack,0.0505979938271604,data/raw/road_damage/India/India/train/images/India_005676.jpg,RDD2022,India,train
India_005678.jpg,1,Alligator Crack,Alligator Crack,0.1519907407407407,data/raw/road_damage/India/India/train/images/India_005678.jpg,RDD2022,India,train
India_005680.jpg,2,Alligator Crack|Longitudinal Crack,Alligator Crack,0.2298090277777777,data/raw/road_damage/India/India/train/images/India_005680.jpg,RDD2022,India,train
India_005681.jpg,2,Alligator Crack|Longitudinal Crack,Alligator Crack,0.0976388888888888,data/raw/road_damage/India/India/train/images/India_005681.jpg,RDD2022,India,train
India_005682.jpg,1,Longitudinal Crack,Longitudinal Crack,0.0112808641975308,data/raw/road_damage/India/India/train/images/India_005682.jpg,RDD2022,India,train
India_005693.jpg,4,Longitudinal Crack|Pothole,Pothole,0.1494753086419753,data/raw/road_damage/India/India/train/images/India_005693.jpg,RDD2022,India,train
India_005697.jpg,4,Alligator Crack|Longitudinal Crack|Pothole,Pothole,0.092037037037037,data/raw/road_damage/India/India/train/images/India_005697.jpg,RDD2022,India,train
India_005698.jpg,1,Pothole,Pothole,0.1693518518518518,data/raw/road_damage/India/India/train/images/India_005698.jpg,RDD2022,India,train
India_005699.jpg,2,Alligator Crack|Longitudinal Crack,Alligator Crack,0.0896604938271605,data/raw/road_damage/India/India/train/images/India_005699.jpg,RDD2022,India,train
India_005700.jpg,1,Alligator Crack,Alligator Crack,0.0291666666666666,data/raw/road_damage/India/India/train/images/India_005700.jpg,RDD2022,India,train
India_005701.jpg,4,Pothole,Pothole,0.0362847222222222,data/raw/road_damage/India/India/train/images/India_005701.jpg,RDD2022,India,train
India_005702.jpg,1,Longitudinal Crack,Longitudinal Crack,0.0368344907407407,data/raw/road_damage/India/India/train/images/India_005702.jpg,RDD2022,India,train
India_005704.jpg,1,Pothole,Pothole,0.0099209104938271,data/raw/road_damage/India/India/train/images/India_005704.jpg,RDD2022,India,train
India_005706.jpg,1,Longitudinal Crack,Longitudinal Crack,0.0643827160493827,data/raw/road_damage/India/India/train/images/India_005706.jpg,RDD2022,India,train
India_005711.jpg,1,Longitudinal Crack,Longitudinal Crack,0.0379629629629629,data/raw/road_damage/India/India/train/images/India_005711.jpg,RDD2022,India,train
India_005713.jpg,3,Alligator Crack|Longitudinal Crack|Pothole,Pothole,0.0451253858024691,data/raw/road_damage/India/India/train/images/India_005713.jpg,RDD2022,India,train
India_005714.jpg,1,Alligator Crack,Alligator Crack,0.0317746913580246,data/raw/road_damage/India/India/train/images/India_005714.jpg,RDD2022,India,train
India_005715.jpg,2,Alligator Crack|Pothole,Alligator Crack,0.0454475308641975,data/raw/road_damage/India/India/train/images/India_005715.jpg,RDD2022,India,train
India_005717.jpg,4,Longitudinal Crack|Pothole,Pothole,0.0522280092592592,data/raw/road_damage/India/India/train/images/India_005717.jpg,RDD2022,India,train
India_005724.jpg,1,Pothole,Pothole,0.0029089506172839,data/raw/road_damage/India/India/train/images/India_005724.jpg,RDD2022,India,train
India_005726.jpg,1,Alligator Crack,Alligator Crack,0.2059259259259259,data/raw/road_damage/India/India/train/images/India_005726.jpg,RDD2022,India,train
India_005728.jpg,2,Alligator Crack,Alligator Crack,0.0690509259259259,data/raw/road_damage/India/India/train/images/India_005728.jpg,RDD2022,India,train
India_005732.jpg,1,Alligator Crack,Alligator Crack,0.091574074074074,data/raw/road_damage/India/India/train/images/India_005732.jpg,RDD2022,India,train
India_005743.jpg,9,Longitudinal Crack|Pothole,Pothole,0.0150019290123456,data/raw/road_damage/India/India/train/images/India_005743.jpg,RDD2022,India,train
India_005746.jpg,2,Alligator Crack,Alligator Crack,0.0062692901234567,data/raw/road_damage/India/India/train/images/India_005746.jpg,RDD2022,India,train
India_005751.jpg,1,Alligator Crack,Alligator Crack,0.1704764660493827,data/raw/road_damage/India/India/train/images/India_005751.jpg,RDD2022,India,train
India_005755.jpg,2,Alligator Crack|Pothole,Alligator Crack,0.0914351851851851,data/raw/road_damage/India/India/train/images/India_005755.jpg,RDD2022,India,train
India_005757.jpg,3,Alligator Crack|Pothole,Pothole,0.0307021604938271,data/raw/road_damage/India/India/train/images/India_005757.jpg,RDD2022,India,train
India_005758.jpg,1,Longitudinal Crack,Longitudinal Crack,0.008858024691358,data/raw/road_damage/India/India/train/images/India_005758.jpg,RDD2022,India,train
India_005760.jpg,1,Pothole,Pothole,0.0325462962962962,data/raw/road_damage/India/India/train/images/India_005760.jpg,RDD2022,India,train
India_005761.jpg,2,Alligator Crack|Pothole,Alligator Crack,0.0995061728395061,data/raw/road_damage/India/India/train/images/India_005761.jpg,RDD2022,India,train
India_005762.jpg,3,Longitudinal Crack|Pothole|Transverse Crack,Transverse Crack,0.0165509259259259,data/raw/road_damage/India/India/train/images/India_005762.jpg,RDD2022,India,train
India_005765.jpg,2,Alligator Crack,Alligator Crack,0.0923939043209876,data/raw/road_damage/India/India/train/images/India_005765.jpg,RDD2022,India,train
India_005774.jpg,3,Longitudinal Crack|Pothole,Pothole,0.0692592592592592,data/raw/road_damage/India/India/train/images/India_005774.jpg,RDD2022,India,train
India_005775.jpg,1,Pothole,Pothole,0.0064409722222222,data/raw/road_damage/India/India/train/images/India_005775.jpg,RDD2022,India,train
India_005777.jpg,1,Pothole,Pothole,0.0021064814814814,data/raw/road_damage/India/India/train/images/India_005777.jpg,RDD2022,India,train
India_005778.jpg,2,Alligator Crack,Alligator Crack,0.0573225308641975,data/raw/road_damage/India/India/train/images/India_005778.jpg,RDD2022,India,train
India_005781.jpg,13,Alligator Crack|Pothole,Pothole,0.0864583333333333,data/raw/road_damage/India/India/train/images/India_005781.jpg,RDD2022,India,train
India_005783.jpg,1,Alligator Crack,Alligator Crack,0.0927854938271604,data/raw/road_damage/India/India/train/images/India_005783.jpg,RDD2022,India,train
India_005784.jpg,1,Pothole,Pothole,0.1435648148148148,data/raw/road_damage/India/India/train/images/India_005784.jpg,RDD2022,India,train
India_005788.jpg,1,Alligator Crack,Alligator Crack,0.1701929012345679,data/raw/road_damage/India/India/train/images/India_005788.jpg,RDD2022,India,train
India_005797.jpg,1,Pothole,Pothole,0.0022222222222222,data/raw/road_damage/India/India/train/images/India_005797.jpg,RDD2022,India,train
India_005801.jpg,1,Pothole,Pothole,0.1816396604938271,data/raw/road_damage/India/India/train/images/India_005801.jpg,RDD2022,India,train
India_005807.jpg,1,Alligator Crack,Alligator Crack,0.0786072530864197,data/raw/road_damage/India/India/train/images/India_005807.jpg,RDD2022,India,train
India_005810.jpg,3,Alligator Crack|Longitudinal Crack|Pothole,Pothole,0.1817592592592592,data/raw/road_damage/India/India/train/images/India_005810.jpg,RDD2022,India,train
India_005811.jpg,1,Alligator Crack,Alligator Crack,0.1886246141975308,data/raw/road_damage/India/India/train/images/India_005811.jpg,RDD2022,India,train
India_005812.jpg,1,Longitudinal Crack,Longitudinal Crack,0.0080208333333333,data/raw/road_damage/India/India/train/images/India_005812.jpg,RDD2022,India,train
India_005817.jpg,1,Alligator Crack,Alligator Crack,0.0462692901234567,data/raw/road_damage/India/India/train/images/India_005817.jpg,RDD2022,India,train
India_005820.jpg,2,Pothole,Pothole,0.0376369598765432,data/raw/road_damage/India/India/train/images/India_005820.jpg,RDD2022,India,train
India_005824.jpg,5,Alligator Crack|Pothole,Pothole,0.0572916666666666,data/raw/road_damage/India/India/train/images/India_005824.jpg,RDD2022,India,train
India_005829.jpg,1,Alligator Crack,Alligator Crack,0.0889930555555555,data/raw/road_damage/India/India/train/images/India_005829.jpg,RDD2022,India,train
India_005830.jpg,2,Alligator Crack|Longitudinal Crack,Alligator Crack,0.031412037037037,data/raw/road_damage/India/India/train/images/India_005830.jpg,RDD2022,India,train
India_005835.jpg,1,Transverse Crack,Transverse Crack,0.0207098765432098,data/raw/road_damage/India/India/train/images/India_005835.jpg,RDD2022,India,train
India_005839.jpg,1,Alligator Crack,Alligator Crack,0.0837808641975308,data/raw/road_damage/India/India/train/images/India_005839.jpg,RDD2022,India,train
India_005842.jpg,1,Longitudinal Crack,Longitudinal Crack,0.0547608024691358,data/raw/road_damage/India/India/train/images/India_005842.jpg,RDD2022,India,train
India_005843.jpg,1,Alligator Crack,Alligator Crack,0.1974884259259259,data/raw/road_damage/India/India/train/images/India_005843.jpg,RDD2022,India,train
India_005844.jpg,3,Alligator Crack|Longitudinal Crack,Longitudinal Crack,0.0361921296296296,data/raw/road_damage/India/India/train/images/India_005844.jpg,RDD2022,India,train
India_005847.jpg,3,Alligator Crack|Longitudinal Crack,Longitudinal Crack,0.1191203703703703,data/raw/road_damage/India/India/train/images/India_005847.jpg,RDD2022,India,train
India_005848.jpg,1,Longitudinal Crack,Longitudinal Crack,0.0080748456790123,data/raw/road_damage/India/India/train/images/India_005848.jpg,RDD2022,India,train
India_005849.jpg,1,Alligator Crack,Alligator Crack,0.0246566358024691,data/raw/road_damage/India/India/train/images/India_005849.jpg,RDD2022,India,train
India_005853.jpg,3,Alligator Crack|Longitudinal Crack,Longitudinal Crack,0.105,data/raw/road_damage/India/India/train/images/India_005853.jpg,RDD2022,India,train
India_005856.jpg,2,Alligator Crack|Pothole,Pothole,0.0727237654320987,data/raw/road_damage/India/India/train/images/India_005856.jpg,RDD2022,India,train
India_005857.jpg,1,Alligator Crack,Alligator Crack,0.2832098765432099,data/raw/road_damage/India/India/train/images/India_005857.jpg,RDD2022,India,train
India_005859.jpg,2,Alligator Crack|Longitudinal Crack,Longitudinal Crack,0.0441010802469135,data/raw/road_damage/India/India/train/images/India_005859.jpg,RDD2022,India,train
India_005862.jpg,1,Longitudinal Crack,Longitudinal Crack,0.0159722222222222,data/raw/road_damage/India/India/train/images/India_005862.jpg,RDD2022,India,train
India_005866.jpg,1,Longitudinal Crack,Longitudinal Crack,0.0112037037037037,data/raw/road_damage/India/India/train/images/India_005866.jpg,RDD2022,India,train
India_005868.jpg,3,Alligator Crack|Longitudinal Crack,Alligator Crack,0.0558641975308642,data/raw/road_damage/India/India/train/images/India_005868.jpg,RDD2022,India,train
India_005870.jpg,5,Alligator Crack|Pothole,Pothole,0.0211226851851851,data/raw/road_damage/India/India/train/images/India_005870.jpg,RDD2022,India,train
India_005871.jpg,1,Alligator Crack,Alligator Crack,0.0388985339506172,data/raw/road_damage/India/India/train/images/India_005871.jpg,RDD2022,India,train
India_005875.jpg,2,Longitudinal Crack|Transverse Crack,Longitudinal Crack,0.0179629629629629,data/raw/road_damage/India/India/train/images/India_005875.jpg,RDD2022,India,train
India_005876.jpg,1,Longitudinal Crack,Longitudinal Crack,0.0157947530864197,data/raw/road_damage/India/India/train/images/India_005876.jpg,RDD2022,India,train
India_005878.jpg,3,Pothole,Pothole,0.0095081018518518,data/raw/road_damage/India/India/train/images/India_005878.jpg,RDD2022,India,train
India_005881.jpg,2,Alligator Crack,Alligator Crack,0.0634027777777777,data/raw/road_damage/India/India/train/images/India_005881.jpg,RDD2022,India,train
India_005882.jpg,5,Alligator Crack|Longitudinal Crack,Longitudinal Crack,0.47,data/raw/road_damage/India/India/train/images/India_005882.jpg,RDD2022,India,train
India_005883.jpg,2,Alligator Crack|Longitudinal Crack,Longitudinal Crack,0.1910011574074074,data/raw/road_damage/India/India/train/images/India_005883.jpg,RDD2022,India,train
India_005884.jpg,1,Pothole,Pothole,0.2116840277777777,data/raw/road_damage/India/India/train/images/India_005884.jpg,RDD2022,India,train
India_005886.jpg,2,Alligator Crack|Pothole,Pothole,0.0719984567901234,data/raw/road_damage/India/India/train/images/India_005886.jpg,RDD2022,India,train
India_005887.jpg,4,Longitudinal Crack|Pothole,Pothole,0.0699228395061728,data/raw/road_damage/India/India/train/images/India_005887.jpg,RDD2022,India,train
India_005890.jpg,1,Alligator Crack,Alligator Crack,0.2612326388888888,data/raw/road_damage/India/India/train/images/India_005890.jpg,RDD2022,India,train
India_005894.jpg,1,Alligator Crack,Alligator Crack,0.2379320987654321,data/raw/road_damage/India/India/train/images/India_005894.jpg,RDD2022,India,train
India_005895.jpg,1,Pothole,Pothole,0.0016666666666666,data/raw/road_damage/India/India/train/images/India_005895.jpg,RDD2022,India,train
India_005900.jpg,2,Longitudinal Crack|Pothole,Longitudinal Crack,0.1858024691358024,data/raw/road_damage/India/India/train/images/India_005900.jpg,RDD2022,India,train
India_005903.jpg,2,Longitudinal Crack,Longitudinal Crack,0.0116010802469135,data/raw/road_damage/India/India/train/images/India_005903.jpg,RDD2022,India,train
India_005905.jpg,1,Alligator Crack,Alligator Crack,0.2196161265432099,data/raw/road_damage/India/India/train/images/India_005905.jpg,RDD2022,India,train
India_005911.jpg,1,Alligator Crack,Alligator Crack,0.0798726851851851,data/raw/road_damage/India/India/train/images/India_005911.jpg,RDD2022,India,train
India_005916.jpg,1,Alligator Crack,Alligator Crack,0.2139139660493827,data/raw/road_damage/India/India/train/images/India_005916.jpg,RDD2022,India,train
India_005917.jpg,2,Longitudinal Crack,Longitudinal Crack,0.0132195216049382,data/raw/road_damage/India/India/train/images/India_005917.jpg,RDD2022,India,train
India_005921.jpg,1,Alligator Crack,Alligator Crack,0.422037037037037,data/raw/road_damage/India/India/train/images/India_005921.jpg,RDD2022,India,train
India_005923.jpg,2,Longitudinal Crack,Longitudinal Crack,0.0274189814814814,data/raw/road_damage/India/India/train/images/India_005923.jpg,RDD2022,India,train
India_005926.jpg,1,Alligator Crack,Alligator Crack,0.0703105709876543,data/raw/road_damage/India/India/train/images/India_005926.jpg,RDD2022,India,train
India_005933.jpg,1,Longitudinal Crack,Longitudinal Crack,0.0139891975308641,data/raw/road_damage/India/India/train/images/India_005933.jpg,RDD2022,India,train
India_005936.jpg,2,Longitudinal Crack,Longitudinal Crack,0.0418981481481481,data/raw/road_damage/India/India/train/images/India_005936.jpg,RDD2022,India,train
India_005937.jpg,1,Pothole,Pothole,0.0095486111111111,data/raw/road_damage/India/India/train/images/India_005937.jpg,RDD2022,India,train
India_005938.jpg,4,Alligator Crack|Longitudinal Crack|Pothole,Pothole,0.031003086419753,data/raw/road_damage/India/India/train/images/India_005938.jpg,RDD2022,India,train
India_005941.jpg,2,Alligator Crack|Pothole,Alligator Crack,0.0816820987654321,data/raw/road_damage/India/India/train/images/India_005941.jpg,RDD2022,India,train
India_005944.jpg,1,Alligator Crack,Alligator Crack,0.100480324074074,data/raw/road_damage/India/India/train/images/India_005944.jpg,RDD2022,India,train
India_005948.jpg,2,Alligator Crack,Alligator Crack,0.0884837962962963,data/raw/road_damage/India/India/train/images/India_005948.jpg,RDD2022,India,train
India_005949.jpg,1,Alligator Crack,Alligator Crack,0.2491319444444444,data/raw/road_damage/India/India/train/images/India_005949.jpg,RDD2022,India,train
India_005954.jpg,2,Alligator Crack,Alligator Crack,0.0844675925925926,data/raw/road_damage/India/India/train/images/India_005954.jpg,RDD2022,India,train
India_005959.jpg,1,Longitudinal Crack,Longitudinal Crack,0.0244444444444444,data/raw/road_damage/India/India/train/images/India_005959.jpg,RDD2022,India,train
India_005962.jpg,1,Pothole,Pothole,0.0156076388888888,data/raw/road_damage/India/India/train/images/India_005962.jpg,RDD2022,India,train
India_005964.jpg,1,Alligator Crack,Alligator Crack,0.030895061728395,data/raw/road_damage/India/India/train/images/India_005964.jpg,RDD2022,India,train
India_005967.jpg,1,Longitudinal Crack,Longitudinal Crack,0.0076388888888888,data/raw/road_damage/India/India/train/images/India_005967.jpg,RDD2022,India,train
India_005968.jpg,3,Alligator Crack|Pothole,Pothole,0.0687422839506172,data/raw/road_damage/India/India/train/images/India_005968.jpg,RDD2022,India,train
India_005969.jpg,1,Longitudinal Crack,Longitudinal Crack,0.0155034722222222,data/raw/road_damage/India/India/train/images/India_005969.jpg,RDD2022,India,train
India_005970.jpg,2,Alligator Crack,Alligator Crack,0.08671875,data/raw/road_damage/India/India/train/images/India_005970.jpg,RDD2022,India,train
India_005971.jpg,2,Alligator Crack,Alligator Crack,0.1620563271604938,data/raw/road_damage/India/India/train/images/India_005971.jpg,RDD2022,India,train
India_005974.jpg,1,Alligator Crack,Alligator Crack,0.251574074074074,data/raw/road_damage/India/India/train/images/India_005974.jpg,RDD2022,India,train
India_005975.jpg,2,Longitudinal Crack,Longitudinal Crack,0.1096875,data/raw/road_damage/India/India/train/images/India_005975.jpg,RDD2022,India,train
India_005976.jpg,1,Pothole,Pothole,0.0029899691358024,data/raw/road_damage/India/India/train/images/India_005976.jpg,RDD2022,India,train
India_005983.jpg,1,Alligator Crack,Alligator Crack,0.0708371913580246,data/raw/road_damage/India/India/train/images/India_005983.jpg,RDD2022,India,train
India_005988.jpg,1,Alligator Crack,Alligator Crack,0.1222222222222222,data/raw/road_damage/India/India/train/images/India_005988.jpg,RDD2022,India,train
India_005991.jpg,1,Alligator Crack,Alligator Crack,0.0945216049382716,data/raw/road_damage/India/India/train/images/India_005991.jpg,RDD2022,India,train
India_005992.jpg,3,Longitudinal Crack,Longitudinal Crack,0.0439699074074074,data/raw/road_damage/India/India/train/images/India_005992.jpg,RDD2022,India,train
India_005993.jpg,4,Alligator Crack|Pothole,Alligator Crack,0.1892476851851851,data/raw/road_damage/India/India/train/images/India_005993.jpg,RDD2022,India,train
India_005994.jpg,2,Alligator Crack,Alligator Crack,0.1651909722222222,data/raw/road_damage/India/India/train/images/India_005994.jpg,RDD2022,India,train
India_005995.jpg,1,Pothole,Pothole,0.0021064814814814,data/raw/road_damage/India/India/train/images/India_005995.jpg,RDD2022,India,train
India_005996.jpg,1,Alligator Crack,Alligator Crack,0.1545833333333333,data/raw/road_damage/India/India/train/images/India_005996.jpg,RDD2022,India,train
India_006000.jpg,2,Longitudinal Crack,Longitudinal Crack,0.0094444444444444,data/raw/road_damage/India/India/train/images/India_006000.jpg,RDD2022,India,train
India_006004.jpg,1,Pothole,Pothole,0.0132619598765432,data/raw/road_damage/India/India/train/images/India_006004.jpg,RDD2022,India,train
India_006012.jpg,2,Longitudinal Crack,Longitudinal Crack,0.0125385802469135,data/raw/road_damage/India/India/train/images/India_006012.jpg,RDD2022,India,train
India_006014.jpg,3,Alligator Crack|Longitudinal Crack,Alligator Crack,0.045991512345679,data/raw/road_damage/India/India/train/images/India_006014.jpg,RDD2022,India,train
India_006020.jpg,3,Alligator Crack|Longitudinal Crack,Longitudinal Crack,0.0621219135802469,data/raw/road_damage/India/India/train/images/India_006020.jpg,RDD2022,India,train
India_006025.jpg,1,Longitudinal Crack,Longitudinal Crack,0.0081944444444444,data/raw/road_damage/India/India/train/images/India_006025.jpg,RDD2022,India,train
India_006026.jpg,2,Alligator Crack|Longitudinal Crack,Longitudinal Crack,0.1738908179012345,data/raw/road_damage/India/India/train/images/India_006026.jpg,RDD2022,India,train
India_006027.jpg,3,Alligator Crack|Longitudinal Crack|Pothole,Alligator Crack,0.096772762345679,data/raw/road_damage/India/India/train/images/India_006027.jpg,RDD2022,India,train
India_006029.jpg,3,Alligator Crack|Longitudinal Crack,Longitudinal Crack,0.223449074074074,data/raw/road_damage/India/India/train/images/India_006029.jpg,RDD2022,India,train
India_006030.jpg,2,Alligator Crack,Alligator Crack,0.1377604166666666,data/raw/road_damage/India/India/train/images/India_006030.jpg,RDD2022,India,train
India_006031.jpg,3,Longitudinal Crack|Pothole|Transverse Crack,Longitudinal Crack,0.0475,data/raw/road_damage/India/India/train/images/India_006031.jpg,RDD2022,India,train
India_006033.jpg,1,Pothole,Pothole,0.0054282407407407,data/raw/road_damage/India/India/train/images/India_006033.jpg,RDD2022,India,train
India_006042.jpg,1,Alligator Crack,Alligator Crack,0.0564236111111111,data/raw/road_damage/India/India/train/images/India_006042.jpg,RDD2022,India,train
India_006045.jpg,7,Alligator Crack|Longitudinal Crack|Pothole,Pothole,0.0567997685185185,data/raw/road_damage/India/India/train/images/India_006045.jpg,RDD2022,India,train
India_006050.jpg,1,Longitudinal Crack,Longitudinal Crack,0.0481385030864197,data/raw/road_damage/India/India/train/images/India_006050.jpg,RDD2022,India,train
India_006057.jpg,2,Alligator Crack|Longitudinal Crack,Alligator Crack,0.0384104938271605,data/raw/road_damage/India/India/train/images/India_006057.jpg,RDD2022,India,train
India_006058.jpg,4,Alligator Crack|Longitudinal Crack,Longitudinal Crack,0.1626851851851851,data/raw/road_damage/India/India/train/images/India_006058.jpg,RDD2022,India,train
India_006060.jpg,1,Alligator Crack,Alligator Crack,0.1364814814814814,data/raw/road_damage/India/India/train/images/India_006060.jpg,RDD2022,India,train
India_006061.jpg,2,Pothole,Pothole,0.0049016203703703,data/raw/road_damage/India/India/train/images/India_006061.jpg,RDD2022,India,train
India_006062.jpg,1,Alligator Crack,Alligator Crack,0.2040393518518518,data/raw/road_damage/India/India/train/images/India_006062.jpg,RDD2022,India,train
India_006063.jpg,1,Alligator Crack,Alligator Crack,0.1127777777777777,data/raw/road_damage/India/India/train/images/India_006063.jpg,RDD2022,India,train
India_006065.jpg,1,Alligator Crack,Alligator Crack,0.1021643518518518,data/raw/road_damage/India/India/train/images/India_006065.jpg,RDD2022,India,train
India_006071.jpg,2,Alligator Crack|Longitudinal Crack,Longitudinal Crack,0.0618672839506172,data/raw/road_damage/India/India/train/images/India_006071.jpg,RDD2022,India,train
India_006074.jpg,1,Longitudinal Crack,Longitudinal Crack,0.0073958333333333,data/raw/road_damage/India/India/train/images/India_006074.jpg,RDD2022,India,train
India_006076.jpg,1,Pothole,Pothole,0.0294097222222222,data/raw/road_damage/India/India/train/images/India_006076.jpg,RDD2022,India,train
India_006077.jpg,1,Alligator Crack,Alligator Crack,0.121574074074074,data/raw/road_damage/India/India/train/images/India_006077.jpg,RDD2022,India,train
India_006080.jpg,2,Longitudinal Crack,Longitudinal Crack,0.0140625,data/raw/road_damage/India/India/train/images/India_006080.jpg,RDD2022,India,train
India_006087.jpg,3,Alligator Crack|Longitudinal Crack|Pothole,Alligator Crack,0.1040798611111111,data/raw/road_damage/India/India/train/images/India_006087.jpg,RDD2022,India,train
India_006088.jpg,1,Alligator Crack,Alligator Crack,0.1259027777777777,data/raw/road_damage/India/India/train/images/India_006088.jpg,RDD2022,India,train
India_006091.jpg,1,Longitudinal Crack,Longitudinal Crack,0.0357638888888888,data/raw/road_damage/India/India/train/images/India_006091.jpg,RDD2022,India,train
India_006094.jpg,1,Alligator Crack,Alligator Crack,0.0325,data/raw/road_damage/India/India/train/images/India_006094.jpg,RDD2022,India,train
India_006095.jpg,3,Longitudinal Crack|Pothole,Pothole,0.0656423611111111,data/raw/road_damage/India/India/train/images/India_006095.jpg,RDD2022,India,train
India_006096.jpg,1,Alligator Crack,Alligator Crack,0.0677083333333333,data/raw/road_damage/India/India/train/images/India_006096.jpg,RDD2022,India,train
India_006097.jpg,3,Alligator Crack|Longitudinal Crack,Longitudinal Crack,0.0166358024691358,data/raw/road_damage/India/India/train/images/India_006097.jpg,RDD2022,India,train
India_006098.jpg,1,Pothole,Pothole,0.0032716049382716,data/raw/road_damage/India/India/train/images/India_006098.jpg,RDD2022,India,train
India_006100.jpg,3,Alligator Crack|Pothole,Pothole,0.04875,data/raw/road_damage/India/India/train/images/India_006100.jpg,RDD2022,India,train
India_006103.jpg,4,Pothole,Pothole,0.2062037037037037,data/raw/road_damage/India/India/train/images/India_006103.jpg,RDD2022,India,train
India_006104.jpg,1,Longitudinal Crack,Longitudinal Crack,0.0176581790123456,data/raw/road_damage/India/India/train/images/India_006104.jpg,RDD2022,India,train
India_006108.jpg,1,Alligator Crack,Alligator Crack,0.1994309413580247,data/raw/road_damage/India/India/train/images/India_006108.jpg,RDD2022,India,train
India_006109.jpg,1,Pothole,Pothole,0.0167824074074074,data/raw/road_damage/India/India/train/images/India_006109.jpg,RDD2022,India,train
India_006111.jpg,2,Alligator Crack,Alligator Crack,0.018190586419753,data/raw/road_damage/India/India/train/images/India_006111.jpg,RDD2022,India,train
India_006112.jpg,2,Pothole,Pothole,0.03859375,data/raw/road_damage/India/India/train/images/India_006112.jpg,RDD2022,India,train
India_006114.jpg,4,Pothole,Pothole,0.0078993055555555,data/raw/road_damage/India/India/train/images/India_006114.jpg,RDD2022,India,train
India_006115.jpg,2,Pothole,Pothole,0.0136342592592592,data/raw/road_damage/India/India/train/images/India_006115.jpg,RDD2022,India,train
India_006117.jpg,3,Pothole,Pothole,0.107667824074074,data/raw/road_damage/India/India/train/images/India_006117.jpg,RDD2022,India,train
India_006121.jpg,2,Alligator Crack|Longitudinal Crack,Alligator Crack,0.254212962962963,data/raw/road_damage/India/India/train/images/India_006121.jpg,RDD2022,India,train
India_006124.jpg,1,Alligator Crack,Alligator Crack,0.1711458333333333,data/raw/road_damage/India/India/train/images/India_006124.jpg,RDD2022,India,train
India_006125.jpg,1,Longitudinal Crack,Longitudinal Crack,0.0755092592592592,data/raw/road_damage/India/India/train/images/India_006125.jpg,RDD2022,India,train
India_006126.jpg,1,Alligator Crack,Alligator Crack,0.0395833333333333,data/raw/road_damage/India/India/train/images/India_006126.jpg,RDD2022,India,train
India_006127.jpg,2,Pothole,Pothole,0.1552006172839506,data/raw/road_damage/India/India/train/images/India_006127.jpg,RDD2022,India,train
India_006128.jpg,1,Alligator Crack,Alligator Crack,0.1801273148148148,data/raw/road_damage/India/India/train/images/India_006128.jpg,RDD2022,India,train
India_006129.jpg,3,Longitudinal Crack,Longitudinal Crack,0.2295833333333333,data/raw/road_damage/India/India/train/images/India_006129.jpg,RDD2022,India,train
India_006132.jpg,2,Pothole,Pothole,0.0053491512345679,data/raw/road_damage/India/India/train/images/India_006132.jpg,RDD2022,India,train
India_006133.jpg,1,Alligator Crack,Alligator Crack,0.1006385030864197,data/raw/road_damage/India/India/train/images/India_006133.jpg,RDD2022,India,train
India_006137.jpg,1,Pothole,Pothole,0.0045331790123456,data/raw/road_damage/India/India/train/images/India_006137.jpg,RDD2022,India,train
India_006148.jpg,1,Pothole,Pothole,0.0028356481481481,data/raw/road_damage/India/India/train/images/India_006148.jpg,RDD2022,India,train
India_006150.jpg,1,Longitudinal Crack,Longitudinal Crack,0.0093364197530864,data/raw/road_damage/India/India/train/images/India_006150.jpg,RDD2022,India,train
India_006152.jpg,1,Longitudinal Crack,Longitudinal Crack,0.0043981481481481,data/raw/road_damage/India/India/train/images/India_006152.jpg,RDD2022,India,train
India_006160.jpg,2,Alligator Crack|Pothole,Alligator Crack,0.1575925925925926,data/raw/road_damage/India/India/train/images/India_006160.jpg,RDD2022,India,train
India_006165.jpg,1,Transverse Crack,Transverse Crack,0.1168287037037037,data/raw/road_damage/India/India/train/images/India_006165.jpg,RDD2022,India,train
India_006167.jpg,3,Alligator Crack|Pothole,Alligator Crack,0.0830439814814814,data/raw/road_damage/India/India/train/images/India_006167.jpg,RDD2022,India,train
India_006174.jpg,2,Longitudinal Crack|Pothole,Pothole,0.0077083333333333,data/raw/road_damage/India/India/train/images/India_006174.jpg,RDD2022,India,train
India_006175.jpg,1,Alligator Crack,Alligator Crack,0.2215567129629629,data/raw/road_damage/India/India/train/images/India_006175.jpg,RDD2022,India,train
India_006177.jpg,7,Alligator Crack|Pothole,Pothole,0.0385146604938271,data/raw/road_damage/India/India/train/images/India_006177.jpg,RDD2022,India,train
India_006180.jpg,1,Alligator Crack,Alligator Crack,0.0200983796296296,data/raw/road_damage/India/India/train/images/India_006180.jpg,RDD2022,India,train
India_006187.jpg,4,Pothole,Pothole,0.020420524691358,data/raw/road_damage/India/India/train/images/India_006187.jpg,RDD2022,India,train
India_006192.jpg,1,Alligator Crack,Alligator Crack,0.0251369598765432,data/raw/road_damage/India/India/train/images/India_006192.jpg,RDD2022,India,train
India_006194.jpg,1,Alligator Crack,Alligator Crack,0.0848765432098765,data/raw/road_damage/India/India/train/images/India_006194.jpg,RDD2022,India,train
India_006197.jpg,3,Longitudinal Crack|Pothole,Longitudinal Crack,0.0145679012345679,data/raw/road_damage/India/India/train/images/India_006197.jpg,RDD2022,India,train
India_006201.jpg,6,Alligator Crack|Pothole,Pothole,0.1932291666666666,data/raw/road_damage/India/India/train/images/India_006201.jpg,RDD2022,India,train
India_006202.jpg,3,Alligator Crack|Pothole,Pothole,0.2061400462962963,data/raw/road_damage/India/India/train/images/India_006202.jpg,RDD2022,India,train
India_006205.jpg,2,Longitudinal Crack,Longitudinal Crack,0.0567129629629629,data/raw/road_damage/India/India/train/images/India_006205.jpg,RDD2022,India,train
India_006210.jpg,1,Alligator Crack,Alligator Crack,0.0588792438271604,data/raw/road_damage/India/India/train/images/India_006210.jpg,RDD2022,India,train
India_006212.jpg,5,Alligator Crack|Pothole,Pothole,0.1617129629629629,data/raw/road_damage/India/India/train/images/India_006212.jpg,RDD2022,India,train
India_006213.jpg,1,Longitudinal Crack,Longitudinal Crack,0.0150964506172839,data/raw/road_damage/India/India/train/images/India_006213.jpg,RDD2022,India,train
India_006214.jpg,2,Pothole,Pothole,0.0844444444444444,data/raw/road_damage/India/India/train/images/India_006214.jpg,RDD2022,India,train
India_006215.jpg,1,Longitudinal Crack,Longitudinal Crack,0.12796875,data/raw/road_damage/India/India/train/images/India_006215.jpg,RDD2022,India,train
India_006219.jpg,1,Alligator Crack,Alligator Crack,0.1366975308641975,data/raw/road_damage/India/India/train/images/India_006219.jpg,RDD2022,India,train
India_006228.jpg,1,Alligator Crack,Alligator Crack,0.1002932098765432,data/raw/road_damage/India/India/train/images/India_006228.jpg,RDD2022,India,train
India_006229.jpg,1,Alligator Crack,Alligator Crack,0.2821527777777777,data/raw/road_damage/India/India/train/images/India_006229.jpg,RDD2022,India,train
India_006233.jpg,3,Alligator Crack|Longitudinal Crack,Longitudinal Crack,0.1421759259259259,data/raw/road_damage/India/India/train/images/India_006233.jpg,RDD2022,India,train
India_006237.jpg,1,Pothole,Pothole,0.0491145833333333,data/raw/road_damage/India/India/train/images/India_006237.jpg,RDD2022,India,train
India_006238.jpg,4,Alligator Crack|Longitudinal Crack,Longitudinal Crack,0.0501736111111111,data/raw/road_damage/India/India/train/images/India_006238.jpg,RDD2022,India,train
India_006239.jpg,4,Alligator Crack|Longitudinal Crack|Pothole,Longitudinal Crack,0.0686168981481481,data/raw/road_damage/India/India/train/images/India_006239.jpg,RDD2022,India,train
India_006240.jpg,1,Longitudinal Crack,Longitudinal Crack,0.0935590277777777,data/raw/road_damage/India/India/train/images/India_006240.jpg,RDD2022,India,train
India_006241.jpg,1,Alligator Crack,Alligator Crack,0.0174614197530864,data/raw/road_damage/India/India/train/images/India_006241.jpg,RDD2022,India,train
India_006244.jpg,3,Longitudinal Crack|Transverse Crack,Longitudinal Crack,0.0231481481481481,data/raw/road_damage/India/India/train/images/India_006244.jpg,RDD2022,India,train
India_006248.jpg,4,Pothole,Pothole,0.0352527006172839,data/raw/road_damage/India/India/train/images/India_006248.jpg,RDD2022,India,train
India_006250.jpg,1,Pothole,Pothole,0.019855324074074,data/raw/road_damage/India/India/train/images/India_006250.jpg,RDD2022,India,train
India_006253.jpg,1,Alligator Crack,Alligator Crack,0.0493209876543209,data/raw/road_damage/India/India/train/images/India_006253.jpg,RDD2022,India,train
India_006255.jpg,4,Transverse Crack,Transverse Crack,0.0072376543209876,data/raw/road_damage/India/India/train/images/India_006255.jpg,RDD2022,India,train
India_006257.jpg,2,Pothole,Pothole,0.0518171296296296,data/raw/road_damage/India/India/train/images/India_006257.jpg,RDD2022,India,train
India_006260.jpg,2,Alligator Crack|Longitudinal Crack,Alligator Crack,0.1113368055555555,data/raw/road_damage/India/India/train/images/India_006260.jpg,RDD2022,India,train
India_006266.jpg,2,Alligator Crack|Longitudinal Crack,Alligator Crack,0.0568441358024691,data/raw/road_damage/India/India/train/images/India_006266.jpg,RDD2022,India,train
India_006269.jpg,2,Alligator Crack|Pothole,Pothole,0.3547665895061728,data/raw/road_damage/India/India/train/images/India_006269.jpg,RDD2022,India,train
India_006274.jpg,9,Alligator Crack|Longitudinal Crack|Pothole,Pothole,0.0933873456790123,data/raw/road_damage/India/India/train/images/India_006274.jpg,RDD2022,India,train
India_006275.jpg,3,Alligator Crack|Pothole,Pothole,0.2618672839506172,data/raw/road_damage/India/India/train/images/India_006275.jpg,RDD2022,India,train
India_006280.jpg,1,Alligator Crack,Alligator Crack,0.1000405092592592,data/raw/road_damage/India/India/train/images/India_006280.jpg,RDD2022,India,train
India_006281.jpg,1,Alligator Crack,Alligator Crack,0.1711516203703703,data/raw/road_damage/India/India/train/images/India_006281.jpg,RDD2022,India,train
India_006286.jpg,1,Alligator Crack,Alligator Crack,0.0466975308641975,data/raw/road_damage/India/India/train/images/India_006286.jpg,RDD2022,India,train
India_006287.jpg,3,Alligator Crack|Longitudinal Crack,Longitudinal Crack,0.1279861111111111,data/raw/road_damage/India/India/train/images/India_006287.jpg,RDD2022,India,train
India_006290.jpg,7,Pothole,Pothole,0.0211458333333333,data/raw/road_damage/India/India/train/images/India_006290.jpg,RDD2022,India,train
India_006293.jpg,4,Alligator Crack|Pothole,Pothole,0.1255266203703703,data/raw/road_damage/India/India/train/images/India_006293.jpg,RDD2022,India,train
India_006295.jpg,4,Alligator Crack|Pothole,Pothole,0.1284027777777777,data/raw/road_damage/India/India/train/images/India_006295.jpg,RDD2022,India,train
India_006297.jpg,1,Pothole,Pothole,0.205372299382716,data/raw/road_damage/India/India/train/images/India_006297.jpg,RDD2022,India,train
India_006300.jpg,1,Longitudinal Crack,Longitudinal Crack,0.0777970679012345,data/raw/road_damage/India/India/train/images/India_006300.jpg,RDD2022,India,train
India_006305.jpg,1,Pothole,Pothole,0.0095061728395061,data/raw/road_damage/India/India/train/images/India_006305.jpg,RDD2022,India,train
India_006310.jpg,1,Alligator Crack,Alligator Crack,0.1063368055555555,data/raw/road_damage/India/India/train/images/India_006310.jpg,RDD2022,India,train
India_006316.jpg,2,Alligator Crack|Pothole,Alligator Crack,0.0441358024691358,data/raw/road_damage/India/India/train/images/India_006316.jpg,RDD2022,India,train
India_006318.jpg,3,Pothole|Transverse Crack,Pothole,0.0423032407407407,data/raw/road_damage/India/India/train/images/India_006318.jpg,RDD2022,India,train
India_006320.jpg,2,Longitudinal Crack|Pothole,Pothole,0.0497222222222222,data/raw/road_damage/India/India/train/images/India_006320.jpg,RDD2022,India,train
India_006322.jpg,2,Longitudinal Crack|Pothole,Longitudinal Crack,0.0162037037037037,data/raw/road_damage/India/India/train/images/India_006322.jpg,RDD2022,India,train
India_006325.jpg,5,Alligator Crack|Longitudinal Crack|Pothole,Pothole,0.040949074074074,data/raw/road_damage/India/India/train/images/India_006325.jpg,RDD2022,India,train
India_006326.jpg,1,Pothole,Pothole,0.0033564814814814,data/raw/road_damage/India/India/train/images/India_006326.jpg,RDD2022,India,train
India_006327.jpg,1,Pothole,Pothole,0.0050347222222222,data/raw/road_damage/India/India/train/images/India_006327.jpg,RDD2022,India,train
India_006328.jpg,1,Pothole,Pothole,0.0017399691358024,data/raw/road_damage/India/India/train/images/India_006328.jpg,RDD2022,India,train
India_006329.jpg,1,Alligator Crack,Alligator Crack,0.0542283950617283,data/raw/road_damage/India/India/train/images/India_006329.jpg,RDD2022,India,train
India_006330.jpg,1,Alligator Crack,Alligator Crack,0.068190586419753,data/raw/road_damage/India/India/train/images/India_006330.jpg,RDD2022,India,train
India_006336.jpg,1,Pothole,Pothole,0.0115586419753086,data/raw/road_damage/India/India/train/images/India_006336.jpg,RDD2022,India,train
India_006338.jpg,1,Alligator Crack,Alligator Crack,0.020630787037037,data/raw/road_damage/India/India/train/images/India_006338.jpg,RDD2022,India,train
India_006339.jpg,3,Alligator Crack|Pothole,Pothole,0.0968981481481481,data/raw/road_damage/India/India/train/images/India_006339.jpg,RDD2022,India,train
India_006342.jpg,7,Alligator Crack|Longitudinal Crack|Pothole,Longitudinal Crack,0.2283391203703703,data/raw/road_damage/India/India/train/images/India_006342.jpg,RDD2022,India,train
India_006362.jpg,3,Alligator Crack|Pothole,Pothole,0.1593229166666666,data/raw/road_damage/India/India/train/images/India_006362.jpg,RDD2022,India,train
India_006363.jpg,2,Alligator Crack|Longitudinal Crack,Alligator Crack,0.2072164351851851,data/raw/road_damage/India/India/train/images/India_006363.jpg,RDD2022,India,train
India_006364.jpg,1,Pothole,Pothole,0.0103125,data/raw/road_damage/India/India/train/images/India_006364.jpg,RDD2022,India,train
India_006365.jpg,2,Pothole,Pothole,0.0101658950617283,data/raw/road_damage/India/India/train/images/India_006365.jpg,RDD2022,India,train
India_006367.jpg,5,Pothole,Pothole,0.0056712962962962,data/raw/road_damage/India/India/train/images/India_006367.jpg,RDD2022,India,train
India_006368.jpg,6,Alligator Crack|Pothole,Pothole,0.0790625,data/raw/road_damage/India/India/train/images/India_006368.jpg,RDD2022,India,train
India_006369.jpg,3,Alligator Crack|Pothole,Pothole,0.0738425925925926,data/raw/road_damage/India/India/train/images/India_006369.jpg,RDD2022,India,train
India_006370.jpg,2,Alligator Crack|Longitudinal Crack,Alligator Crack,0.1504629629629629,data/raw/road_damage/India/India/train/images/India_006370.jpg,RDD2022,India,train
India_006371.jpg,2,Longitudinal Crack,Longitudinal Crack,0.0034239969135802,data/raw/road_damage/India/India/train/images/India_006371.jpg,RDD2022,India,train
India_006373.jpg,1,Pothole,Pothole,0.0682291666666666,data/raw/road_damage/India/India/train/images/India_006373.jpg,RDD2022,India,train
India_006375.jpg,1,Alligator Crack,Alligator Crack,0.2325694444444444,data/raw/road_damage/India/India/train/images/India_006375.jpg,RDD2022,India,train
India_006378.jpg,3,Longitudinal Crack|Pothole,Longitudinal Crack,0.0091049382716049,data/raw/road_damage/India/India/train/images/India_006378.jpg,RDD2022,India,train
India_006381.jpg,1,Alligator Crack,Alligator Crack,0.2289699074074074,data/raw/road_damage/India/India/train/images/India_006381.jpg,RDD2022,India,train
India_006382.jpg,3,Alligator Crack|Pothole,Pothole,0.0399421296296296,data/raw/road_damage/India/India/train/images/India_006382.jpg,RDD2022,India,train
India_006383.jpg,1,Alligator Crack,Alligator Crack,0.2070563271604938,data/raw/road_damage/India/India/train/images/India_006383.jpg,RDD2022,India,train
India_006386.jpg,1,Alligator Crack,Alligator Crack,0.2568306327160494,data/raw/road_damage/India/India/train/images/India_006386.jpg,RDD2022,India,train
India_006388.jpg,2,Longitudinal Crack|Pothole,Longitudinal Crack,0.0126003086419753,data/raw/road_damage/India/India/train/images/India_006388.jpg,RDD2022,India,train
India_006390.jpg,1,Alligator Crack,Alligator Crack,0.1499131944444444,data/raw/road_damage/India/India/train/images/India_006390.jpg,RDD2022,India,train
India_006392.jpg,1,Alligator Crack,Alligator Crack,0.1123649691358024,data/raw/road_damage/India/India/train/images/India_006392.jpg,RDD2022,India,train
India_006395.jpg,5,Alligator Crack|Longitudinal Crack,Longitudinal Crack,0.113395061728395,data/raw/road_damage/India/India/train/images/India_006395.jpg,RDD2022,India,train
India_006397.jpg,5,Pothole,Pothole,0.0118055555555555,data/raw/road_damage/India/India/train/images/India_006397.jpg,RDD2022,India,train
India_006398.jpg,1,Alligator Crack,Alligator Crack,0.0768344907407407,data/raw/road_damage/India/India/train/images/India_006398.jpg,RDD2022,India,train
India_006401.jpg,5,Longitudinal Crack,Longitudinal Crack,0.0078973765432098,data/raw/road_damage/India/India/train/images/India_006401.jpg,RDD2022,India,train
India_006406.jpg,1,Pothole,Pothole,0.0138020833333333,data/raw/road_damage/India/India/train/images/India_006406.jpg,RDD2022,India,train
India_006411.jpg,3,Pothole,Pothole,0.1782986111111111,data/raw/road_damage/India/India/train/images/India_006411.jpg,RDD2022,India,train
India_006414.jpg,1,Transverse Crack,Transverse Crack,0.0222685185185185,data/raw/road_damage/India/India/train/images/India_006414.jpg,RDD2022,India,train
India_006426.jpg,1,Longitudinal Crack,Longitudinal Crack,0.006875,data/raw/road_damage/India/India/train/images/India_006426.jpg,RDD2022,India,train
India_006433.jpg,9,Alligator Crack|Longitudinal Crack|Pothole,Pothole,0.1057696759259259,data/raw/road_damage/India/India/train/images/India_006433.jpg,RDD2022,India,train
India_006441.jpg,1,Alligator Crack,Alligator Crack,0.196574074074074,data/raw/road_damage/India/India/train/images/India_006441.jpg,RDD2022,India,train
India_006444.jpg,2,Alligator Crack|Pothole,Alligator Crack,0.070167824074074,data/raw/road_damage/India/India/train/images/India_006444.jpg,RDD2022,India,train
India_006446.jpg,1,Alligator Crack,Alligator Crack,0.1341898148148148,data/raw/road_damage/India/India/train/images/India_006446.jpg,RDD2022,India,train
India_006447.jpg,2,Pothole,Pothole,0.2465277777777778,data/raw/road_damage/India/India/train/images/India_006447.jpg,RDD2022,India,train
India_006450.jpg,3,Alligator Crack|Longitudinal Crack|Pothole,Alligator Crack,0.037770061728395,data/raw/road_damage/India/India/train/images/India_006450.jpg,RDD2022,India,train
India_006452.jpg,1,Pothole,Pothole,0.0091840277777777,data/raw/road_damage/India/India/train/images/India_006452.jpg,RDD2022,India,train
India_006460.jpg,2,Longitudinal Crack,Longitudinal Crack,0.0154976851851851,data/raw/road_damage/India/India/train/images/India_006460.jpg,RDD2022,India,train
India_006462.jpg,1,Pothole,Pothole,0.0015625,data/raw/road_damage/India/India/train/images/India_006462.jpg,RDD2022,India,train
India_006464.jpg,3,Longitudinal Crack,Longitudinal Crack,0.009128086419753,data/raw/road_damage/India/India/train/images/India_006464.jpg,RDD2022,India,train
India_006465.jpg,6,Pothole,Pothole,0.0230902777777777,data/raw/road_damage/India/India/train/images/India_006465.jpg,RDD2022,India,train
India_006466.jpg,3,Pothole,Pothole,0.0008912037037037,data/raw/road_damage/India/India/train/images/India_006466.jpg,RDD2022,India,train
India_006469.jpg,3,Alligator Crack|Pothole,Alligator Crack,0.0833912037037037,data/raw/road_damage/India/India/train/images/India_006469.jpg,RDD2022,India,train
India_006473.jpg,5,Alligator Crack|Pothole,Pothole,0.1680169753086419,data/raw/road_damage/India/India/train/images/India_006473.jpg,RDD2022,India,train
India_006474.jpg,1,Pothole,Pothole,0.2080555555555555,data/raw/road_damage/India/India/train/images/India_006474.jpg,RDD2022,India,train
India_006476.jpg,1,Pothole,Pothole,0.0561458333333333,data/raw/road_damage/India/India/train/images/India_006476.jpg,RDD2022,India,train
India_006479.jpg,1,Longitudinal Crack,Longitudinal Crack,0.0300675154320987,data/raw/road_damage/India/India/train/images/India_006479.jpg,RDD2022,India,train
India_006488.jpg,1,Alligator Crack,Alligator Crack,0.1089158950617284,data/raw/road_damage/India/India/train/images/India_006488.jpg,RDD2022,India,train
India_006490.jpg,3,Pothole|Transverse Crack,Pothole,0.0416666666666666,data/raw/road_damage/India/India/train/images/India_006490.jpg,RDD2022,India,train
India_006491.jpg,1,Alligator Crack,Alligator Crack,0.2344135802469135,data/raw/road_damage/India/India/train/images/India_006491.jpg,RDD2022,India,train
India_006493.jpg,3,Alligator Crack|Longitudinal Crack,Longitudinal Crack,0.0261805555555555,data/raw/road_damage/India/India/train/images/India_006493.jpg,RDD2022,India,train
India_006495.jpg,2,Longitudinal Crack,Longitudinal Crack,0.0103568672839506,data/raw/road_damage/India/India/train/images/India_006495.jpg,RDD2022,India,train
India_006498.jpg,4,Longitudinal Crack,Longitudinal Crack,0.0202006172839506,data/raw/road_damage/India/India/train/images/India_006498.jpg,RDD2022,India,train
India_006502.jpg,1,Pothole,Pothole,0.0204089506172839,data/raw/road_damage/India/India/train/images/India_006502.jpg,RDD2022,India,train
India_006518.jpg,1,Pothole,Pothole,0.0153086419753086,data/raw/road_damage/India/India/train/images/India_006518.jpg,RDD2022,India,train
India_006519.jpg,1,Alligator Crack,Alligator Crack,0.0257638888888888,data/raw/road_damage/India/India/train/images/India_006519.jpg,RDD2022,India,train
India_006520.jpg,2,Pothole,Pothole,0.0050501543209876,data/raw/road_damage/India/India/train/images/India_006520.jpg,RDD2022,India,train
India_006524.jpg,6,Alligator Crack|Pothole,Pothole,0.1002623456790123,data/raw/road_damage/India/India/train/images/India_006524.jpg,RDD2022,India,train
India_006529.jpg,3,Longitudinal Crack|Pothole,Pothole,0.0094502314814814,data/raw/road_damage/India/India/train/images/India_006529.jpg,RDD2022,India,train
India_006530.jpg,2,Pothole,Pothole,0.0386670524691358,data/raw/road_damage/India/India/train/images/India_006530.jpg,RDD2022,India,train
India_006532.jpg,1,Pothole,Pothole,0.0167129629629629,data/raw/road_damage/India/India/train/images/India_006532.jpg,RDD2022,India,train
India_006533.jpg,1,Longitudinal Crack,Longitudinal Crack,0.006471836419753,data/raw/road_damage/India/India/train/images/India_006533.jpg,RDD2022,India,train
India_006535.jpg,3,Alligator Crack|Pothole,Pothole,0.2525925925925926,data/raw/road_damage/India/India/train/images/India_006535.jpg,RDD2022,India,train
India_006536.jpg,4,Alligator Crack|Pothole,Pothole,0.1164583333333333,data/raw/road_damage/India/India/train/images/India_006536.jpg,RDD2022,India,train
India_006537.jpg,1,Alligator Crack,Alligator Crack,0.2026234567901234,data/raw/road_damage/India/India/train/images/India_006537.jpg,RDD2022,India,train
India_006538.jpg,1,Longitudinal Crack,Longitudinal Crack,0.0218923611111111,data/raw/road_damage/India/India/train/images/India_006538.jpg,RDD2022,India,train
India_006543.jpg,2,Alligator Crack|Longitudinal Crack,Alligator Crack,0.1558603395061728,data/raw/road_damage/India/India/train/images/India_006543.jpg,RDD2022,India,train
India_006544.jpg,2,Pothole,Pothole,0.0486651234567901,data/raw/road_damage/India/India/train/images/India_006544.jpg,RDD2022,India,train
India_006545.jpg,1,Alligator Crack,Alligator Crack,0.1852141203703703,data/raw/road_damage/India/India/train/images/India_006545.jpg,RDD2022,India,train
India_006549.jpg,2,Pothole,Pothole,0.0125713734567901,data/raw/road_damage/India/India/train/images/India_006549.jpg,RDD2022,India,train
India_006555.jpg,1,Pothole,Pothole,0.0190972222222222,data/raw/road_damage/India/India/train/images/India_006555.jpg,RDD2022,India,train
India_006557.jpg,1,Alligator Crack,Alligator Crack,0.1623611111111111,data/raw/road_damage/India/India/train/images/India_006557.jpg,RDD2022,India,train
India_006561.jpg,1,Transverse Crack,Transverse Crack,0.0090895061728395,data/raw/road_damage/India/India/train/images/India_006561.jpg,RDD2022,India,train
India_006564.jpg,2,Pothole,Pothole,0.0244675925925925,data/raw/road_damage/India/India/train/images/India_006564.jpg,RDD2022,India,train
India_006580.jpg,2,Alligator Crack|Pothole,Pothole,0.2125771604938271,data/raw/road_damage/India/India/train/images/India_006580.jpg,RDD2022,India,train
India_006581.jpg,2,Longitudinal Crack|Pothole,Longitudinal Crack,0.0036458333333333,data/raw/road_damage/India/India/train/images/India_006581.jpg,RDD2022,India,train
India_006582.jpg,2,Alligator Crack,Alligator Crack,0.1061226851851851,data/raw/road_damage/India/India/train/images/India_006582.jpg,RDD2022,India,train
India_006589.jpg,1,Alligator Crack,Alligator Crack,0.1126967592592592,data/raw/road_damage/India/India/train/images/India_006589.jpg,RDD2022,India,train
India_006592.jpg,2,Alligator Crack,Alligator Crack,0.0473051697530864,data/raw/road_damage/India/India/train/images/India_006592.jpg,RDD2022,India,train
India_006593.jpg,1,Pothole,Pothole,0.0022183641975308,data/raw/road_damage/India/India/train/images/India_006593.jpg,RDD2022,India,train
India_006594.jpg,1,Alligator Crack,Alligator Crack,0.105324074074074,data/raw/road_damage/India/India/train/images/India_006594.jpg,RDD2022,India,train
India_006595.jpg,3,Longitudinal Crack|Pothole,Pothole,0.0241589506172839,data/raw/road_damage/India/India/train/images/India_006595.jpg,RDD2022,India,train
India_006598.jpg,1,Alligator Crack,Alligator Crack,0.0644579475308642,data/raw/road_damage/India/India/train/images/India_006598.jpg,RDD2022,India,train
India_006601.jpg,3,Alligator Crack|Pothole,Alligator Crack,0.0360532407407407,data/raw/road_damage/India/India/train/images/India_006601.jpg,RDD2022,India,train
India_006602.jpg,1,Longitudinal Crack,Longitudinal Crack,0.017872299382716,data/raw/road_damage/India/India/train/images/India_006602.jpg,RDD2022,India,train
India_006603.jpg,6,Alligator Crack|Pothole,Pothole,0.0145601851851851,data/raw/road_damage/India/India/train/images/India_006603.jpg,RDD2022,India,train
India_006607.jpg,3,Alligator Crack|Longitudinal Crack,Longitudinal Crack,0.1133989197530864,data/raw/road_damage/India/India/train/images/India_006607.jpg,RDD2022,India,train
India_006608.jpg,1,Pothole,Pothole,0.002716049382716,data/raw/road_damage/India/India/train/images/India_006608.jpg,RDD2022,India,train
India_006613.jpg,5,Alligator Crack|Longitudinal Crack|Pothole,Pothole,0.1451967592592592,data/raw/road_damage/India/India/train/images/India_006613.jpg,RDD2022,India,train
India_006614.jpg,4,Alligator Crack|Pothole,Pothole,0.0469444444444444,data/raw/road_damage/India/India/train/images/India_006614.jpg,RDD2022,India,train
India_006619.jpg,5,Longitudinal Crack|Pothole|Transverse Crack,Pothole,0.0150096450617283,data/raw/road_damage/India/India/train/images/India_006619.jpg,RDD2022,India,train
India_006622.jpg,3,Alligator Crack|Pothole,Pothole,0.1371585648148148,data/raw/road_damage/India/India/train/images/India_006622.jpg,RDD2022,India,train
India_006627.jpg,5,Longitudinal Crack,Longitudinal Crack,0.0053703703703703,data/raw/road_damage/India/India/train/images/India_006627.jpg,RDD2022,India,train
India_006630.jpg,4,Alligator Crack|Pothole,Pothole,0.1754320987654321,data/raw/road_damage/India/India/train/images/India_006630.jpg,RDD2022,India,train
India_006633.jpg,3,Alligator Crack|Pothole,Pothole,0.2234259259259259,data/raw/road_damage/India/India/train/images/India_006633.jpg,RDD2022,India,train
India_006634.jpg,1,Pothole,Pothole,0.0108873456790123,data/raw/road_damage/India/India/train/images/India_006634.jpg,RDD2022,India,train
India_006640.jpg,5,Alligator Crack|Pothole,Pothole,0.0575636574074074,data/raw/road_damage/India/India/train/images/India_006640.jpg,RDD2022,India,train
India_006643.jpg,2,Alligator Crack,Alligator Crack,0.1002006172839506,data/raw/road_damage/India/India/train/images/India_006643.jpg,RDD2022,India,train
India_006644.jpg,1,Alligator Crack,Alligator Crack,0.0460069444444444,data/raw/road_damage/India/India/train/images/India_006644.jpg,RDD2022,India,train
India_006645.jpg,1,Alligator Crack,Alligator Crack,0.2152256944444444,data/raw/road_damage/India/India/train/images/India_006645.jpg,RDD2022,India,train
India_006646.jpg,1,Longitudinal Crack,Longitudinal Crack,0.0273842592592592,data/raw/road_damage/India/India/train/images/India_006646.jpg,RDD2022,India,train
India_006647.jpg,2,Pothole,Pothole,0.0028202160493827,data/raw/road_damage/India/India/train/images/India_006647.jpg,RDD2022,India,train
India_006651.jpg,2,Alligator Crack|Pothole,Alligator Crack,0.1977430555555555,data/raw/road_damage/India/India/train/images/India_006651.jpg,RDD2022,India,train
India_006654.jpg,1,Alligator Crack,Alligator Crack,0.0898456790123456,data/raw/road_damage/India/India/train/images/India_006654.jpg,RDD2022,India,train
India_006656.jpg,1,Alligator Crack,Alligator Crack,0.0802777777777777,data/raw/road_damage/India/India/train/images/India_006656.jpg,RDD2022,India,train
India_006663.jpg,1,Alligator Crack,Alligator Crack,0.2018479938271604,data/raw/road_damage/India/India/train/images/India_006663.jpg,RDD2022,India,train
India_006665.jpg,2,Pothole,Pothole,0.2555941358024691,data/raw/road_damage/India/India/train/images/India_006665.jpg,RDD2022,India,train
India_006666.jpg,1,Alligator Crack,Alligator Crack,0.1209066358024691,data/raw/road_damage/India/India/train/images/India_006666.jpg,RDD2022,India,train
India_006668.jpg,3,Alligator Crack|Longitudinal Crack,Longitudinal Crack,0.1313850308641975,data/raw/road_damage/India/India/train/images/India_006668.jpg,RDD2022,India,train
India_006670.jpg,5,Alligator Crack|Longitudinal Crack|Pothole,Longitudinal Crack,0.0459104938271604,data/raw/road_damage/India/India/train/images/India_006670.jpg,RDD2022,India,train
India_006672.jpg,3,Alligator Crack|Pothole,Pothole,0.1176388888888888,data/raw/road_damage/India/India/train/images/India_006672.jpg,RDD2022,India,train
India_006673.jpg,3,Pothole,Pothole,0.0421238425925925,data/raw/road_damage/India/India/train/images/India_006673.jpg,RDD2022,India,train
India_006674.jpg,2,Alligator Crack|Longitudinal Crack,Alligator Crack,0.2048996913580247,data/raw/road_damage/India/India/train/images/India_006674.jpg,RDD2022,India,train
India_006675.jpg,1,Alligator Crack,Alligator Crack,0.1153047839506172,data/raw/road_damage/India/India/train/images/India_006675.jpg,RDD2022,India,train
India_006676.jpg,2,Longitudinal Crack,Longitudinal Crack,0.0175887345679012,data/raw/road_damage/India/India/train/images/India_006676.jpg,RDD2022,India,train
India_006677.jpg,1,Pothole,Pothole,0.0024074074074074,data/raw/road_damage/India/India/train/images/India_006677.jpg,RDD2022,India,train
India_006690.jpg,1,Longitudinal Crack,Longitudinal Crack,0.0682407407407407,data/raw/road_damage/India/India/train/images/India_006690.jpg,RDD2022,India,train
India_006691.jpg,4,Pothole,Pothole,0.0038599537037037,data/raw/road_damage/India/India/train/images/India_006691.jpg,RDD2022,India,train
India_006692.jpg,1,Alligator Crack,Alligator Crack,0.3059413580246913,data/raw/road_damage/India/India/train/images/India_006692.jpg,RDD2022,India,train
India_006697.jpg,1,Pothole,Pothole,0.0162037037037037,data/raw/road_damage/India/India/train/images/India_006697.jpg,RDD2022,India,train
India_006698.jpg,1,Longitudinal Crack,Longitudinal Crack,0.0239583333333333,data/raw/road_damage/India/India/train/images/India_006698.jpg,RDD2022,India,train
India_006699.jpg,4,Alligator Crack|Pothole,Pothole,0.1094965277777777,data/raw/road_damage/India/India/train/images/India_006699.jpg,RDD2022,India,train
India_006702.jpg,1,Pothole,Pothole,0.0371875,data/raw/road_damage/India/India/train/images/India_006702.jpg,RDD2022,India,train
India_006704.jpg,1,Longitudinal Crack,Longitudinal Crack,0.0118460648148148,data/raw/road_damage/India/India/train/images/India_006704.jpg,RDD2022,India,train
India_006705.jpg,3,Longitudinal Crack,Longitudinal Crack,0.1219058641975308,data/raw/road_damage/India/India/train/images/India_006705.jpg,RDD2022,India,train
India_006707.jpg,7,Alligator Crack|Pothole,Pothole,0.0499498456790123,data/raw/road_damage/India/India/train/images/India_006707.jpg,RDD2022,India,train
India_006710.jpg,3,Pothole,Pothole,0.0148302469135802,data/raw/road_damage/India/India/train/images/India_006710.jpg,RDD2022,India,train
India_006713.jpg,5,Longitudinal Crack|Pothole,Pothole,0.0131944444444444,data/raw/road_damage/India/India/train/images/India_006713.jpg,RDD2022,India,train
India_006714.jpg,1,Pothole,Pothole,0.0027199074074074,data/raw/road_damage/India/India/train/images/India_006714.jpg,RDD2022,India,train
India_006715.jpg,1,Alligator Crack,Alligator Crack,0.2055902777777777,data/raw/road_damage/India/India/train/images/India_006715.jpg,RDD2022,India,train
India_006727.jpg,1,Alligator Crack,Alligator Crack,0.1506828703703703,data/raw/road_damage/India/India/train/images/India_006727.jpg,RDD2022,India,train
India_006730.jpg,1,Alligator Crack,Alligator Crack,0.2140277777777778,data/raw/road_damage/India/India/train/images/India_006730.jpg,RDD2022,India,train
India_006736.jpg,1,Transverse Crack,Transverse Crack,0.064537037037037,data/raw/road_damage/India/India/train/images/India_006736.jpg,RDD2022,India,train
India_006739.jpg,2,Pothole,Pothole,0.026159336419753,data/raw/road_damage/India/India/train/images/India_006739.jpg,RDD2022,India,train
India_006749.jpg,2,Alligator Crack|Pothole,Pothole,0.1369618055555555,data/raw/road_damage/India/India/train/images/India_006749.jpg,RDD2022,India,train
India_006751.jpg,1,Pothole,Pothole,0.0020833333333333,data/raw/road_damage/India/India/train/images/India_006751.jpg,RDD2022,India,train
India_006756.jpg,2,Alligator Crack|Pothole,Alligator Crack,0.1509645061728395,data/raw/road_damage/India/India/train/images/India_006756.jpg,RDD2022,India,train
India_006759.jpg,2,Alligator Crack|Longitudinal Crack,Longitudinal Crack,0.1128086419753086,data/raw/road_damage/India/India/train/images/India_006759.jpg,RDD2022,India,train
India_006760.jpg,2,Alligator Crack|Pothole,Alligator Crack,0.0652777777777777,data/raw/road_damage/India/India/train/images/India_006760.jpg,RDD2022,India,train
India_006767.jpg,5,Longitudinal Crack|Pothole|Transverse Crack,Pothole,0.023028549382716,data/raw/road_damage/India/India/train/images/India_006767.jpg,RDD2022,India,train
India_006768.jpg,5,Pothole,Pothole,0.0120833333333333,data/raw/road_damage/India/India/train/images/India_006768.jpg,RDD2022,India,train
India_006769.jpg,1,Alligator Crack,Alligator Crack,0.1898919753086419,data/raw/road_damage/India/India/train/images/India_006769.jpg,RDD2022,India,train
India_006773.jpg,1,Longitudinal Crack,Longitudinal Crack,0.022096836419753,data/raw/road_damage/India/India/train/images/India_006773.jpg,RDD2022,India,train
India_006777.jpg,2,Pothole,Pothole,0.006875,data/raw/road_damage/India/India/train/images/India_006777.jpg,RDD2022,India,train
India_006779.jpg,1,Alligator Crack,Alligator Crack,0.2012037037037037,data/raw/road_damage/India/India/train/images/India_006779.jpg,RDD2022,India,train
India_006780.jpg,2,Alligator Crack|Pothole,Pothole,0.0142361111111111,data/raw/road_damage/India/India/train/images/India_006780.jpg,RDD2022,India,train
India_006781.jpg,2,Alligator Crack,Alligator Crack,0.0477719907407407,data/raw/road_damage/India/India/train/images/India_006781.jpg,RDD2022,India,train
India_006787.jpg,5,Alligator Crack|Longitudinal Crack|Pothole,Pothole,0.3475694444444444,data/raw/road_damage/India/India/train/images/India_006787.jpg,RDD2022,India,train
India_006789.jpg,1,Alligator Crack,Alligator Crack,0.138858024691358,data/raw/road_damage/India/India/train/images/India_006789.jpg,RDD2022,India,train
India_006794.jpg,2,Pothole,Pothole,0.0112847222222222,data/raw/road_damage/India/India/train/images/India_006794.jpg,RDD2022,India,train
India_006808.jpg,1,Pothole,Pothole,0.0048611111111111,data/raw/road_damage/India/India/train/images/India_006808.jpg,RDD2022,India,train
India_006809.jpg,2,Longitudinal Crack,Longitudinal Crack,0.0183487654320987,data/raw/road_damage/India/India/train/images/India_006809.jpg,RDD2022,India,train
India_006811.jpg,1,Alligator Crack,Alligator Crack,0.2629340277777778,data/raw/road_damage/India/India/train/images/India_006811.jpg,RDD2022,India,train
India_006813.jpg,1,Longitudinal Crack,Longitudinal Crack,0.028287037037037,data/raw/road_damage/India/India/train/images/India_006813.jpg,RDD2022,India,train
India_006815.jpg,1,Alligator Crack,Alligator Crack,0.1398958333333333,data/raw/road_damage/India/India/train/images/India_006815.jpg,RDD2022,India,train
India_006817.jpg,1,Alligator Crack,Alligator Crack,0.1846913580246913,data/raw/road_damage/India/India/train/images/India_006817.jpg,RDD2022,India,train
India_006820.jpg,1,Alligator Crack,Alligator Crack,0.2140432098765432,data/raw/road_damage/India/India/train/images/India_006820.jpg,RDD2022,India,train
India_006822.jpg,2,Alligator Crack|Longitudinal Crack,Alligator Crack,0.1374922839506172,data/raw/road_damage/India/India/train/images/India_006822.jpg,RDD2022,India,train
India_006823.jpg,2,Alligator Crack,Alligator Crack,0.0431809413580246,data/raw/road_damage/India/India/train/images/India_006823.jpg,RDD2022,India,train
India_006825.jpg,1,Alligator Crack,Alligator Crack,0.118551311728395,data/raw/road_damage/India/India/train/images/India_006825.jpg,RDD2022,India,train
India_006831.jpg,1,Alligator Crack,Alligator Crack,0.1930960648148148,data/raw/road_damage/India/India/train/images/India_006831.jpg,RDD2022,India,train
India_006832.jpg,2,Alligator Crack,Alligator Crack,0.0864467592592592,data/raw/road_damage/India/India/train/images/India_006832.jpg,RDD2022,India,train
India_006835.jpg,1,Alligator Crack,Alligator Crack,0.0546296296296296,data/raw/road_damage/India/India/train/images/India_006835.jpg,RDD2022,India,train
India_006839.jpg,1,Alligator Crack,Alligator Crack,0.2300925925925926,data/raw/road_damage/India/India/train/images/India_006839.jpg,RDD2022,India,train
India_006843.jpg,1,Alligator Crack,Alligator Crack,0.1915277777777777,data/raw/road_damage/India/India/train/images/India_006843.jpg,RDD2022,India,train
India_006844.jpg,1,Longitudinal Crack,Longitudinal Crack,0.016466049382716,data/raw/road_damage/India/India/train/images/India_006844.jpg,RDD2022,India,train
India_006845.jpg,1,Pothole,Pothole,0.0010165895061728,data/raw/road_damage/India/India/train/images/India_006845.jpg,RDD2022,India,train
India_006847.jpg,1,Pothole,Pothole,0.0314776234567901,data/raw/road_damage/India/India/train/images/India_006847.jpg,RDD2022,India,train
India_006850.jpg,1,Alligator Crack,Alligator Crack,0.1595679012345679,data/raw/road_damage/India/India/train/images/India_006850.jpg,RDD2022,India,train
India_006851.jpg,2,Pothole,Pothole,0.0977237654320987,data/raw/road_damage/India/India/train/images/India_006851.jpg,RDD2022,India,train
India_006862.jpg,9,Alligator Crack|Longitudinal Crack|Pothole,Pothole,0.0398726851851851,data/raw/road_damage/India/India/train/images/India_006862.jpg,RDD2022,India,train
India_006863.jpg,1,Alligator Crack,Alligator Crack,0.1688618827160493,data/raw/road_damage/India/India/train/images/India_006863.jpg,RDD2022,India,train
India_006867.jpg,1,Longitudinal Crack,Longitudinal Crack,0.0914332561728395,data/raw/road_damage/India/India/train/images/India_006867.jpg,RDD2022,India,train
India_006873.jpg,2,Alligator Crack|Pothole,Pothole,0.1674074074074074,data/raw/road_damage/India/India/train/images/India_006873.jpg,RDD2022,India,train
India_006874.jpg,3,Alligator Crack|Longitudinal Crack|Pothole,Pothole,0.0559683641975308,data/raw/road_damage/India/India/train/images/India_006874.jpg,RDD2022,India,train
India_006876.jpg,1,Alligator Crack,Alligator Crack,0.1863425925925926,data/raw/road_damage/India/India/train/images/India_006876.jpg,RDD2022,India,train
India_006882.jpg,1,Alligator Crack,Alligator Crack,0.0616782407407407,data/raw/road_damage/India/India/train/images/India_006882.jpg,RDD2022,India,train
India_006883.jpg,2,Pothole,Pothole,0.0409027777777777,data/raw/road_damage/India/India/train/images/India_006883.jpg,RDD2022,India,train
India_006885.jpg,1,Alligator Crack,Alligator Crack,0.2465277777777778,data/raw/road_damage/India/India/train/images/India_006885.jpg,RDD2022,India,train
India_006888.jpg,1,Longitudinal Crack,Longitudinal Crack,0.1878009259259259,data/raw/road_damage/India/India/train/images/India_006888.jpg,RDD2022,India,train
India_006889.jpg,4,Alligator Crack|Longitudinal Crack|Pothole,Longitudinal Crack,0.0470447530864197,data/raw/road_damage/India/India/train/images/India_006889.jpg,RDD2022,India,train
India_006893.jpg,3,Longitudinal Crack,Longitudinal Crack,0.1848842592592592,data/raw/road_damage/India/India/train/images/India_006893.jpg,RDD2022,India,train
India_006896.jpg,1,Pothole,Pothole,0.0845833333333333,data/raw/road_damage/India/India/train/images/India_006896.jpg,RDD2022,India,train
India_006899.jpg,1,Pothole,Pothole,0.0413773148148148,data/raw/road_damage/India/India/train/images/India_006899.jpg,RDD2022,India,train
India_006901.jpg,1,Longitudinal Crack,Longitudinal Crack,0.0479224537037037,data/raw/road_damage/India/India/train/images/India_006901.jpg,RDD2022,India,train
India_006910.jpg,2,Pothole,Pothole,0.0633333333333333,data/raw/road_damage/India/India/train/images/India_006910.jpg,RDD2022,India,train
India_006912.jpg,4,Pothole,Pothole,0.0918518518518518,data/raw/road_damage/India/India/train/images/India_006912.jpg,RDD2022,India,train
India_006920.jpg,3,Pothole,Pothole,0.0127469135802469,data/raw/road_damage/India/India/train/images/India_006920.jpg,RDD2022,India,train
India_006925.jpg,1,Alligator Crack,Alligator Crack,0.1307523148148148,data/raw/road_damage/India/India/train/images/India_006925.jpg,RDD2022,India,train
India_006928.jpg,1,Pothole,Pothole,0.0013888888888888,data/raw/road_damage/India/India/train/images/India_006928.jpg,RDD2022,India,train
India_006933.jpg,3,Pothole,Pothole,0.00765625,data/raw/road_damage/India/India/train/images/India_006933.jpg,RDD2022,India,train
India_006936.jpg,1,Alligator Crack,Alligator Crack,0.2135069444444444,data/raw/road_damage/India/India/train/images/India_006936.jpg,RDD2022,India,train
India_006938.jpg,3,Longitudinal Crack|Pothole,Longitudinal Crack,0.0167573302469135,data/raw/road_damage/India/India/train/images/India_006938.jpg,RDD2022,India,train
India_006943.jpg,1,Alligator Crack,Alligator Crack,0.1146566358024691,data/raw/road_damage/India/India/train/images/India_006943.jpg,RDD2022,India,train
India_006945.jpg,2,Pothole,Pothole,0.1497569444444444,data/raw/road_damage/India/India/train/images/India_006945.jpg,RDD2022,India,train
India_006952.jpg,1,Longitudinal Crack,Longitudinal Crack,0.02765625,data/raw/road_damage/India/India/train/images/India_006952.jpg,RDD2022,India,train
India_006953.jpg,1,Pothole,Pothole,0.003761574074074,data/raw/road_damage/India/India/train/images/India_006953.jpg,RDD2022,India,train
India_006960.jpg,1,Longitudinal Crack,Longitudinal Crack,0.0222878086419753,data/raw/road_damage/India/India/train/images/India_006960.jpg,RDD2022,India,train
India_006962.jpg,1,Pothole,Pothole,0.0986805555555555,data/raw/road_damage/India/India/train/images/India_006962.jpg,RDD2022,India,train
India_006967.jpg,5,Alligator Crack|Pothole|Transverse Crack,Alligator Crack,0.0446257716049382,data/raw/road_damage/India/India/train/images/India_006967.jpg,RDD2022,India,train
India_006968.jpg,2,Alligator Crack,Alligator Crack,0.1224942129629629,data/raw/road_damage/India/India/train/images/India_006968.jpg,RDD2022,India,train
India_006970.jpg,3,Pothole,Pothole,0.0065972222222222,data/raw/road_damage/India/India/train/images/India_006970.jpg,RDD2022,India,train
India_006973.jpg,5,Pothole,Pothole,0.0208236882716049,data/raw/road_damage/India/India/train/images/India_006973.jpg,RDD2022,India,train
India_006974.jpg,3,Pothole,Pothole,0.0028356481481481,data/raw/road_damage/India/India/train/images/India_006974.jpg,RDD2022,India,train
India_006976.jpg,1,Alligator Crack,Alligator Crack,0.0473958333333333,data/raw/road_damage/India/India/train/images/India_006976.jpg,RDD2022,India,train
India_006977.jpg,9,Alligator Crack|Longitudinal Crack|Pothole,Pothole,0.0446064814814814,data/raw/road_damage/India/India/train/images/India_006977.jpg,RDD2022,India,train
India_006982.jpg,1,Longitudinal Crack,Longitudinal Crack,0.0132908950617283,data/raw/road_damage/India/India/train/images/India_006982.jpg,RDD2022,India,train
India_006983.jpg,1,Alligator Crack,Alligator Crack,0.0085879629629629,data/raw/road_damage/India/India/train/images/India_006983.jpg,RDD2022,India,train
India_006988.jpg,1,Alligator Crack,Alligator Crack,0.0637789351851851,data/raw/road_damage/India/India/train/images/India_006988.jpg,RDD2022,India,train
India_006995.jpg,4,Alligator Crack|Pothole,Pothole,0.0970524691358024,data/raw/road_damage/India/India/train/images/India_006995.jpg,RDD2022,India,train
India_006998.jpg,1,Pothole,Pothole,0.0022935956790123,data/raw/road_damage/India/India/train/images/India_006998.jpg,RDD2022,India,train
India_006999.jpg,3,Pothole,Pothole,0.0146913580246913,data/raw/road_damage/India/India/train/images/India_006999.jpg,RDD2022,India,train
India_007000.jpg,5,Longitudinal Crack|Pothole,Longitudinal Crack,0.0164236111111111,data/raw/road_damage/India/India/train/images/India_007000.jpg,RDD2022,India,train
India_007001.jpg,2,Longitudinal Crack|Pothole,Pothole,0.0073283179012345,data/raw/road_damage/India/India/train/images/India_007001.jpg,RDD2022,India,train
India_007002.jpg,5,Alligator Crack|Pothole,Pothole,0.278233024691358,data/raw/road_damage/India/India/train/images/India_007002.jpg,RDD2022,India,train
India_007007.jpg,1,Pothole,Pothole,0.0445119598765432,data/raw/road_damage/India/India/train/images/India_007007.jpg,RDD2022,India,train
India_007008.jpg,1,Longitudinal Crack,Longitudinal Crack,0.0047646604938271,data/raw/road_damage/India/India/train/images/India_007008.jpg,RDD2022,India,train
India_007009.jpg,1,Alligator Crack,Alligator Crack,0.0199459876543209,data/raw/road_damage/India/India/train/images/India_007009.jpg,RDD2022,India,train
India_007016.jpg,1,Alligator Crack,Alligator Crack,0.1653587962962963,data/raw/road_damage/India/India/train/images/India_007016.jpg,RDD2022,India,train
India_007024.jpg,1,Alligator Crack,Alligator Crack,0.1731481481481481,data/raw/road_damage/India/India/train/images/India_007024.jpg,RDD2022,India,train
India_007033.jpg,3,Alligator Crack|Longitudinal Crack,Longitudinal Crack,0.0944135802469135,data/raw/road_damage/India/India/train/images/India_007033.jpg,RDD2022,India,train
India_007034.jpg,4,Alligator Crack|Longitudinal Crack|Pothole,Longitudinal Crack,0.040324074074074,data/raw/road_damage/India/India/train/images/India_007034.jpg,RDD2022,India,train
India_007037.jpg,1,Alligator Crack,Alligator Crack,0.2406037808641975,data/raw/road_damage/India/India/train/images/India_007037.jpg,RDD2022,India,train
India_007042.jpg,3,Pothole,Pothole,0.0317746913580246,data/raw/road_damage/India/India/train/images/India_007042.jpg,RDD2022,India,train
India_007043.jpg,1,Alligator Crack,Alligator Crack,0.0813425925925925,data/raw/road_damage/India/India/train/images/India_007043.jpg,RDD2022,India,train
India_007048.jpg,1,Alligator Crack,Alligator Crack,0.10859375,data/raw/road_damage/India/India/train/images/India_007048.jpg,RDD2022,India,train
India_007051.jpg,1,Pothole,Pothole,0.0020833333333333,data/raw/road_damage/India/India/train/images/India_007051.jpg,RDD2022,India,train
India_007052.jpg,2,Alligator Crack|Longitudinal Crack,Longitudinal Crack,0.1491261574074074,data/raw/road_damage/India/India/train/images/India_007052.jpg,RDD2022,India,train
India_007053.jpg,5,Alligator Crack|Longitudinal Crack|Pothole,Pothole,0.1261766975308642,data/raw/road_damage/India/India/train/images/India_007053.jpg,RDD2022,India,train
India_007055.jpg,3,Alligator Crack|Longitudinal Crack,Longitudinal Crack,0.0372357253086419,data/raw/road_damage/India/India/train/images/India_007055.jpg,RDD2022,India,train
India_007058.jpg,2,Alligator Crack|Longitudinal Crack,Alligator Crack,0.1857716049382716,data/raw/road_damage/India/India/train/images/India_007058.jpg,RDD2022,India,train
India_007059.jpg,1,Alligator Crack,Alligator Crack,0.2229629629629629,data/raw/road_damage/India/India/train/images/India_007059.jpg,RDD2022,India,train
India_007062.jpg,1,Alligator Crack,Alligator Crack,0.0508641975308642,data/raw/road_damage/India/India/train/images/India_007062.jpg,RDD2022,India,train
India_007066.jpg,5,Pothole,Pothole,0.0256288580246913,data/raw/road_damage/India/India/train/images/India_007066.jpg,RDD2022,India,train
India_007067.jpg,1,Longitudinal Crack,Longitudinal Crack,0.0234953703703703,data/raw/road_damage/India/India/train/images/India_007067.jpg,RDD2022,India,train
India_007069.jpg,1,Alligator Crack,Alligator Crack,0.1016030092592592,data/raw/road_damage/India/India/train/images/India_007069.jpg,RDD2022,India,train
India_007071.jpg,7,Alligator Crack|Pothole,Pothole,0.0298996913580246,data/raw/road_damage/India/India/train/images/India_007071.jpg,RDD2022,India,train
India_007072.jpg,1,Longitudinal Crack,Longitudinal Crack,0.0183063271604938,data/raw/road_damage/India/India/train/images/India_007072.jpg,RDD2022,India,train
India_007074.jpg,2,Alligator Crack|Pothole,Pothole,0.0191087962962962,data/raw/road_damage/India/India/train/images/India_007074.jpg,RDD2022,India,train
India_007088.jpg,1,Alligator Crack,Alligator Crack,0.0984780092592592,data/raw/road_damage/India/India/train/images/India_007088.jpg,RDD2022,India,train
India_007094.jpg,2,Longitudinal Crack,Longitudinal Crack,0.0377719907407407,data/raw/road_damage/India/India/train/images/India_007094.jpg,RDD2022,India,train
India_007099.jpg,1,Alligator Crack,Alligator Crack,0.1768788580246913,data/raw/road_damage/India/India/train/images/India_007099.jpg,RDD2022,India,train
India_007101.jpg,2,Pothole,Pothole,0.1405208333333333,data/raw/road_damage/India/India/train/images/India_007101.jpg,RDD2022,India,train
India_007105.jpg,1,Pothole,Pothole,0.0858796296296296,data/raw/road_damage/India/India/train/images/India_007105.jpg,RDD2022,India,train
India_007109.jpg,2,Alligator Crack,Alligator Crack,0.0822222222222222,data/raw/road_damage/India/India/train/images/India_007109.jpg,RDD2022,India,train
India_007113.jpg,1,Pothole,Pothole,0.0098302469135802,data/raw/road_damage/India/India/train/images/India_007113.jpg,RDD2022,India,train
India_007116.jpg,2,Longitudinal Crack|Transverse Crack,Longitudinal Crack,0.0635069444444444,data/raw/road_damage/India/India/train/images/India_007116.jpg,RDD2022,India,train
India_007117.jpg,1,Alligator Crack,Alligator Crack,0.0372010030864197,data/raw/road_damage/India/India/train/images/India_007117.jpg,RDD2022,India,train
India_007122.jpg,1,Alligator Crack,Alligator Crack,0.0940393518518518,data/raw/road_damage/India/India/train/images/India_007122.jpg,RDD2022,India,train
India_007123.jpg,2,Pothole,Pothole,0.0042361111111111,data/raw/road_damage/India/India/train/images/India_007123.jpg,RDD2022,India,train
India_007125.jpg,1,Alligator Crack,Alligator Crack,0.1192708333333333,data/raw/road_damage/India/India/train/images/India_007125.jpg,RDD2022,India,train
India_007130.jpg,1,Longitudinal Crack,Longitudinal Crack,0.0452083333333333,data/raw/road_damage/India/India/train/images/India_007130.jpg,RDD2022,India,train
India_007132.jpg,2,Transverse Crack,Transverse Crack,0.0238233024691358,data/raw/road_damage/India/India/train/images/India_007132.jpg,RDD2022,India,train
India_007133.jpg,1,Alligator Crack,Alligator Crack,0.1284104938271605,data/raw/road_damage/India/India/train/images/India_007133.jpg,RDD2022,India,train
India_007134.jpg,2,Alligator Crack|Longitudinal Crack,Alligator Crack,0.0413194444444444,data/raw/road_damage/India/India/train/images/India_007134.jpg,RDD2022,India,train
India_007136.jpg,3,Alligator Crack|Longitudinal Crack,Longitudinal Crack,0.0547839506172839,data/raw/road_damage/India/India/train/images/India_007136.jpg,RDD2022,India,train
India_007137.jpg,1,Alligator Crack,Alligator Crack,0.0155401234567901,data/raw/road_damage/India/India/train/images/India_007137.jpg,RDD2022,India,train
India_007138.jpg,1,Alligator Crack,Alligator Crack,0.1245389660493827,data/raw/road_damage/India/India/train/images/India_007138.jpg,RDD2022,India,train
India_007141.jpg,2,Alligator Crack|Longitudinal Crack,Alligator Crack,0.190625,data/raw/road_damage/India/India/train/images/India_007141.jpg,RDD2022,India,train
India_007146.jpg,1,Longitudinal Crack,Longitudinal Crack,0.0273341049382716,data/raw/road_damage/India/India/train/images/India_007146.jpg,RDD2022,India,train
India_007147.jpg,8,Alligator Crack|Pothole,Pothole,0.0993576388888888,data/raw/road_damage/India/India/train/images/India_007147.jpg,RDD2022,India,train
India_007148.jpg,1,Alligator Crack,Alligator Crack,0.0659606481481481,data/raw/road_damage/India/India/train/images/India_007148.jpg,RDD2022,India,train
India_007152.jpg,1,Alligator Crack,Alligator Crack,0.0378067129629629,data/raw/road_damage/India/India/train/images/India_007152.jpg,RDD2022,India,train
India_007153.jpg,3,Longitudinal Crack|Pothole|Transverse Crack,Longitudinal Crack,0.0289641203703703,data/raw/road_damage/India/India/train/images/India_007153.jpg,RDD2022,India,train
India_007155.jpg,1,Pothole,Pothole,0.0013773148148148,data/raw/road_damage/India/India/train/images/India_007155.jpg,RDD2022,India,train
India_007159.jpg,3,Alligator Crack|Pothole,Alligator Crack,0.0700520833333333,data/raw/road_damage/India/India/train/images/India_007159.jpg,RDD2022,India,train
India_007163.jpg,1,Alligator Crack,Alligator Crack,0.174074074074074,data/raw/road_damage/India/India/train/images/India_007163.jpg,RDD2022,India,train
India_007168.jpg,2,Pothole,Pothole,0.0825964506172839,data/raw/road_damage/India/India/train/images/India_007168.jpg,RDD2022,India,train
India_007171.jpg,2,Alligator Crack,Alligator Crack,0.0961651234567901,data/raw/road_damage/India/India/train/images/India_007171.jpg,RDD2022,India,train
India_007172.jpg,2,Alligator Crack|Pothole,Pothole,0.0513888888888888,data/raw/road_damage/India/India/train/images/India_007172.jpg,RDD2022,India,train
India_007175.jpg,2,Alligator Crack|Pothole,Pothole,0.0229359567901234,data/raw/road_damage/India/India/train/images/India_007175.jpg,RDD2022,India,train
India_007178.jpg,1,Alligator Crack,Alligator Crack,0.1870023148148148,data/raw/road_damage/India/India/train/images/India_007178.jpg,RDD2022,India,train
India_007179.jpg,1,Alligator Crack,Alligator Crack,0.0309027777777777,data/raw/road_damage/India/India/train/images/India_007179.jpg,RDD2022,India,train
India_007183.jpg,1,Alligator Crack,Alligator Crack,0.2391358024691358,data/raw/road_damage/India/India/train/images/India_007183.jpg,RDD2022,India,train
India_007185.jpg,1,Pothole,Pothole,0.0016608796296296,data/raw/road_damage/India/India/train/images/India_007185.jpg,RDD2022,India,train
India_007188.jpg,1,Longitudinal Crack,Longitudinal Crack,0.1287577160493827,data/raw/road_damage/India/India/train/images/India_007188.jpg,RDD2022,India,train
India_007189.jpg,6,Alligator Crack|Longitudinal Crack|Pothole|Transverse Crack,Longitudinal Crack,0.0173611111111111,data/raw/road_damage/India/India/train/images/India_007189.jpg,RDD2022,India,train
India_007194.jpg,1,Alligator Crack,Alligator Crack,0.0609664351851851,data/raw/road_damage/India/India/train/images/India_007194.jpg,RDD2022,India,train
India_007196.jpg,1,Alligator Crack,Alligator Crack,0.0698032407407407,data/raw/road_damage/India/India/train/images/India_007196.jpg,RDD2022,India,train
India_007198.jpg,1,Pothole,Pothole,0.1960108024691358,data/raw/road_damage/India/India/train/images/India_007198.jpg,RDD2022,India,train
India_007200.jpg,1,Alligator Crack,Alligator Crack,0.0298958333333333,data/raw/road_damage/India/India/train/images/India_007200.jpg,RDD2022,India,train
India_007204.jpg,4,Alligator Crack|Pothole,Pothole,0.0597145061728395,data/raw/road_damage/India/India/train/images/India_007204.jpg,RDD2022,India,train
India_007205.jpg,1,Pothole,Pothole,0.0188888888888888,data/raw/road_damage/India/India/train/images/India_007205.jpg,RDD2022,India,train
India_007208.jpg,3,Alligator Crack|Longitudinal Crack,Longitudinal Crack,0.1028935185185185,data/raw/road_damage/India/India/train/images/India_007208.jpg,RDD2022,India,train
India_007211.jpg,2,Pothole,Pothole,0.0164236111111111,data/raw/road_damage/India/India/train/images/India_007211.jpg,RDD2022,India,train
India_007213.jpg,2,Alligator Crack|Longitudinal Crack,Alligator Crack,0.1871527777777777,data/raw/road_damage/India/India/train/images/India_007213.jpg,RDD2022,India,train
India_007214.jpg,3,Alligator Crack|Longitudinal Crack,Alligator Crack,0.0379398148148148,data/raw/road_damage/India/India/train/images/India_007214.jpg,RDD2022,India,train
India_007217.jpg,2,Longitudinal Crack,Longitudinal Crack,0.0136091820987654,data/raw/road_damage/India/India/train/images/India_007217.jpg,RDD2022,India,train
India_007224.jpg,1,Alligator Crack,Alligator Crack,0.2307407407407407,data/raw/road_damage/India/India/train/images/India_007224.jpg,RDD2022,India,train
India_007226.jpg,1,Pothole,Pothole,0.0116087962962962,data/raw/road_damage/India/India/train/images/India_007226.jpg,RDD2022,India,train
India_007227.jpg,1,Alligator Crack,Alligator Crack,0.0913888888888889,data/raw/road_damage/India/India/train/images/India_007227.jpg,RDD2022,India,train
India_007231.jpg,1,Alligator Crack,Alligator Crack,0.0967901234567901,data/raw/road_damage/India/India/train/images/India_007231.jpg,RDD2022,India,train
India_007234.jpg,2,Longitudinal Crack,Longitudinal Crack,0.0076311728395061,data/raw/road_damage/India/India/train/images/India_007234.jpg,RDD2022,India,train
India_007236.jpg,1,Alligator Crack,Alligator Crack,0.187554012345679,data/raw/road_damage/India/India/train/images/India_007236.jpg,RDD2022,India,train
India_007239.jpg,1,Alligator Crack,Alligator Crack,0.0387712191358024,data/raw/road_damage/India/India/train/images/India_007239.jpg,RDD2022,India,train
India_007240.jpg,1,Pothole,Pothole,0.1644367283950617,data/raw/road_damage/India/India/train/images/India_007240.jpg,RDD2022,India,train
India_007246.jpg,1,Pothole,Pothole,0.0390625,data/raw/road_damage/India/India/train/images/India_007246.jpg,RDD2022,India,train
India_007247.jpg,2,Alligator Crack,Alligator Crack,0.0150462962962962,data/raw/road_damage/India/India/train/images/India_007247.jpg,RDD2022,India,train
India_007256.jpg,1,Alligator Crack,Alligator Crack,0.0904436728395061,data/raw/road_damage/India/India/train/images/India_007256.jpg,RDD2022,India,train
India_007259.jpg,4,Pothole,Pothole,0.1330941358024691,data/raw/road_damage/India/India/train/images/India_007259.jpg,RDD2022,India,train
India_007267.jpg,1,Alligator Crack,Alligator Crack,0.1289814814814814,data/raw/road_damage/India/India/train/images/India_007267.jpg,RDD2022,India,train
India_007271.jpg,4,Alligator Crack|Longitudinal Crack|Pothole,Alligator Crack,0.1009934413580247,data/raw/road_damage/India/India/train/images/India_007271.jpg,RDD2022,India,train
India_007275.jpg,1,Alligator Crack,Alligator Crack,0.1084220679012345,data/raw/road_damage/India/India/train/images/India_007275.jpg,RDD2022,India,train
India_007276.jpg,1,Alligator Crack,Alligator Crack,0.07625,data/raw/road_damage/India/India/train/images/India_007276.jpg,RDD2022,India,train
India_007277.jpg,1,Pothole,Pothole,0.0093036265432098,data/raw/road_damage/India/India/train/images/India_007277.jpg,RDD2022,India,train
India_007278.jpg,1,Alligator Crack,Alligator Crack,0.1575520833333333,data/raw/road_damage/India/India/train/images/India_007278.jpg,RDD2022,India,train
India_007279.jpg,2,Alligator Crack|Longitudinal Crack,Alligator Crack,0.2068094135802469,data/raw/road_damage/India/India/train/images/India_007279.jpg,RDD2022,India,train
India_007281.jpg,2,Longitudinal Crack|Pothole,Longitudinal Crack,0.0666898148148148,data/raw/road_damage/India/India/train/images/India_007281.jpg,RDD2022,India,train
India_007285.jpg,2,Alligator Crack|Longitudinal Crack,Longitudinal Crack,0.0565625,data/raw/road_damage/India/India/train/images/India_007285.jpg,RDD2022,India,train
India_007287.jpg,3,Longitudinal Crack,Longitudinal Crack,0.0131404320987654,data/raw/road_damage/India/India/train/images/India_007287.jpg,RDD2022,India,train
India_007291.jpg,1,Pothole,Pothole,0.0041666666666666,data/raw/road_damage/India/India/train/images/India_007291.jpg,RDD2022,India,train
India_007293.jpg,2,Alligator Crack|Pothole,Pothole,0.1738271604938271,data/raw/road_damage/India/India/train/images/India_007293.jpg,RDD2022,India,train
India_007299.jpg,4,Alligator Crack|Pothole,Pothole,0.1009085648148148,data/raw/road_damage/India/India/train/images/India_007299.jpg,RDD2022,India,train
India_007308.jpg,7,Alligator Crack|Longitudinal Crack|Pothole,Pothole,0.1887172067901234,data/raw/road_damage/India/India/train/images/India_007308.jpg,RDD2022,India,train
India_007309.jpg,3,Pothole,Pothole,0.0037037037037037,data/raw/road_damage/India/India/train/images/India_007309.jpg,RDD2022,India,train
India_007310.jpg,2,Longitudinal Crack|Pothole,Pothole,0.1240277777777777,data/raw/road_damage/India/India/train/images/India_007310.jpg,RDD2022,India,train
India_007318.jpg,1,Alligator Crack,Alligator Crack,0.1441049382716049,data/raw/road_damage/India/India/train/images/India_007318.jpg,RDD2022,India,train
India_007319.jpg,1,Alligator Crack,Alligator Crack,0.0851176697530864,data/raw/road_damage/India/India/train/images/India_007319.jpg,RDD2022,India,train
India_007321.jpg,1,Pothole,Pothole,0.0037384259259259,data/raw/road_damage/India/India/train/images/India_007321.jpg,RDD2022,India,train
India_007322.jpg,1,Pothole,Pothole,0.0138329475308641,data/raw/road_damage/India/India/train/images/India_007322.jpg,RDD2022,India,train
India_007323.jpg,1,Alligator Crack,Alligator Crack,0.011886574074074,data/raw/road_damage/India/India/train/images/India_007323.jpg,RDD2022,India,train
India_007327.jpg,1,Pothole,Pothole,0.0122222222222222,data/raw/road_damage/India/India/train/images/India_007327.jpg,RDD2022,India,train
India_007328.jpg,1,Alligator Crack,Alligator Crack,0.1166087962962963,data/raw/road_damage/India/India/train/images/India_007328.jpg,RDD2022,India,train
India_007329.jpg,5,Longitudinal Crack|Pothole|Transverse Crack,Longitudinal Crack,0.0186728395061728,data/raw/road_damage/India/India/train/images/India_007329.jpg,RDD2022,India,train
India_007333.jpg,1,Alligator Crack,Alligator Crack,0.1138020833333333,data/raw/road_damage/India/India/train/images/India_007333.jpg,RDD2022,India,train
India_007342.jpg,4,Alligator Crack|Longitudinal Crack|Pothole,Longitudinal Crack,0.0075135030864197,data/raw/road_damage/India/India/train/images/India_007342.jpg,RDD2022,India,train
India_007343.jpg,7,Alligator Crack|Pothole,Pothole,0.1113483796296296,data/raw/road_damage/India/India/train/images/India_007343.jpg,RDD2022,India,train
India_007345.jpg,1,Alligator Crack,Alligator Crack,0.1304726080246913,data/raw/road_damage/India/India/train/images/India_007345.jpg,RDD2022,India,train
India_007354.jpg,1,Alligator Crack,Alligator Crack,0.0730787037037037,data/raw/road_damage/India/India/train/images/India_007354.jpg,RDD2022,India,train
India_007357.jpg,1,Pothole,Pothole,0.0042592592592592,data/raw/road_damage/India/India/train/images/India_007357.jpg,RDD2022,India,train
India_007359.jpg,1,Alligator Crack,Alligator Crack,0.0925443672839506,data/raw/road_damage/India/India/train/images/India_007359.jpg,RDD2022,India,train
India_007362.jpg,7,Alligator Crack|Pothole,Pothole,0.2784567901234568,data/raw/road_damage/India/India/train/images/India_007362.jpg,RDD2022,India,train
India_007363.jpg,2,Pothole,Pothole,0.0052662037037037,data/raw/road_damage/India/India/train/images/India_007363.jpg,RDD2022,India,train
India_007368.jpg,2,Alligator Crack|Pothole,Alligator Crack,0.1326504629629629,data/raw/road_damage/India/India/train/images/India_007368.jpg,RDD2022,India,train
India_007371.jpg,1,Pothole,Pothole,0.0068846450617283,data/raw/road_damage/India/India/train/images/India_007371.jpg,RDD2022,India,train
India_007372.jpg,2,Alligator Crack,Alligator Crack,0.0948919753086419,data/raw/road_damage/India/India/train/images/India_007372.jpg,RDD2022,India,train
India_007376.jpg,2,Alligator Crack,Alligator Crack,0.052932098765432,data/raw/road_damage/India/India/train/images/India_007376.jpg,RDD2022,India,train
India_007377.jpg,1,Alligator Crack,Alligator Crack,0.1375154320987654,data/raw/road_damage/India/India/train/images/India_007377.jpg,RDD2022,India,train
India_007383.jpg,1,Pothole,Pothole,0.0277083333333333,data/raw/road_damage/India/India/train/images/India_007383.jpg,RDD2022,India,train
India_007385.jpg,1,Alligator Crack,Alligator Crack,0.146412037037037,data/raw/road_damage/India/India/train/images/India_007385.jpg,RDD2022,India,train
India_007387.jpg,1,Alligator Crack,Alligator Crack,0.114753086419753,data/raw/road_damage/India/India/train/images/India_007387.jpg,RDD2022,India,train
India_007390.jpg,2,Alligator Crack|Pothole,Alligator Crack,0.0057098765432098,data/raw/road_damage/India/India/train/images/India_007390.jpg,RDD2022,India,train
India_007397.jpg,1,Longitudinal Crack,Longitudinal Crack,0.0041396604938271,data/raw/road_damage/India/India/train/images/India_007397.jpg,RDD2022,India,train
India_007398.jpg,4,Alligator Crack|Longitudinal Crack,Longitudinal Crack,0.100949074074074,data/raw/road_damage/India/India/train/images/India_007398.jpg,RDD2022,India,train
India_007399.jpg,1,Pothole,Pothole,0.0032638888888888,data/raw/road_damage/India/India/train/images/India_007399.jpg,RDD2022,India,train
India_007402.jpg,2,Alligator Crack,Alligator Crack,0.0974749228395061,data/raw/road_damage/India/India/train/images/India_007402.jpg,RDD2022,India,train
India_007404.jpg,1,Pothole,Pothole,0.00203125,data/raw/road_damage/India/India/train/images/India_007404.jpg,RDD2022,India,train
India_007409.jpg,1,Pothole,Pothole,0.0431076388888888,data/raw/road_damage/India/India/train/images/India_007409.jpg,RDD2022,India,train
India_007412.jpg,2,Alligator Crack|Longitudinal Crack,Longitudinal Crack,0.1705246913580247,data/raw/road_damage/India/India/train/images/India_007412.jpg,RDD2022,India,train
India_007417.jpg,1,Alligator Crack,Alligator Crack,0.0331828703703703,data/raw/road_damage/India/India/train/images/India_007417.jpg,RDD2022,India,train
India_007418.jpg,3,Longitudinal Crack|Pothole,Longitudinal Crack,0.0156481481481481,data/raw/road_damage/India/India/train/images/India_007418.jpg,RDD2022,India,train
India_007420.jpg,4,Alligator Crack|Pothole,Pothole,0.1174305555555555,data/raw/road_damage/India/India/train/images/India_007420.jpg,RDD2022,India,train
India_007422.jpg,3,Pothole,Pothole,0.0550868055555555,data/raw/road_damage/India/India/train/images/India_007422.jpg,RDD2022,India,train
India_007431.jpg,1,Alligator Crack,Alligator Crack,0.0444618055555555,data/raw/road_damage/India/India/train/images/India_007431.jpg,RDD2022,India,train
India_007432.jpg,1,Pothole,Pothole,0.0261728395061728,data/raw/road_damage/India/India/train/images/India_007432.jpg,RDD2022,India,train
India_007438.jpg,1,Longitudinal Crack,Longitudinal Crack,0.0393016975308641,data/raw/road_damage/India/India/train/images/India_007438.jpg,RDD2022,India,train
India_007439.jpg,1,Alligator Crack,Alligator Crack,0.0979861111111111,data/raw/road_damage/India/India/train/images/India_007439.jpg,RDD2022,India,train
India_007450.jpg,1,Pothole,Pothole,0.1703684413580247,data/raw/road_damage/India/India/train/images/India_007450.jpg,RDD2022,India,train
India_007456.jpg,2,Alligator Crack,Alligator Crack,0.1071277006172839,data/raw/road_damage/India/India/train/images/India_007456.jpg,RDD2022,India,train
India_007457.jpg,2,Longitudinal Crack,Longitudinal Crack,0.0186342592592592,data/raw/road_damage/India/India/train/images/India_007457.jpg,RDD2022,India,train
India_007458.jpg,2,Alligator Crack|Longitudinal Crack,Alligator Crack,0.0584375,data/raw/road_damage/India/India/train/images/India_007458.jpg,RDD2022,India,train
India_007460.jpg,2,Alligator Crack|Longitudinal Crack,Alligator Crack,0.0878896604938271,data/raw/road_damage/India/India/train/images/India_007460.jpg,RDD2022,India,train
India_007463.jpg,1,Alligator Crack,Alligator Crack,0.2897222222222222,data/raw/road_damage/India/India/train/images/India_007463.jpg,RDD2022,India,train
India_007464.jpg,1,Pothole,Pothole,0.0661111111111111,data/raw/road_damage/India/India/train/images/India_007464.jpg,RDD2022,India,train
India_007465.jpg,3,Longitudinal Crack|Pothole,Pothole,0.0191840277777777,data/raw/road_damage/India/India/train/images/India_007465.jpg,RDD2022,India,train
India_007470.jpg,2,Alligator Crack|Longitudinal Crack,Alligator Crack,0.0684702932098765,data/raw/road_damage/India/India/train/images/India_007470.jpg,RDD2022,India,train
India_007474.jpg,5,Longitudinal Crack|Pothole,Pothole,0.0244753086419753,data/raw/road_damage/India/India/train/images/India_007474.jpg,RDD2022,India,train
India_007476.jpg,1,Alligator Crack,Alligator Crack,0.2061304012345679,data/raw/road_damage/India/India/train/images/India_007476.jpg,RDD2022,India,train
India_007478.jpg,1,Alligator Crack,Alligator Crack,0.0956462191358024,data/raw/road_damage/India/India/train/images/India_007478.jpg,RDD2022,India,train
India_007484.jpg,1,Pothole,Pothole,0.0015393518518518,data/raw/road_damage/India/India/train/images/India_007484.jpg,RDD2022,India,train
India_007487.jpg,1,Alligator Crack,Alligator Crack,0.1060956790123456,data/raw/road_damage/India/India/train/images/India_007487.jpg,RDD2022,India,train
India_007491.jpg,2,Pothole,Pothole,0.0058738425925925,data/raw/road_damage/India/India/train/images/India_007491.jpg,RDD2022,India,train
India_007492.jpg,2,Alligator Crack,Alligator Crack,0.0326099537037037,data/raw/road_damage/India/India/train/images/India_007492.jpg,RDD2022,India,train
India_007494.jpg,1,Longitudinal Crack,Longitudinal Crack,0.006875,data/raw/road_damage/India/India/train/images/India_007494.jpg,RDD2022,India,train
India_007497.jpg,1,Alligator Crack,Alligator Crack,0.1858777006172839,data/raw/road_damage/India/India/train/images/India_007497.jpg,RDD2022,India,train
India_007498.jpg,1,Longitudinal Crack,Longitudinal Crack,0.0155555555555555,data/raw/road_damage/India/India/train/images/India_007498.jpg,RDD2022,India,train
India_007502.jpg,2,Alligator Crack|Longitudinal Crack,Alligator Crack,0.0864795524691358,data/raw/road_damage/India/India/train/images/India_007502.jpg,RDD2022,India,train
India_007505.jpg,1,Longitudinal Crack,Longitudinal Crack,0.0270871913580246,data/raw/road_damage/India/India/train/images/India_007505.jpg,RDD2022,India,train
India_007507.jpg,1,Alligator Crack,Alligator Crack,0.23515625,data/raw/road_damage/India/India/train/images/India_007507.jpg,RDD2022,India,train
India_007508.jpg,1,Alligator Crack,Alligator Crack,0.1336419753086419,data/raw/road_damage/India/India/train/images/India_007508.jpg,RDD2022,India,train
India_007509.jpg,1,Longitudinal Crack,Longitudinal Crack,0.01875,data/raw/road_damage/India/India/train/images/India_007509.jpg,RDD2022,India,train
India_007511.jpg,2,Longitudinal Crack,Longitudinal Crack,0.0117129629629629,data/raw/road_damage/India/India/train/images/India_007511.jpg,RDD2022,India,train
India_007513.jpg,2,Alligator Crack|Longitudinal Crack,Alligator Crack,0.4548784722222222,data/raw/road_damage/India/India/train/images/India_007513.jpg,RDD2022,India,train
India_007516.jpg,3,Alligator Crack|Longitudinal Crack,Longitudinal Crack,0.0206597222222222,data/raw/road_damage/India/India/train/images/India_007516.jpg,RDD2022,India,train
India_007518.jpg,2,Pothole,Pothole,0.1245717592592592,data/raw/road_damage/India/India/train/images/India_007518.jpg,RDD2022,India,train
India_007527.jpg,1,Longitudinal Crack,Longitudinal Crack,0.0062345679012345,data/raw/road_damage/India/India/train/images/India_007527.jpg,RDD2022,India,train
India_007529.jpg,3,Longitudinal Crack|Pothole,Longitudinal Crack,0.0267033179012345,data/raw/road_damage/India/India/train/images/India_007529.jpg,RDD2022,India,train
India_007530.jpg,1,Pothole,Pothole,0.0636670524691358,data/raw/road_damage/India/India/train/images/India_007530.jpg,RDD2022,India,train
India_007533.jpg,2,Longitudinal Crack,Longitudinal Crack,0.0137345679012345,data/raw/road_damage/India/India/train/images/India_007533.jpg,RDD2022,India,train
India_007537.jpg,2,Longitudinal Crack|Pothole,Longitudinal Crack,0.0186574074074074,data/raw/road_damage/India/India/train/images/India_007537.jpg,RDD2022,India,train
India_007538.jpg,2,Alligator Crack,Alligator Crack,0.0506828703703703,data/raw/road_damage/India/India/train/images/India_007538.jpg,RDD2022,India,train
India_007539.jpg,2,Alligator Crack|Longitudinal Crack,Longitudinal Crack,0.0476215277777777,data/raw/road_damage/India/India/train/images/India_007539.jpg,RDD2022,India,train
India_007548.jpg,1,Longitudinal Crack,Longitudinal Crack,0.0157677469135802,data/raw/road_damage/India/India/train/images/India_007548.jpg,RDD2022,India,train
India_007555.jpg,4,Alligator Crack|Pothole,Pothole,0.2398958333333333,data/raw/road_damage/India/India/train/images/India_007555.jpg,RDD2022,India,train
India_007558.jpg,2,Longitudinal Crack,Longitudinal Crack,0.0051504629629629,data/raw/road_damage/India/India/train/images/India_007558.jpg,RDD2022,India,train
India_007561.jpg,1,Alligator Crack,Alligator Crack,0.1583314043209876,data/raw/road_damage/India/India/train/images/India_007561.jpg,RDD2022,India,train
India_007563.jpg,1,Longitudinal Crack,Longitudinal Crack,0.0233198302469135,data/raw/road_damage/India/India/train/images/India_007563.jpg,RDD2022,India,train
India_007565.jpg,2,Alligator Crack|Longitudinal Crack,Alligator Crack,0.4813773148148148,data/raw/road_damage/India/India/train/images/India_007565.jpg,RDD2022,India,train
India_007572.jpg,2,Pothole,Pothole,0.176977237654321,data/raw/road_damage/India/India/train/images/India_007572.jpg,RDD2022,India,train
India_007576.jpg,1,Longitudinal Crack,Longitudinal Crack,0.0580594135802469,data/raw/road_damage/India/India/train/images/India_007576.jpg,RDD2022,India,train
India_007578.jpg,7,Pothole,Pothole,0.0241666666666666,data/raw/road_damage/India/India/train/images/India_007578.jpg,RDD2022,India,train
India_007579.jpg,4,Alligator Crack|Pothole,Pothole,0.0236111111111111,data/raw/road_damage/India/India/train/images/India_007579.jpg,RDD2022,India,train
India_007581.jpg,2,Alligator Crack|Pothole,Alligator Crack,0.0641975308641975,data/raw/road_damage/India/India/train/images/India_007581.jpg,RDD2022,India,train
India_007584.jpg,1,Pothole,Pothole,0.0033333333333333,data/raw/road_damage/India/India/train/images/India_007584.jpg,RDD2022,India,train
India_007587.jpg,3,Longitudinal Crack|Pothole,Pothole,0.0503009259259259,data/raw/road_damage/India/India/train/images/India_007587.jpg,RDD2022,India,train
India_007590.jpg,4,Longitudinal Crack|Transverse Crack,Longitudinal Crack,0.0264274691358024,data/raw/road_damage/India/India/train/images/India_007590.jpg,RDD2022,India,train
India_007592.jpg,2,Alligator Crack|Pothole,Pothole,0.1293653549382716,data/raw/road_damage/India/India/train/images/India_007592.jpg,RDD2022,India,train
India_007595.jpg,2,Alligator Crack|Longitudinal Crack,Alligator Crack,0.0546604938271604,data/raw/road_damage/India/India/train/images/India_007595.jpg,RDD2022,India,train
India_007597.jpg,3,Alligator Crack|Longitudinal Crack,Alligator Crack,0.0975327932098765,data/raw/road_damage/India/India/train/images/India_007597.jpg,RDD2022,India,train
India_007602.jpg,2,Longitudinal Crack,Longitudinal Crack,0.0189583333333333,data/raw/road_damage/India/India/train/images/India_007602.jpg,RDD2022,India,train
India_007604.jpg,3,Pothole,Pothole,0.0242534722222222,data/raw/road_damage/India/India/train/images/India_007604.jpg,RDD2022,India,train
India_007611.jpg,2,Pothole,Pothole,0.022662037037037,data/raw/road_damage/India/India/train/images/India_007611.jpg,RDD2022,India,train
India_007614.jpg,1,Longitudinal Crack,Longitudinal Crack,0.0093055555555555,data/raw/road_damage/India/India/train/images/India_007614.jpg,RDD2022,India,train
India_007615.jpg,2,Alligator Crack|Longitudinal Crack,Longitudinal Crack,0.0346354166666666,data/raw/road_damage/India/India/train/images/India_007615.jpg,RDD2022,India,train
India_007616.jpg,2,Pothole,Pothole,0.035324074074074,data/raw/road_damage/India/India/train/images/India_007616.jpg,RDD2022,India,train
India_007618.jpg,3,Alligator Crack|Longitudinal Crack,Longitudinal Crack,0.0519058641975308,data/raw/road_damage/India/India/train/images/India_007618.jpg,RDD2022,India,train
India_007621.jpg,2,Alligator Crack|Longitudinal Crack,Alligator Crack,0.0920216049382716,data/raw/road_damage/India/India/train/images/India_007621.jpg,RDD2022,India,train
India_007625.jpg,2,Longitudinal Crack,Longitudinal Crack,0.0114814814814814,data/raw/road_damage/India/India/train/images/India_007625.jpg,RDD2022,India,train
India_007626.jpg,1,Alligator Crack,Alligator Crack,0.1981172839506172,data/raw/road_damage/India/India/train/images/India_007626.jpg,RDD2022,India,train
India_007627.jpg,3,Alligator Crack|Pothole,Alligator Crack,0.049375,data/raw/road_damage/India/India/train/images/India_007627.jpg,RDD2022,India,train
India_007628.jpg,4,Alligator Crack|Longitudinal Crack|Pothole,Alligator Crack,0.1394039351851851,data/raw/road_damage/India/India/train/images/India_007628.jpg,RDD2022,India,train
India_007629.jpg,1,Pothole,Pothole,0.0034027777777777,data/raw/road_damage/India/India/train/images/India_007629.jpg,RDD2022,India,train
India_007630.jpg,4,Pothole,Pothole,0.0143634259259259,data/raw/road_damage/India/India/train/images/India_007630.jpg,RDD2022,India,train
India_007633.jpg,3,Pothole,Pothole,0.0088888888888888,data/raw/road_damage/India/India/train/images/India_007633.jpg,RDD2022,India,train
India_007635.jpg,1,Longitudinal Crack,Longitudinal Crack,0.0087094907407407,data/raw/road_damage/India/India/train/images/India_007635.jpg,RDD2022,India,train
India_007637.jpg,7,Pothole|Transverse Crack,Pothole,0.0261766975308642,data/raw/road_damage/India/India/train/images/India_007637.jpg,RDD2022,India,train
India_007641.jpg,1,Pothole,Pothole,0.0223186728395061,data/raw/road_damage/India/India/train/images/India_007641.jpg,RDD2022,India,train
India_007642.jpg,2,Alligator Crack|Pothole,Alligator Crack,0.1833506944444444,data/raw/road_damage/India/India/train/images/India_007642.jpg,RDD2022,India,train
India_007644.jpg,6,Pothole,Pothole,0.0424710648148148,data/raw/road_damage/India/India/train/images/India_007644.jpg,RDD2022,India,train
India_007646.jpg,1,Alligator Crack,Alligator Crack,0.0155960648148148,data/raw/road_damage/India/India/train/images/India_007646.jpg,RDD2022,India,train
India_007647.jpg,2,Pothole,Pothole,0.0447222222222222,data/raw/road_damage/India/India/train/images/India_007647.jpg,RDD2022,India,train
India_007650.jpg,3,Pothole,Pothole,0.0853105709876543,data/raw/road_damage/India/India/train/images/India_007650.jpg,RDD2022,India,train
India_007651.jpg,3,Longitudinal Crack|Pothole,Pothole,0.2521720679012346,data/raw/road_damage/India/India/train/images/India_007651.jpg,RDD2022,India,train
India_007655.jpg,1,Alligator Crack,Alligator Crack,0.2314236111111111,data/raw/road_damage/India/India/train/images/India_007655.jpg,RDD2022,India,train
India_007658.jpg,1,Pothole,Pothole,0.0017824074074074,data/raw/road_damage/India/India/train/images/India_007658.jpg,RDD2022,India,train
India_007667.jpg,1,Alligator Crack,Alligator Crack,0.2085416666666666,data/raw/road_damage/India/India/train/images/India_007667.jpg,RDD2022,India,train
India_007670.jpg,1,Alligator Crack,Alligator Crack,0.15375,data/raw/road_damage/India/India/train/images/India_007670.jpg,RDD2022,India,train
India_007672.jpg,1,Pothole,Pothole,0.0028935185185185,data/raw/road_damage/India/India/train/images/India_007672.jpg,RDD2022,India,train
India_007676.jpg,1,Alligator Crack,Alligator Crack,0.0655208333333333,data/raw/road_damage/India/India/train/images/India_007676.jpg,RDD2022,India,train
India_007682.jpg,1,Alligator Crack,Alligator Crack,0.2403993055555555,data/raw/road_damage/India/India/train/images/India_007682.jpg,RDD2022,India,train
India_007688.jpg,1,Longitudinal Crack,Longitudinal Crack,0.0045254629629629,data/raw/road_damage/India/India/train/images/India_007688.jpg,RDD2022,India,train
India_007689.jpg,1,Alligator Crack,Alligator Crack,0.1696469907407407,data/raw/road_damage/India/India/train/images/India_007689.jpg,RDD2022,India,train
India_007691.jpg,1,Alligator Crack,Alligator Crack,0.1008854166666666,data/raw/road_damage/India/India/train/images/India_007691.jpg,RDD2022,India,train
India_007697.jpg,2,Pothole,Pothole,0.0667554012345679,data/raw/road_damage/India/India/train/images/India_007697.jpg,RDD2022,India,train
India_007699.jpg,4,Alligator Crack|Pothole,Pothole,0.046875,data/raw/road_damage/India/India/train/images/India_007699.jpg,RDD2022,India,train
India_007702.jpg,1,Alligator Crack,Alligator Crack,0.1513888888888888,data/raw/road_damage/India/India/train/images/India_007702.jpg,RDD2022,India,train
India_007704.jpg,1,Alligator Crack,Alligator Crack,0.1686998456790123,data/raw/road_damage/India/India/train/images/India_007704.jpg,RDD2022,India,train
India_007706.jpg,6,Alligator Crack|Longitudinal Crack|Pothole,Longitudinal Crack,0.1273341049382716,data/raw/road_damage/India/India/train/images/India_007706.jpg,RDD2022,India,train
India_007707.jpg,3,Alligator Crack|Longitudinal Crack|Pothole,Pothole,0.1721296296296296,data/raw/road_damage/India/India/train/images/India_007707.jpg,RDD2022,India,train
India_007708.jpg,1,Alligator Crack,Alligator Crack,0.2409606481481481,data/raw/road_damage/India/India/train/images/India_007708.jpg,RDD2022,India,train
India_007712.jpg,1,Pothole,Pothole,0.0637345679012345,data/raw/road_damage/India/India/train/images/India_007712.jpg,RDD2022,India,train
India_007713.jpg,5,Longitudinal Crack|Pothole,Pothole,0.0369212962962963,data/raw/road_damage/India/India/train/images/India_007713.jpg,RDD2022,India,train
India_007716.jpg,3,Alligator Crack|Longitudinal Crack|Pothole,Alligator Crack,0.0960648148148148,data/raw/road_damage/India/India/train/images/India_007716.jpg,RDD2022,India,train
India_007718.jpg,1,Alligator Crack,Alligator Crack,0.2055883487654321,data/raw/road_damage/India/India/train/images/India_007718.jpg,RDD2022,India,train
India_007720.jpg,4,Alligator Crack|Longitudinal Crack|Pothole,Pothole,0.1250848765432098,data/raw/road_damage/India/India/train/images/India_007720.jpg,RDD2022,India,train
India_007722.jpg,1,Pothole,Pothole,0.0401350308641975,data/raw/road_damage/India/India/train/images/India_007722.jpg,RDD2022,India,train
India_007723.jpg,3,Pothole,Pothole,0.0115856481481481,data/raw/road_damage/India/India/train/images/India_007723.jpg,RDD2022,India,train
India_007732.jpg,1,Longitudinal Crack,Longitudinal Crack,0.0043634259259259,data/raw/road_damage/India/India/train/images/India_007732.jpg,RDD2022,India,train
India_007734.jpg,3,Pothole,Pothole,0.0094502314814814,data/raw/road_damage/India/India/train/images/India_007734.jpg,RDD2022,India,train
India_007735.jpg,4,Alligator Crack|Longitudinal Crack|Pothole,Alligator Crack,0.0960165895061728,data/raw/road_damage/India/India/train/images/India_007735.jpg,RDD2022,India,train
India_007736.jpg,1,Longitudinal Crack,Longitudinal Crack,0.0321373456790123,data/raw/road_damage/India/India/train/images/India_007736.jpg,RDD2022,India,train
India_007737.jpg,1,Pothole,Pothole,0.1107638888888888,data/raw/road_damage/India/India/train/images/India_007737.jpg,RDD2022,India,train
India_007740.jpg,2,Alligator Crack|Pothole,Alligator Crack,0.1966743827160494,data/raw/road_damage/India/India/train/images/India_007740.jpg,RDD2022,India,train
India_007741.jpg,1,Alligator Crack,Alligator Crack,0.0900810185185185,data/raw/road_damage/India/India/train/images/India_007741.jpg,RDD2022,India,train
India_007745.jpg,4,Alligator Crack|Longitudinal Crack|Pothole,Longitudinal Crack,0.0963541666666666,data/raw/road_damage/India/India/train/images/India_007745.jpg,RDD2022,India,train
India_007749.jpg,7,Alligator Crack|Pothole,Pothole,0.1321527777777777,data/raw/road_damage/India/India/train/images/India_007749.jpg,RDD2022,India,train
India_007755.jpg,1,Longitudinal Crack,Longitudinal Crack,0.0160590277777777,data/raw/road_damage/India/India/train/images/India_007755.jpg,RDD2022,India,train
India_007758.jpg,1,Longitudinal Crack,Longitudinal Crack,0.0149594907407407,data/raw/road_damage/India/India/train/images/India_007758.jpg,RDD2022,India,train
India_007761.jpg,1,Alligator Crack,Alligator Crack,0.21984375,data/raw/road_damage/India/India/train/images/India_007761.jpg,RDD2022,India,train
India_007766.jpg,8,Alligator Crack|Pothole,Pothole,0.0407137345679012,data/raw/road_damage/India/India/train/images/India_007766.jpg,RDD2022,India,train
India_007767.jpg,1,Alligator Crack,Alligator Crack,0.0901736111111111,data/raw/road_damage/India/India/train/images/India_007767.jpg,RDD2022,India,train
India_007769.jpg,1,Alligator Crack,Alligator Crack,0.1554957561728395,data/raw/road_damage/India/India/train/images/India_007769.jpg,RDD2022,India,train
India_007772.jpg,1,Alligator Crack,Alligator Crack,0.0981018518518518,data/raw/road_damage/India/India/train/images/India_007772.jpg,RDD2022,India,train
India_007779.jpg,1,Alligator Crack,Alligator Crack,0.2259413580246913,data/raw/road_damage/India/India/train/images/India_007779.jpg,RDD2022,India,train
India_007781.jpg,5,Pothole,Pothole,0.0354861111111111,data/raw/road_damage/India/India/train/images/India_007781.jpg,RDD2022,India,train
India_007782.jpg,2,Longitudinal Crack|Pothole,Pothole,0.0753819444444444,data/raw/road_damage/India/India/train/images/India_007782.jpg,RDD2022,India,train
India_007785.jpg,5,Alligator Crack|Longitudinal Crack|Pothole,Pothole,0.1666666666666666,data/raw/road_damage/India/India/train/images/India_007785.jpg,RDD2022,India,train
India_007789.jpg,3,Alligator Crack|Longitudinal Crack|Pothole,Longitudinal Crack,0.1186458333333333,data/raw/road_damage/India/India/train/images/India_007789.jpg,RDD2022,India,train
India_007791.jpg,3,Pothole,Pothole,0.0176504629629629,data/raw/road_damage/India/India/train/images/India_007791.jpg,RDD2022,India,train
India_007796.jpg,1,Longitudinal Crack,Longitudinal Crack,0.018125,data/raw/road_damage/India/India/train/images/India_007796.jpg,RDD2022,India,train
India_007801.jpg,6,Alligator Crack|Pothole,Pothole,0.1613425925925926,data/raw/road_damage/India/India/train/images/India_007801.jpg,RDD2022,India,train
India_007806.jpg,4,Alligator Crack|Pothole,Pothole,0.1227372685185185,data/raw/road_damage/India/India/train/images/India_007806.jpg,RDD2022,India,train
India_007807.jpg,1,Alligator Crack,Alligator Crack,0.1374691358024691,data/raw/road_damage/India/India/train/images/India_007807.jpg,RDD2022,India,train
India_007809.jpg,1,Alligator Crack,Alligator Crack,0.0421971450617283,data/raw/road_damage/India/India/train/images/India_007809.jpg,RDD2022,India,train
India_007810.jpg,4,Pothole,Pothole,0.0486400462962963,data/raw/road_damage/India/India/train/images/India_007810.jpg,RDD2022,India,train
India_007811.jpg,1,Alligator Crack,Alligator Crack,0.1286188271604938,data/raw/road_damage/India/India/train/images/India_007811.jpg,RDD2022,India,train
India_007816.jpg,1,Alligator Crack,Alligator Crack,0.0555941358024691,data/raw/road_damage/India/India/train/images/India_007816.jpg,RDD2022,India,train
India_007817.jpg,2,Alligator Crack|Longitudinal Crack,Longitudinal Crack,0.310949074074074,data/raw/road_damage/India/India/train/images/India_007817.jpg,RDD2022,India,train
India_007824.jpg,5,Alligator Crack|Longitudinal Crack,Alligator Crack,0.0612210648148148,data/raw/road_damage/India/India/train/images/India_007824.jpg,RDD2022,India,train
India_007831.jpg,1,Longitudinal Crack,Longitudinal Crack,0.0022839506172839,data/raw/road_damage/India/India/train/images/India_007831.jpg,RDD2022,India,train
India_007834.jpg,1,Alligator Crack,Alligator Crack,0.0657156635802469,data/raw/road_damage/India/India/train/images/India_007834.jpg,RDD2022,India,train
India_007836.jpg,3,Longitudinal Crack,Longitudinal Crack,0.0137345679012345,data/raw/road_damage/India/India/train/images/India_007836.jpg,RDD2022,India,train
India_007844.jpg,1,Alligator Crack,Alligator Crack,0.2783564814814814,data/raw/road_damage/India/India/train/images/India_007844.jpg,RDD2022,India,train
India_007846.jpg,1,Longitudinal Crack,Longitudinal Crack,0.023346836419753,data/raw/road_damage/India/India/train/images/India_007846.jpg,RDD2022,India,train
India_007849.jpg,2,Alligator Crack,Alligator Crack,0.0614930555555555,data/raw/road_damage/India/India/train/images/India_007849.jpg,RDD2022,India,train
India_007852.jpg,4,Pothole,Pothole,0.0388888888888888,data/raw/road_damage/India/India/train/images/India_007852.jpg,RDD2022,India,train
India_007859.jpg,2,Alligator Crack|Longitudinal Crack,Longitudinal Crack,0.3625462962962963,data/raw/road_damage/India/India/train/images/India_007859.jpg,RDD2022,India,train
India_007861.jpg,4,Longitudinal Crack|Pothole,Longitudinal Crack,0.0692399691358024,data/raw/road_damage/India/India/train/images/India_007861.jpg,RDD2022,India,train
India_007862.jpg,1,Longitudinal Crack,Longitudinal Crack,0.0354783950617283,data/raw/road_damage/India/India/train/images/India_007862.jpg,RDD2022,India,train
India_007863.jpg,3,Alligator Crack|Pothole,Pothole,0.1352604166666666,data/raw/road_damage/India/India/train/images/India_007863.jpg,RDD2022,India,train
India_007880.jpg,3,Pothole,Pothole,0.0136111111111111,data/raw/road_damage/India/India/train/images/India_007880.jpg,RDD2022,India,train
India_007883.jpg,1,Pothole,Pothole,0.03328125,data/raw/road_damage/India/India/train/images/India_007883.jpg,RDD2022,India,train
India_007884.jpg,2,Alligator Crack|Longitudinal Crack,Longitudinal Crack,0.1696952160493827,data/raw/road_damage/India/India/train/images/India_007884.jpg,RDD2022,India,train
India_007886.jpg,2,Alligator Crack|Longitudinal Crack,Longitudinal Crack,0.1040509259259259,data/raw/road_damage/India/India/train/images/India_007886.jpg,RDD2022,India,train
India_007888.jpg,1,Alligator Crack,Alligator Crack,0.1884722222222222,data/raw/road_damage/India/India/train/images/India_007888.jpg,RDD2022,India,train
India_007890.jpg,1,Pothole,Pothole,0.0040509259259259,data/raw/road_damage/India/India/train/images/India_007890.jpg,RDD2022,India,train
India_007893.jpg,2,Longitudinal Crack|Pothole,Longitudinal Crack,0.0778472222222222,data/raw/road_damage/India/India/train/images/India_007893.jpg,RDD2022,India,train
India_007900.jpg,2,Pothole,Pothole,0.0076485339506172,data/raw/road_damage/India/India/train/images/India_007900.jpg,RDD2022,India,train
India_007906.jpg,1,Alligator Crack,Alligator Crack,0.1898881172839506,data/raw/road_damage/India/India/train/images/India_007906.jpg,RDD2022,India,train
India_007909.jpg,1,Pothole,Pothole,0.00375,data/raw/road_damage/India/India/train/images/India_007909.jpg,RDD2022,India,train
India_007911.jpg,2,Alligator Crack,Alligator Crack,0.0921585648148148,data/raw/road_damage/India/India/train/images/India_007911.jpg,RDD2022,India,train
India_007912.jpg,2,Alligator Crack|Pothole,Alligator Crack,0.1067669753086419,data/raw/road_damage/India/India/train/images/India_007912.jpg,RDD2022,India,train
India_007915.jpg,5,Alligator Crack|Longitudinal Crack|Pothole,Pothole,0.1369675925925925,data/raw/road_damage/India/India/train/images/India_007915.jpg,RDD2022,India,train
India_007917.jpg,3,Pothole,Pothole,0.1129070216049382,data/raw/road_damage/India/India/train/images/India_007917.jpg,RDD2022,India,train
India_007920.jpg,1,Alligator Crack,Alligator Crack,0.2039158950617283,data/raw/road_damage/India/India/train/images/India_007920.jpg,RDD2022,India,train
India_007922.jpg,2,Longitudinal Crack,Longitudinal Crack,0.01796875,data/raw/road_damage/India/India/train/images/India_007922.jpg,RDD2022,India,train
India_007934.jpg,1,Longitudinal Crack,Longitudinal Crack,0.0525501543209876,data/raw/road_damage/India/India/train/images/India_007934.jpg,RDD2022,India,train
India_007935.jpg,1,Alligator Crack,Alligator Crack,0.0545563271604938,data/raw/road_damage/India/India/train/images/India_007935.jpg,RDD2022,India,train
India_007943.jpg,1,Pothole,Pothole,0.1668171296296296,data/raw/road_damage/India/India/train/images/India_007943.jpg,RDD2022,India,train
India_007946.jpg,2,Alligator Crack|Pothole,Pothole,0.0582253086419753,data/raw/road_damage/India/India/train/images/India_007946.jpg,RDD2022,India,train
India_007954.jpg,2,Longitudinal Crack|Pothole,Pothole,0.0734953703703703,data/raw/road_damage/India/India/train/images/India_007954.jpg,RDD2022,India,train
India_007955.jpg,2,Alligator Crack|Pothole,Alligator Crack,0.1266396604938271,data/raw/road_damage/India/India/train/images/India_007955.jpg,RDD2022,India,train
India_007962.jpg,1,Pothole,Pothole,0.000733024691358,data/raw/road_damage/India/India/train/images/India_007962.jpg,RDD2022,India,train
India_007964.jpg,1,Alligator Crack,Alligator Crack,0.1785378086419753,data/raw/road_damage/India/India/train/images/India_007964.jpg,RDD2022,India,train
India_007965.jpg,1,Longitudinal Crack,Longitudinal Crack,0.0566898148148148,data/raw/road_damage/India/India/train/images/India_007965.jpg,RDD2022,India,train
India_007966.jpg,1,Alligator Crack,Alligator Crack,0.287349537037037,data/raw/road_damage/India/India/train/images/India_007966.jpg,RDD2022,India,train
India_007972.jpg,4,Pothole,Pothole,0.039753086419753,data/raw/road_damage/India/India/train/images/India_007972.jpg,RDD2022,India,train
India_007974.jpg,6,Alligator Crack|Longitudinal Crack|Pothole,Pothole,0.0149537037037037,data/raw/road_damage/India/India/train/images/India_007974.jpg,RDD2022,India,train
India_007979.jpg,2,Longitudinal Crack,Longitudinal Crack,0.0434799382716049,data/raw/road_damage/India/India/train/images/India_007979.jpg,RDD2022,India,train
India_007981.jpg,2,Longitudinal Crack|Pothole,Pothole,0.0060763888888888,data/raw/road_damage/India/India/train/images/India_007981.jpg,RDD2022,India,train
India_007983.jpg,3,Alligator Crack|Pothole,Pothole,0.2207793209876543,data/raw/road_damage/India/India/train/images/India_007983.jpg,RDD2022,India,train
India_007985.jpg,1,Alligator Crack,Alligator Crack,0.1333757716049382,data/raw/road_damage/India/India/train/images/India_007985.jpg,RDD2022,India,train
India_007989.jpg,1,Pothole,Pothole,0.0254282407407407,data/raw/road_damage/India/India/train/images/India_007989.jpg,RDD2022,India,train
India_007991.jpg,3,Alligator Crack|Pothole,Pothole,0.0988425925925925,data/raw/road_damage/India/India/train/images/India_007991.jpg,RDD2022,India,train
India_007997.jpg,1,Alligator Crack,Alligator Crack,0.5496469907407407,data/raw/road_damage/India/India/train/images/India_007997.jpg,RDD2022,India,train
India_007998.jpg,7,Alligator Crack|Longitudinal Crack|Pothole,Pothole,0.1350983796296296,data/raw/road_damage/India/India/train/images/India_007998.jpg,RDD2022,India,train
India_007999.jpg,1,Alligator Crack,Alligator Crack,0.2103626543209876,data/raw/road_damage/India/India/train/images/India_007999.jpg,RDD2022,India,train
India_008003.jpg,1,Alligator Crack,Alligator Crack,0.2278645833333333,data/raw/road_damage/India/India/train/images/India_008003.jpg,RDD2022,India,train
India_008004.jpg,3,Pothole,Pothole,0.0835108024691358,data/raw/road_damage/India/India/train/images/India_008004.jpg,RDD2022,India,train
India_008007.jpg,2,Alligator Crack|Pothole,Alligator Crack,0.0228587962962962,data/raw/road_damage/India/India/train/images/India_008007.jpg,RDD2022,India,train
India_008009.jpg,2,Alligator Crack|Longitudinal Crack,Longitudinal Crack,0.1261766975308642,data/raw/road_damage/India/India/train/images/India_008009.jpg,RDD2022,India,train
India_008012.jpg,3,Alligator Crack|Pothole,Pothole,0.0425173611111111,data/raw/road_damage/India/India/train/images/India_008012.jpg,RDD2022,India,train
India_008013.jpg,1,Pothole,Pothole,0.0359027777777777,data/raw/road_damage/India/India/train/images/India_008013.jpg,RDD2022,India,train
India_008014.jpg,4,Alligator Crack|Longitudinal Crack,Longitudinal Crack,0.0297222222222222,data/raw/road_damage/India/India/train/images/India_008014.jpg,RDD2022,India,train
India_008015.jpg,1,Pothole,Pothole,0.0128742283950617,data/raw/road_damage/India/India/train/images/India_008015.jpg,RDD2022,India,train
India_008016.jpg,2,Alligator Crack|Pothole,Alligator Crack,0.1444193672839506,data/raw/road_damage/India/India/train/images/India_008016.jpg,RDD2022,India,train
India_008017.jpg,5,Alligator Crack|Longitudinal Crack|Pothole|Transverse Crack,Longitudinal Crack,0.0647723765432098,data/raw/road_damage/India/India/train/images/India_008017.jpg,RDD2022,India,train
India_008018.jpg,1,Longitudinal Crack,Longitudinal Crack,0.0166589506172839,data/raw/road_damage/India/India/train/images/India_008018.jpg,RDD2022,India,train
India_008019.jpg,1,Alligator Crack,Alligator Crack,0.0677314814814814,data/raw/road_damage/India/India/train/images/India_008019.jpg,RDD2022,India,train
India_008022.jpg,7,Alligator Crack|Longitudinal Crack|Pothole,Pothole,0.1865277777777777,data/raw/road_damage/India/India/train/images/India_008022.jpg,RDD2022,India,train
India_008023.jpg,1,Longitudinal Crack,Longitudinal Crack,0.0661728395061728,data/raw/road_damage/India/India/train/images/India_008023.jpg,RDD2022,India,train
India_008025.jpg,2,Longitudinal Crack|Pothole,Pothole,0.0778858024691358,data/raw/road_damage/India/India/train/images/India_008025.jpg,RDD2022,India,train
India_008027.jpg,2,Longitudinal Crack|Pothole,Longitudinal Crack,0.013599537037037,data/raw/road_damage/India/India/train/images/India_008027.jpg,RDD2022,India,train
India_008029.jpg,5,Alligator Crack|Longitudinal Crack|Pothole,Pothole,0.0781288580246913,data/raw/road_damage/India/India/train/images/India_008029.jpg,RDD2022,India,train
India_008034.jpg,2,Pothole,Pothole,0.0131172839506172,data/raw/road_damage/India/India/train/images/India_008034.jpg,RDD2022,India,train
India_008035.jpg,2,Longitudinal Crack|Pothole,Pothole,0.0064949845679012,data/raw/road_damage/India/India/train/images/India_008035.jpg,RDD2022,India,train
India_008037.jpg,2,Alligator Crack|Pothole,Pothole,0.1036361882716049,data/raw/road_damage/India/India/train/images/India_008037.jpg,RDD2022,India,train
India_008039.jpg,1,Alligator Crack,Alligator Crack,0.2000636574074074,data/raw/road_damage/India/India/train/images/India_008039.jpg,RDD2022,India,train
India_008043.jpg,4,Alligator Crack,Alligator Crack,0.0862345679012345,data/raw/road_damage/India/India/train/images/India_008043.jpg,RDD2022,India,train
India_008050.jpg,3,Alligator Crack,Alligator Crack,0.0644444444444444,data/raw/road_damage/India/India/train/images/India_008050.jpg,RDD2022,India,train
India_008059.jpg,1,Longitudinal Crack,Longitudinal Crack,0.0072839506172839,data/raw/road_damage/India/India/train/images/India_008059.jpg,RDD2022,India,train
India_008061.jpg,1,Alligator Crack,Alligator Crack,0.2341820987654321,data/raw/road_damage/India/India/train/images/India_008061.jpg,RDD2022,India,train
India_008062.jpg,2,Longitudinal Crack,Longitudinal Crack,0.03546875,data/raw/road_damage/India/India/train/images/India_008062.jpg,RDD2022,India,train
India_008064.jpg,1,Pothole,Pothole,0.004537037037037,data/raw/road_damage/India/India/train/images/India_008064.jpg,RDD2022,India,train
India_008067.jpg,2,Alligator Crack|Longitudinal Crack,Alligator Crack,0.3799189814814814,data/raw/road_damage/India/India/train/images/India_008067.jpg,RDD2022,India,train
India_008068.jpg,1,Alligator Crack,Alligator Crack,0.167295524691358,data/raw/road_damage/India/India/train/images/India_008068.jpg,RDD2022,India,train
India_008070.jpg,3,Alligator Crack|Longitudinal Crack|Pothole,Alligator Crack,0.0453935185185185,data/raw/road_damage/India/India/train/images/India_008070.jpg,RDD2022,India,train
India_008076.jpg,1,Alligator Crack,Alligator Crack,0.0571759259259259,data/raw/road_damage/India/India/train/images/India_008076.jpg,RDD2022,India,train
India_008078.jpg,1,Alligator Crack,Alligator Crack,0.0862962962962963,data/raw/road_damage/India/India/train/images/India_008078.jpg,RDD2022,India,train
India_008079.jpg,1,Alligator Crack,Alligator Crack,0.1630266203703703,data/raw/road_damage/India/India/train/images/India_008079.jpg,RDD2022,India,train
India_008084.jpg,3,Alligator Crack|Longitudinal Crack|Pothole,Longitudinal Crack,0.0924421296296296,data/raw/road_damage/India/India/train/images/India_008084.jpg,RDD2022,India,train
India_008085.jpg,1,Longitudinal Crack,Longitudinal Crack,0.019645061728395,data/raw/road_damage/India/India/train/images/India_008085.jpg,RDD2022,India,train
India_008090.jpg,2,Alligator Crack,Alligator Crack,0.0493981481481481,data/raw/road_damage/India/India/train/images/India_008090.jpg,RDD2022,India,train
India_008094.jpg,5,Pothole,Pothole,0.0769193672839506,data/raw/road_damage/India/India/train/images/India_008094.jpg,RDD2022,India,train
India_008097.jpg,1,Alligator Crack,Alligator Crack,0.0210648148148148,data/raw/road_damage/India/India/train/images/India_008097.jpg,RDD2022,India,train
India_008099.jpg,2,Alligator Crack|Pothole,Pothole,0.0836805555555555,data/raw/road_damage/India/India/train/images/India_008099.jpg,RDD2022,India,train
India_008103.jpg,1,Alligator Crack,Alligator Crack,0.2245486111111111,data/raw/road_damage/India/India/train/images/India_008103.jpg,RDD2022,India,train
India_008105.jpg,5,Alligator Crack|Pothole,Pothole,0.2941898148148148,data/raw/road_damage/India/India/train/images/India_008105.jpg,RDD2022,India,train
India_008107.jpg,2,Alligator Crack|Longitudinal Crack,Alligator Crack,0.0689621913580246,data/raw/road_damage/India/India/train/images/India_008107.jpg,RDD2022,India,train
India_008109.jpg,1,Longitudinal Crack,Longitudinal Crack,0.0431134259259259,data/raw/road_damage/India/India/train/images/India_008109.jpg,RDD2022,India,train
India_008111.jpg,1,Longitudinal Crack,Longitudinal Crack,0.0132484567901234,data/raw/road_damage/India/India/train/images/India_008111.jpg,RDD2022,India,train
India_008112.jpg,1,Alligator Crack,Alligator Crack,0.0162037037037037,data/raw/road_damage/India/India/train/images/India_008112.jpg,RDD2022,India,train
India_008116.jpg,1,Pothole,Pothole,0.0048206018518518,data/raw/road_damage/India/India/train/images/India_008116.jpg,RDD2022,India,train
India_008119.jpg,1,Pothole,Pothole,0.1209066358024691,data/raw/road_damage/India/India/train/images/India_008119.jpg,RDD2022,India,train
India_008127.jpg,1,Pothole,Pothole,0.0130208333333333,data/raw/road_damage/India/India/train/images/India_008127.jpg,RDD2022,India,train
India_008128.jpg,4,Longitudinal Crack,Longitudinal Crack,0.0173148148148148,data/raw/road_damage/India/India/train/images/India_008128.jpg,RDD2022,India,train
India_008133.jpg,1,Transverse Crack,Transverse Crack,0.017554012345679,data/raw/road_damage/India/India/train/images/India_008133.jpg,RDD2022,India,train
India_008134.jpg,3,Alligator Crack|Pothole,Pothole,0.2383101851851851,data/raw/road_damage/India/India/train/images/India_008134.jpg,RDD2022,India,train
India_008139.jpg,5,Alligator Crack|Pothole,Pothole,0.2848765432098765,data/raw/road_damage/India/India/train/images/India_008139.jpg,RDD2022,India,train
India_008141.jpg,1,Longitudinal Crack,Longitudinal Crack,0.0054552469135802,data/raw/road_damage/India/India/train/images/India_008141.jpg,RDD2022,India,train
India_008142.jpg,2,Alligator Crack|Pothole,Pothole,0.2326041666666666,data/raw/road_damage/India/India/train/images/India_008142.jpg,RDD2022,India,train
India_008144.jpg,2,Longitudinal Crack,Longitudinal Crack,0.0051388888888888,data/raw/road_damage/India/India/train/images/India_008144.jpg,RDD2022,India,train
India_008153.jpg,1,Alligator Crack,Alligator Crack,0.2181597222222222,data/raw/road_damage/India/India/train/images/India_008153.jpg,RDD2022,India,train
India_008154.jpg,3,Pothole,Pothole,0.0361207561728395,data/raw/road_damage/India/India/train/images/India_008154.jpg,RDD2022,India,train
India_008157.jpg,4,Alligator Crack|Pothole,Pothole,0.1470949074074074,data/raw/road_damage/India/India/train/images/India_008157.jpg,RDD2022,India,train
India_008159.jpg,1,Alligator Crack,Alligator Crack,0.1941068672839506,data/raw/road_damage/India/India/train/images/India_008159.jpg,RDD2022,India,train
India_008160.jpg,1,Alligator Crack,Alligator Crack,0.2188888888888888,data/raw/road_damage/India/India/train/images/India_008160.jpg,RDD2022,India,train
India_008162.jpg,1,Alligator Crack,Alligator Crack,0.0348572530864197,data/raw/road_damage/India/India/train/images/India_008162.jpg,RDD2022,India,train
India_008163.jpg,2,Alligator Crack|Pothole,Pothole,0.2527777777777777,data/raw/road_damage/India/India/train/images/India_008163.jpg,RDD2022,India,train
India_008172.jpg,1,Alligator Crack,Alligator Crack,0.1141068672839506,data/raw/road_damage/India/India/train/images/India_008172.jpg,RDD2022,India,train
India_008177.jpg,2,Alligator Crack|Pothole,Pothole,0.1101851851851851,data/raw/road_damage/India/India/train/images/India_008177.jpg,RDD2022,India,train
India_008182.jpg,2,Alligator Crack,Alligator Crack,0.0437905092592592,data/raw/road_damage/India/India/train/images/India_008182.jpg,RDD2022,India,train
India_008183.jpg,5,Alligator Crack|Pothole,Pothole,0.0802469135802469,data/raw/road_damage/India/India/train/images/India_008183.jpg,RDD2022,India,train
India_008186.jpg,1,Alligator Crack,Alligator Crack,0.2545833333333333,data/raw/road_damage/India/India/train/images/India_008186.jpg,RDD2022,India,train
India_008188.jpg,3,Longitudinal Crack|Pothole,Longitudinal Crack,0.0387037037037037,data/raw/road_damage/India/India/train/images/India_008188.jpg,RDD2022,India,train
India_008190.jpg,1,Alligator Crack,Alligator Crack,0.1744116512345679,data/raw/road_damage/India/India/train/images/India_008190.jpg,RDD2022,India,train
India_008195.jpg,1,Alligator Crack,Alligator Crack,0.0922222222222222,data/raw/road_damage/India/India/train/images/India_008195.jpg,RDD2022,India,train
India_008198.jpg,1,Longitudinal Crack,Longitudinal Crack,0.1223958333333333,data/raw/road_damage/India/India/train/images/India_008198.jpg,RDD2022,India,train
India_008204.jpg,2,Longitudinal Crack,Longitudinal Crack,0.0016666666666666,data/raw/road_damage/India/India/train/images/India_008204.jpg,RDD2022,India,train
India_008207.jpg,4,Alligator Crack|Longitudinal Crack|Pothole,Alligator Crack,0.1767264660493827,data/raw/road_damage/India/India/train/images/India_008207.jpg,RDD2022,India,train
India_008209.jpg,4,Longitudinal Crack|Pothole,Longitudinal Crack,0.0409876543209876,data/raw/road_damage/India/India/train/images/India_008209.jpg,RDD2022,India,train
India_008214.jpg,2,Alligator Crack|Longitudinal Crack,Longitudinal Crack,0.1353703703703703,data/raw/road_damage/India/India/train/images/India_008214.jpg,RDD2022,India,train
India_008215.jpg,2,Alligator Crack|Longitudinal Crack,Longitudinal Crack,0.0668402777777777,data/raw/road_damage/India/India/train/images/India_008215.jpg,RDD2022,India,train
India_008218.jpg,5,Longitudinal Crack|Transverse Crack,Longitudinal Crack,0.0459239969135802,data/raw/road_damage/India/India/train/images/India_008218.jpg,RDD2022,India,train
India_008221.jpg,1,Alligator Crack,Alligator Crack,0.1142013888888889,data/raw/road_damage/India/India/train/images/India_008221.jpg,RDD2022,India,train
India_008223.jpg,5,Alligator Crack|Pothole,Alligator Crack,0.022145061728395,data/raw/road_damage/India/India/train/images/India_008223.jpg,RDD2022,India,train
India_008224.jpg,5,Longitudinal Crack|Pothole,Pothole,0.0609567901234567,data/raw/road_damage/India/India/train/images/India_008224.jpg,RDD2022,India,train
India_008226.jpg,2,Alligator Crack|Pothole,Alligator Crack,0.0657793209876543,data/raw/road_damage/India/India/train/images/India_008226.jpg,RDD2022,India,train
India_008227.jpg,3,Alligator Crack|Longitudinal Crack|Pothole,Alligator Crack,0.0973090277777777,data/raw/road_damage/India/India/train/images/India_008227.jpg,RDD2022,India,train
India_008228.jpg,1,Alligator Crack,Alligator Crack,0.1968306327160494,data/raw/road_damage/India/India/train/images/India_008228.jpg,RDD2022,India,train
India_008229.jpg,1,Alligator Crack,Alligator Crack,0.1952199074074074,data/raw/road_damage/India/India/train/images/India_008229.jpg,RDD2022,India,train
India_008233.jpg,8,Alligator Crack|Longitudinal Crack|Pothole,Pothole,0.1209529320987654,data/raw/road_damage/India/India/train/images/India_008233.jpg,RDD2022,India,train
India_008237.jpg,2,Longitudinal Crack,Longitudinal Crack,0.0022569444444444,data/raw/road_damage/India/India/train/images/India_008237.jpg,RDD2022,India,train
India_008238.jpg,2,Alligator Crack|Longitudinal Crack,Alligator Crack,0.1337114197530864,data/raw/road_damage/India/India/train/images/India_008238.jpg,RDD2022,India,train
India_008239.jpg,1,Alligator Crack,Alligator Crack,0.1521026234567901,data/raw/road_damage/India/India/train/images/India_008239.jpg,RDD2022,India,train
India_008241.jpg,3,Pothole,Pothole,0.0218171296296296,data/raw/road_damage/India/India/train/images/India_008241.jpg,RDD2022,India,train
India_008244.jpg,3,Alligator Crack|Pothole,Pothole,0.1781481481481481,data/raw/road_damage/India/India/train/images/India_008244.jpg,RDD2022,India,train
India_008247.jpg,1,Longitudinal Crack,Longitudinal Crack,0.0055208333333333,data/raw/road_damage/India/India/train/images/India_008247.jpg,RDD2022,India,train
India_008249.jpg,4,Alligator Crack|Longitudinal Crack|Pothole,Alligator Crack,0.1542862654320987,data/raw/road_damage/India/India/train/images/India_008249.jpg,RDD2022,India,train
India_008250.jpg,2,Alligator Crack|Pothole,Alligator Crack,0.1935648148148148,data/raw/road_damage/India/India/train/images/India_008250.jpg,RDD2022,India,train
India_008254.jpg,3,Alligator Crack|Longitudinal Crack,Longitudinal Crack,0.1201851851851851,data/raw/road_damage/India/India/train/images/India_008254.jpg,RDD2022,India,train
India_008256.jpg,1,Alligator Crack,Alligator Crack,0.2368364197530864,data/raw/road_damage/India/India/train/images/India_008256.jpg,RDD2022,India,train
India_008257.jpg,5,Alligator Crack|Longitudinal Crack,Longitudinal Crack,0.0455787037037037,data/raw/road_damage/India/India/train/images/India_008257.jpg,RDD2022,India,train
India_008261.jpg,6,Alligator Crack|Longitudinal Crack|Pothole,Pothole,0.0164004629629629,data/raw/road_damage/India/India/train/images/India_008261.jpg,RDD2022,India,train
India_008263.jpg,5,Alligator Crack|Pothole,Pothole,0.1473418209876543,data/raw/road_damage/India/India/train/images/India_008263.jpg,RDD2022,India,train
India_008266.jpg,1,Alligator Crack,Alligator Crack,0.2044135802469135,data/raw/road_damage/India/India/train/images/India_008266.jpg,RDD2022,India,train
India_008267.jpg,4,Alligator Crack|Longitudinal Crack|Pothole,Pothole,0.0926851851851851,data/raw/road_damage/India/India/train/images/India_008267.jpg,RDD2022,India,train
India_008271.jpg,2,Alligator Crack|Pothole,Pothole,0.1388792438271605,data/raw/road_damage/India/India/train/images/India_008271.jpg,RDD2022,India,train
India_008279.jpg,1,Pothole,Pothole,0.19609375,data/raw/road_damage/India/India/train/images/India_008279.jpg,RDD2022,India,train
India_008280.jpg,3,Longitudinal Crack,Longitudinal Crack,0.0912635030864197,data/raw/road_damage/India/India/train/images/India_008280.jpg,RDD2022,India,train
India_008282.jpg,2,Alligator Crack|Pothole,Pothole,0.0091820987654321,data/raw/road_damage/India/India/train/images/India_008282.jpg,RDD2022,India,train
India_008284.jpg,1,Alligator Crack,Alligator Crack,0.0788368055555555,data/raw/road_damage/India/India/train/images/India_008284.jpg,RDD2022,India,train
India_008285.jpg,3,Pothole,Pothole,0.1044849537037037,data/raw/road_damage/India/India/train/images/India_008285.jpg,RDD2022,India,train
India_008292.jpg,1,Pothole,Pothole,0.0858719135802469,data/raw/road_damage/India/India/train/images/India_008292.jpg,RDD2022,India,train
India_008296.jpg,2,Alligator Crack|Pothole,Alligator Crack,0.2293229166666666,data/raw/road_damage/India/India/train/images/India_008296.jpg,RDD2022,India,train
India_008297.jpg,3,Pothole,Pothole,0.1525308641975308,data/raw/road_damage/India/India/train/images/India_008297.jpg,RDD2022,India,train
India_008301.jpg,5,Alligator Crack|Longitudinal Crack|Pothole,Alligator Crack,0.0271315586419753,data/raw/road_damage/India/India/train/images/India_008301.jpg,RDD2022,India,train
India_008304.jpg,4,Alligator Crack|Longitudinal Crack|Pothole,Longitudinal Crack,0.2862307098765432,data/raw/road_damage/India/India/train/images/India_008304.jpg,RDD2022,India,train
India_008306.jpg,2,Alligator Crack|Longitudinal Crack,Longitudinal Crack,0.0258294753086419,data/raw/road_damage/India/India/train/images/India_008306.jpg,RDD2022,India,train
India_008307.jpg,1,Transverse Crack,Transverse Crack,0.0180690586419753,data/raw/road_damage/India/India/train/images/India_008307.jpg,RDD2022,India,train
India_008308.jpg,1,Pothole,Pothole,0.0032465277777777,data/raw/road_damage/India/India/train/images/India_008308.jpg,RDD2022,India,train
India_008313.jpg,1,Alligator Crack,Alligator Crack,0.0832677469135802,data/raw/road_damage/India/India/train/images/India_008313.jpg,RDD2022,India,train
India_008314.jpg,1,Alligator Crack,Alligator Crack,0.0771682098765432,data/raw/road_damage/India/India/train/images/India_008314.jpg,RDD2022,India,train
India_008317.jpg,7,Alligator Crack|Longitudinal Crack|Pothole,Pothole,0.0498784722222222,data/raw/road_damage/India/India/train/images/India_008317.jpg,RDD2022,India,train
India_008321.jpg,3,Alligator Crack|Pothole,Pothole,0.2110030864197531,data/raw/road_damage/India/India/train/images/India_008321.jpg,RDD2022,India,train
India_008322.jpg,2,Longitudinal Crack,Longitudinal Crack,0.00171875,data/raw/road_damage/India/India/train/images/India_008322.jpg,RDD2022,India,train
India_008323.jpg,1,Longitudinal Crack,Longitudinal Crack,0.0333526234567901,data/raw/road_damage/India/India/train/images/India_008323.jpg,RDD2022,India,train
India_008325.jpg,2,Alligator Crack|Longitudinal Crack,Alligator Crack,0.2600694444444444,data/raw/road_damage/India/India/train/images/India_008325.jpg,RDD2022,India,train
India_008327.jpg,2,Alligator Crack|Pothole,Alligator Crack,0.23375,data/raw/road_damage/India/India/train/images/India_008327.jpg,RDD2022,India,train
India_008329.jpg,1,Alligator Crack,Alligator Crack,0.2390162037037037,data/raw/road_damage/India/India/train/images/India_008329.jpg,RDD2022,India,train
India_008333.jpg,3,Alligator Crack|Longitudinal Crack,Longitudinal Crack,0.0858391203703703,data/raw/road_damage/India/India/train/images/India_008333.jpg,RDD2022,India,train
India_008336.jpg,1,Pothole,Pothole,0.0174151234567901,data/raw/road_damage/India/India/train/images/India_008336.jpg,RDD2022,India,train
India_008339.jpg,1,Pothole,Pothole,0.0302469135802469,data/raw/road_damage/India/India/train/images/India_008339.jpg,RDD2022,India,train
India_008340.jpg,2,Alligator Crack|Longitudinal Crack,Longitudinal Crack,0.1248148148148148,data/raw/road_damage/India/India/train/images/India_008340.jpg,RDD2022,India,train
India_008343.jpg,2,Alligator Crack,Alligator Crack,0.0638888888888888,data/raw/road_damage/India/India/train/images/India_008343.jpg,RDD2022,India,train
India_008344.jpg,1,Alligator Crack,Alligator Crack,0.0951967592592592,data/raw/road_damage/India/India/train/images/India_008344.jpg,RDD2022,India,train
India_008355.jpg,1,Longitudinal Crack,Longitudinal Crack,0.0035802469135802,data/raw/road_damage/India/India/train/images/India_008355.jpg,RDD2022,India,train
India_008359.jpg,2,Alligator Crack|Longitudinal Crack,Alligator Crack,0.0454706790123456,data/raw/road_damage/India/India/train/images/India_008359.jpg,RDD2022,India,train
India_008367.jpg,5,Pothole,Pothole,0.0404340277777777,data/raw/road_damage/India/India/train/images/India_008367.jpg,RDD2022,India,train
India_008368.jpg,2,Longitudinal Crack,Longitudinal Crack,0.0117129629629629,data/raw/road_damage/India/India/train/images/India_008368.jpg,RDD2022,India,train
India_008371.jpg,2,Alligator Crack,Alligator Crack,0.0805729166666666,data/raw/road_damage/India/India/train/images/India_008371.jpg,RDD2022,India,train
India_008374.jpg,3,Alligator Crack|Longitudinal Crack,Longitudinal Crack,0.1378202160493827,data/raw/road_damage/India/India/train/images/India_008374.jpg,RDD2022,India,train
India_008375.jpg,1,Alligator Crack,Alligator Crack,0.0617496141975308,data/raw/road_damage/India/India/train/images/India_008375.jpg,RDD2022,India,train
India_008376.jpg,1,Longitudinal Crack,Longitudinal Crack,0.023346836419753,data/raw/road_damage/India/India/train/images/India_008376.jpg,RDD2022,India,train
India_008378.jpg,2,Pothole,Pothole,0.0115239197530864,data/raw/road_damage/India/India/train/images/India_008378.jpg,RDD2022,India,train
India_008383.jpg,2,Longitudinal Crack|Pothole,Pothole,0.0236979166666666,data/raw/road_damage/India/India/train/images/India_008383.jpg,RDD2022,India,train
India_008385.jpg,3,Alligator Crack|Longitudinal Crack,Longitudinal Crack,0.0544270833333333,data/raw/road_damage/India/India/train/images/India_008385.jpg,RDD2022,India,train
India_008386.jpg,4,Alligator Crack|Longitudinal Crack|Pothole,Longitudinal Crack,0.1329648919753086,data/raw/road_damage/India/India/train/images/India_008386.jpg,RDD2022,India,train
India_008389.jpg,1,Pothole,Pothole,0.0228395061728395,data/raw/road_damage/India/India/train/images/India_008389.jpg,RDD2022,India,train
India_008390.jpg,3,Alligator Crack|Pothole,Pothole,0.0453858024691358,data/raw/road_damage/India/India/train/images/India_008390.jpg,RDD2022,India,train
India_008391.jpg,1,Alligator Crack,Alligator Crack,0.0871875,data/raw/road_damage/India/India/train/images/India_008391.jpg,RDD2022,India,train
India_008395.jpg,3,Alligator Crack|Pothole,Pothole,0.0519097222222222,data/raw/road_damage/India/India/train/images/India_008395.jpg,RDD2022,India,train
India_008396.jpg,1,Longitudinal Crack,Longitudinal Crack,0.0230864197530864,data/raw/road_damage/India/India/train/images/India_008396.jpg,RDD2022,India,train
India_008400.jpg,3,Alligator Crack|Longitudinal Crack|Pothole,Alligator Crack,0.0522453703703703,data/raw/road_damage/India/India/train/images/India_008400.jpg,RDD2022,India,train
India_008407.jpg,2,Alligator Crack|Longitudinal Crack,Alligator Crack,0.0924479166666666,data/raw/road_damage/India/India/train/images/India_008407.jpg,RDD2022,India,train
India_008416.jpg,7,Alligator Crack|Longitudinal Crack|Pothole,Pothole,0.0668827160493827,data/raw/road_damage/India/India/train/images/India_008416.jpg,RDD2022,India,train
India_008420.jpg,4,Longitudinal Crack,Longitudinal Crack,0.0247897376543209,data/raw/road_damage/India/India/train/images/India_008420.jpg,RDD2022,India,train
India_008421.jpg,1,Pothole,Pothole,0.1567708333333333,data/raw/road_damage/India/India/train/images/India_008421.jpg,RDD2022,India,train
India_008425.jpg,1,Pothole,Pothole,0.0353414351851851,data/raw/road_damage/India/India/train/images/India_008425.jpg,RDD2022,India,train
India_008430.jpg,1,Alligator Crack,Alligator Crack,0.1724479166666666,data/raw/road_damage/India/India/train/images/India_008430.jpg,RDD2022,India,train
India_008435.jpg,2,Longitudinal Crack,Longitudinal Crack,0.0212962962962962,data/raw/road_damage/India/India/train/images/India_008435.jpg,RDD2022,India,train
India_008436.jpg,1,Pothole,Pothole,0.0119097222222222,data/raw/road_damage/India/India/train/images/India_008436.jpg,RDD2022,India,train
India_008437.jpg,5,Alligator Crack|Longitudinal Crack|Pothole,Longitudinal Crack,0.1978530092592592,data/raw/road_damage/India/India/train/images/India_008437.jpg,RDD2022,India,train
India_008440.jpg,2,Alligator Crack|Pothole,Alligator Crack,0.1924382716049382,data/raw/road_damage/India/India/train/images/India_008440.jpg,RDD2022,India,train
India_008446.jpg,1,Pothole,Pothole,0.0029706790123456,data/raw/road_damage/India/India/train/images/India_008446.jpg,RDD2022,India,train
India_008458.jpg,2,Pothole,Pothole,0.0108217592592592,data/raw/road_damage/India/India/train/images/India_008458.jpg,RDD2022,India,train
India_008465.jpg,2,Alligator Crack|Pothole,Alligator Crack,0.2443171296296296,data/raw/road_damage/India/India/train/images/India_008465.jpg,RDD2022,India,train
India_008466.jpg,1,Alligator Crack,Alligator Crack,0.095,data/raw/road_damage/India/India/train/images/India_008466.jpg,RDD2022,India,train
India_008468.jpg,1,Alligator Crack,Alligator Crack,0.0696759259259259,data/raw/road_damage/India/India/train/images/India_008468.jpg,RDD2022,India,train
India_008471.jpg,2,Alligator Crack|Pothole,Alligator Crack,0.1705092592592592,data/raw/road_damage/India/India/train/images/India_008471.jpg,RDD2022,India,train
India_008475.jpg,1,Pothole,Pothole,0.0078510802469135,data/raw/road_damage/India/India/train/images/India_008475.jpg,RDD2022,India,train
India_008479.jpg,3,Longitudinal Crack|Pothole,Longitudinal Crack,0.0742283950617283,data/raw/road_damage/India/India/train/images/India_008479.jpg,RDD2022,India,train
India_008480.jpg,1,Alligator Crack,Alligator Crack,0.1054861111111111,data/raw/road_damage/India/India/train/images/India_008480.jpg,RDD2022,India,train
India_008486.jpg,2,Alligator Crack,Alligator Crack,0.0559027777777777,data/raw/road_damage/India/India/train/images/India_008486.jpg,RDD2022,India,train
India_008492.jpg,1,Pothole,Pothole,0.0114814814814814,data/raw/road_damage/India/India/train/images/India_008492.jpg,RDD2022,India,train
India_008494.jpg,1,Alligator Crack,Alligator Crack,0.0414814814814814,data/raw/road_damage/India/India/train/images/India_008494.jpg,RDD2022,India,train
India_008495.jpg,3,Longitudinal Crack,Longitudinal Crack,0.0298688271604938,data/raw/road_damage/India/India/train/images/India_008495.jpg,RDD2022,India,train
India_008496.jpg,1,Alligator Crack,Alligator Crack,0.2481481481481481,data/raw/road_damage/India/India/train/images/India_008496.jpg,RDD2022,India,train
India_008499.jpg,1,Pothole,Pothole,0.01125,data/raw/road_damage/India/India/train/images/India_008499.jpg,RDD2022,India,train
India_008503.jpg,2,Longitudinal Crack|Pothole,Pothole,0.0787654320987654,data/raw/road_damage/India/India/train/images/India_008503.jpg,RDD2022,India,train
India_008504.jpg,3,Alligator Crack|Longitudinal Crack,Alligator Crack,0.1050752314814814,data/raw/road_damage/India/India/train/images/India_008504.jpg,RDD2022,India,train
India_008505.jpg,1,Pothole,Pothole,0.387133487654321,data/raw/road_damage/India/India/train/images/India_008505.jpg,RDD2022,India,train
India_008507.jpg,1,Alligator Crack,Alligator Crack,0.1761689814814814,data/raw/road_damage/India/India/train/images/India_008507.jpg,RDD2022,India,train
India_008511.jpg,1,Pothole,Pothole,0.02875,data/raw/road_damage/India/India/train/images/India_008511.jpg,RDD2022,India,train
India_008512.jpg,1,Pothole,Pothole,0.0020833333333333,data/raw/road_damage/India/India/train/images/India_008512.jpg,RDD2022,India,train
India_008515.jpg,3,Alligator Crack|Longitudinal Crack,Longitudinal Crack,0.1005555555555555,data/raw/road_damage/India/India/train/images/India_008515.jpg,RDD2022,India,train
India_008523.jpg,2,Pothole,Pothole,0.1125925925925925,data/raw/road_damage/India/India/train/images/India_008523.jpg,RDD2022,India,train
India_008524.jpg,1,Pothole,Pothole,0.0022183641975308,data/raw/road_damage/India/India/train/images/India_008524.jpg,RDD2022,India,train
India_008528.jpg,1,Longitudinal Crack,Longitudinal Crack,0.0344328703703703,data/raw/road_damage/India/India/train/images/India_008528.jpg,RDD2022,India,train
India_008530.jpg,1,Alligator Crack,Alligator Crack,0.0943827160493827,data/raw/road_damage/India/India/train/images/India_008530.jpg,RDD2022,India,train
India_008532.jpg,1,Alligator Crack,Alligator Crack,0.1524691358024691,data/raw/road_damage/India/India/train/images/India_008532.jpg,RDD2022,India,train
India_008535.jpg,1,Pothole,Pothole,0.0021643518518518,data/raw/road_damage/India/India/train/images/India_008535.jpg,RDD2022,India,train
India_008540.jpg,1,Longitudinal Crack,Longitudinal Crack,0.0087962962962962,data/raw/road_damage/India/India/train/images/India_008540.jpg,RDD2022,India,train
India_008541.jpg,1,Alligator Crack,Alligator Crack,0.2322530864197531,data/raw/road_damage/India/India/train/images/India_008541.jpg,RDD2022,India,train
India_008544.jpg,1,Pothole,Pothole,0.1727835648148148,data/raw/road_damage/India/India/train/images/India_008544.jpg,RDD2022,India,train
India_008548.jpg,2,Pothole,Pothole,0.1397974537037037,data/raw/road_damage/India/India/train/images/India_008548.jpg,RDD2022,India,train
India_008553.jpg,1,Alligator Crack,Alligator Crack,0.1975231481481481,data/raw/road_damage/India/India/train/images/India_008553.jpg,RDD2022,India,train
India_008557.jpg,1,Pothole,Pothole,0.0043209876543209,data/raw/road_damage/India/India/train/images/India_008557.jpg,RDD2022,India,train
India_008558.jpg,1,Alligator Crack,Alligator Crack,0.1516666666666666,data/raw/road_damage/India/India/train/images/India_008558.jpg,RDD2022,India,train
India_008563.jpg,3,Alligator Crack|Pothole,Alligator Crack,0.1777584876543209,data/raw/road_damage/India/India/train/images/India_008563.jpg,RDD2022,India,train
India_008565.jpg,1,Alligator Crack,Alligator Crack,0.2110223765432098,data/raw/road_damage/India/India/train/images/India_008565.jpg,RDD2022,India,train
India_008569.jpg,1,Pothole,Pothole,0.006670524691358,data/raw/road_damage/India/India/train/images/India_008569.jpg,RDD2022,India,train
India_008572.jpg,3,Alligator Crack|Longitudinal Crack|Pothole,Pothole,0.1648939043209876,data/raw/road_damage/India/India/train/images/India_008572.jpg,RDD2022,India,train
India_008574.jpg,1,Alligator Crack,Alligator Crack,0.0816203703703703,data/raw/road_damage/India/India/train/images/India_008574.jpg,RDD2022,India,train
India_008575.jpg,1,Longitudinal Crack,Longitudinal Crack,0.0037827932098765,data/raw/road_damage/India/India/train/images/India_008575.jpg,RDD2022,India,train
India_008576.jpg,5,Alligator Crack|Pothole,Pothole,0.1194714506172839,data/raw/road_damage/India/India/train/images/India_008576.jpg,RDD2022,India,train
India_008582.jpg,3,Alligator Crack|Longitudinal Crack,Longitudinal Crack,0.1052469135802469,data/raw/road_damage/India/India/train/images/India_008582.jpg,RDD2022,India,train
India_008584.jpg,1,Alligator Crack,Alligator Crack,0.1338734567901234,data/raw/road_damage/India/India/train/images/India_008584.jpg,RDD2022,India,train
India_008585.jpg,1,Alligator Crack,Alligator Crack,0.1092361111111111,data/raw/road_damage/India/India/train/images/India_008585.jpg,RDD2022,India,train
India_008588.jpg,2,Alligator Crack|Longitudinal Crack,Alligator Crack,0.0962962962962963,data/raw/road_damage/India/India/train/images/India_008588.jpg,RDD2022,India,train
India_008592.jpg,2,Longitudinal Crack,Longitudinal Crack,0.1192746913580247,data/raw/road_damage/India/India/train/images/India_008592.jpg,RDD2022,India,train
India_008597.jpg,8,Alligator Crack|Pothole,Pothole,0.6681481481481482,data/raw/road_damage/India/India/train/images/India_008597.jpg,RDD2022,India,train
India_008606.jpg,3,Alligator Crack|Longitudinal Crack,Alligator Crack,0.0639544753086419,data/raw/road_damage/India/India/train/images/India_008606.jpg,RDD2022,India,train
India_008609.jpg,3,Pothole,Pothole,0.0644444444444444,data/raw/road_damage/India/India/train/images/India_008609.jpg,RDD2022,India,train
India_008610.jpg,1,Longitudinal Crack,Longitudinal Crack,0.0435339506172839,data/raw/road_damage/India/India/train/images/India_008610.jpg,RDD2022,India,train
India_008611.jpg,1,Longitudinal Crack,Longitudinal Crack,0.1083217592592592,data/raw/road_damage/India/India/train/images/India_008611.jpg,RDD2022,India,train
India_008616.jpg,2,Longitudinal Crack,Longitudinal Crack,0.0618981481481481,data/raw/road_damage/India/India/train/images/India_008616.jpg,RDD2022,India,train
India_008618.jpg,2,Alligator Crack|Pothole,Pothole,0.2027835648148148,data/raw/road_damage/India/India/train/images/India_008618.jpg,RDD2022,India,train
India_008620.jpg,5,Alligator Crack|Pothole,Pothole,0.1953472222222222,data/raw/road_damage/India/India/train/images/India_008620.jpg,RDD2022,India,train
India_008623.jpg,1,Alligator Crack,Alligator Crack,0.1263927469135802,data/raw/road_damage/India/India/train/images/India_008623.jpg,RDD2022,India,train
India_008627.jpg,2,Pothole,Pothole,0.00625,data/raw/road_damage/India/India/train/images/India_008627.jpg,RDD2022,India,train
India_008632.jpg,2,Pothole,Pothole,0.0042129629629629,data/raw/road_damage/India/India/train/images/India_008632.jpg,RDD2022,India,train
India_008633.jpg,1,Alligator Crack,Alligator Crack,0.0410223765432098,data/raw/road_damage/India/India/train/images/India_008633.jpg,RDD2022,India,train
India_008636.jpg,4,Alligator Crack|Pothole,Pothole,0.4741685956790124,data/raw/road_damage/India/India/train/images/India_008636.jpg,RDD2022,India,train
India_008637.jpg,1,Longitudinal Crack,Longitudinal Crack,0.1070119598765432,data/raw/road_damage/India/India/train/images/India_008637.jpg,RDD2022,India,train
India_008639.jpg,6,Alligator Crack|Pothole,Pothole,0.0408854166666666,data/raw/road_damage/India/India/train/images/India_008639.jpg,RDD2022,India,train
India_008643.jpg,1,Longitudinal Crack,Longitudinal Crack,0.0462924382716049,data/raw/road_damage/India/India/train/images/India_008643.jpg,RDD2022,India,train
India_008649.jpg,1,Longitudinal Crack,Longitudinal Crack,0.0376215277777777,data/raw/road_damage/India/India/train/images/India_008649.jpg,RDD2022,India,train
India_008650.jpg,1,Alligator Crack,Alligator Crack,0.1906905864197531,data/raw/road_damage/India/India/train/images/India_008650.jpg,RDD2022,India,train
India_008652.jpg,7,Pothole,Pothole,0.0273726851851851,data/raw/road_damage/India/India/train/images/India_008652.jpg,RDD2022,India,train
India_008654.jpg,1,Alligator Crack,Alligator Crack,0.1170814043209876,data/raw/road_damage/India/India/train/images/India_008654.jpg,RDD2022,India,train
India_008657.jpg,2,Alligator Crack,Alligator Crack,0.0656442901234568,data/raw/road_damage/India/India/train/images/India_008657.jpg,RDD2022,India,train
India_008658.jpg,3,Alligator Crack|Longitudinal Crack,Longitudinal Crack,0.0868287037037037,data/raw/road_damage/India/India/train/images/India_008658.jpg,RDD2022,India,train
India_008659.jpg,4,Longitudinal Crack|Pothole,Pothole,0.0571759259259259,data/raw/road_damage/India/India/train/images/India_008659.jpg,RDD2022,India,train
India_008661.jpg,2,Pothole,Pothole,0.0126774691358024,data/raw/road_damage/India/India/train/images/India_008661.jpg,RDD2022,India,train
India_008662.jpg,4,Alligator Crack|Pothole,Pothole,0.0456809413580246,data/raw/road_damage/India/India/train/images/India_008662.jpg,RDD2022,India,train
India_008664.jpg,1,Alligator Crack,Alligator Crack,0.048125,data/raw/road_damage/India/India/train/images/India_008664.jpg,RDD2022,India,train
India_008667.jpg,2,Longitudinal Crack|Pothole,Pothole,0.0473823302469135,data/raw/road_damage/India/India/train/images/India_008667.jpg,RDD2022,India,train
India_008670.jpg,3,Pothole,Pothole,0.2292534722222222,data/raw/road_damage/India/India/train/images/India_008670.jpg,RDD2022,India,train
India_008673.jpg,5,Pothole,Pothole,0.0141203703703703,data/raw/road_damage/India/India/train/images/India_008673.jpg,RDD2022,India,train
India_008675.jpg,1,Alligator Crack,Alligator Crack,0.1497067901234567,data/raw/road_damage/India/India/train/images/India_008675.jpg,RDD2022,India,train
India_008676.jpg,3,Alligator Crack|Pothole,Pothole,0.2426736111111111,data/raw/road_damage/India/India/train/images/India_008676.jpg,RDD2022,India,train
India_008677.jpg,1,Pothole,Pothole,0.0067708333333333,data/raw/road_damage/India/India/train/images/India_008677.jpg,RDD2022,India,train
India_008680.jpg,1,Alligator Crack,Alligator Crack,0.1559645061728395,data/raw/road_damage/India/India/train/images/India_008680.jpg,RDD2022,India,train
India_008682.jpg,5,Alligator Crack|Longitudinal Crack|Pothole,Pothole,0.1007908950617283,data/raw/road_damage/India/India/train/images/India_008682.jpg,RDD2022,India,train
India_008684.jpg,2,Alligator Crack|Longitudinal Crack,Alligator Crack,0.1264891975308642,data/raw/road_damage/India/India/train/images/India_008684.jpg,RDD2022,India,train
India_008691.jpg,1,Alligator Crack,Alligator Crack,0.0626388888888888,data/raw/road_damage/India/India/train/images/India_008691.jpg,RDD2022,India,train
India_008694.jpg,6,Pothole,Pothole,0.0118634259259259,data/raw/road_damage/India/India/train/images/India_008694.jpg,RDD2022,India,train
India_008695.jpg,1,Pothole,Pothole,0.0056481481481481,data/raw/road_damage/India/India/train/images/India_008695.jpg,RDD2022,India,train
India_008698.jpg,2,Alligator Crack|Pothole,Alligator Crack,0.0216666666666666,data/raw/road_damage/India/India/train/images/India_008698.jpg,RDD2022,India,train
India_008701.jpg,6,Alligator Crack|Longitudinal Crack|Pothole,Pothole,0.0529475308641975,data/raw/road_damage/India/India/train/images/India_008701.jpg,RDD2022,India,train
India_008703.jpg,4,Alligator Crack|Pothole,Pothole,0.1173958333333333,data/raw/road_damage/India/India/train/images/India_008703.jpg,RDD2022,India,train
India_008704.jpg,3,Alligator Crack,Alligator Crack,0.0275424382716049,data/raw/road_damage/India/India/train/images/India_008704.jpg,RDD2022,India,train
India_008706.jpg,1,Alligator Crack,Alligator Crack,0.1587962962962963,data/raw/road_damage/India/India/train/images/India_008706.jpg,RDD2022,India,train
India_008707.jpg,1,Alligator Crack,Alligator Crack,0.1300077160493827,data/raw/road_damage/India/India/train/images/India_008707.jpg,RDD2022,India,train
India_008711.jpg,1,Alligator Crack,Alligator Crack,0.0737654320987654,data/raw/road_damage/India/India/train/images/India_008711.jpg,RDD2022,India,train
India_008712.jpg,3,Longitudinal Crack|Pothole,Pothole,0.0243981481481481,data/raw/road_damage/India/India/train/images/India_008712.jpg,RDD2022,India,train
India_008715.jpg,1,Alligator Crack,Alligator Crack,0.0833275462962963,data/raw/road_damage/India/India/train/images/India_008715.jpg,RDD2022,India,train
India_008719.jpg,1,Alligator Crack,Alligator Crack,0.0855401234567901,data/raw/road_damage/India/India/train/images/India_008719.jpg,RDD2022,India,train
India_008724.jpg,1,Alligator Crack,Alligator Crack,0.0421836419753086,data/raw/road_damage/India/India/train/images/India_008724.jpg,RDD2022,India,train
India_008726.jpg,1,Pothole,Pothole,0.0110339506172839,data/raw/road_damage/India/India/train/images/India_008726.jpg,RDD2022,India,train
India_008728.jpg,4,Alligator Crack|Pothole,Pothole,0.1869637345679012,data/raw/road_damage/India/India/train/images/India_008728.jpg,RDD2022,India,train
India_008731.jpg,1,Alligator Crack,Alligator Crack,0.1191203703703703,data/raw/road_damage/India/India/train/images/India_008731.jpg,RDD2022,India,train
India_008732.jpg,1,Longitudinal Crack,Longitudinal Crack,0.0257407407407407,data/raw/road_damage/India/India/train/images/India_008732.jpg,RDD2022,India,train
India_008733.jpg,1,Pothole,Pothole,0.1585879629629629,data/raw/road_damage/India/India/train/images/India_008733.jpg,RDD2022,India,train
India_008734.jpg,1,Longitudinal Crack,Longitudinal Crack,0.0054012345679012,data/raw/road_damage/India/India/train/images/India_008734.jpg,RDD2022,India,train
India_008739.jpg,1,Longitudinal Crack,Longitudinal Crack,0.0192418981481481,data/raw/road_damage/India/India/train/images/India_008739.jpg,RDD2022,India,train
India_008745.jpg,3,Alligator Crack,Alligator Crack,0.0960841049382716,data/raw/road_damage/India/India/train/images/India_008745.jpg,RDD2022,India,train
India_008746.jpg,2,Alligator Crack|Pothole,Alligator Crack,0.0572492283950617,data/raw/road_damage/India/India/train/images/India_008746.jpg,RDD2022,India,train
India_008749.jpg,7,Alligator Crack|Longitudinal Crack|Pothole,Pothole,0.0490567129629629,data/raw/road_damage/India/India/train/images/India_008749.jpg,RDD2022,India,train
India_008750.jpg,2,Alligator Crack|Pothole,Alligator Crack,0.0515567129629629,data/raw/road_damage/India/India/train/images/India_008750.jpg,RDD2022,India,train
India_008752.jpg,3,Alligator Crack|Longitudinal Crack|Pothole,Pothole,0.1076388888888889,data/raw/road_damage/India/India/train/images/India_008752.jpg,RDD2022,India,train
India_008755.jpg,1,Longitudinal Crack,Longitudinal Crack,0.0069675925925925,data/raw/road_damage/India/India/train/images/India_008755.jpg,RDD2022,India,train
India_008762.jpg,5,Alligator Crack|Pothole,Pothole,0.1361574074074074,data/raw/road_damage/India/India/train/images/India_008762.jpg,RDD2022,India,train
India_008768.jpg,1,Alligator Crack,Alligator Crack,0.1116435185185185,data/raw/road_damage/India/India/train/images/India_008768.jpg,RDD2022,India,train
India_008771.jpg,2,Pothole,Pothole,0.1518518518518518,data/raw/road_damage/India/India/train/images/India_008771.jpg,RDD2022,India,train
India_008772.jpg,4,Alligator Crack|Longitudinal Crack|Pothole,Longitudinal Crack,0.0859471450617283,data/raw/road_damage/India/India/train/images/India_008772.jpg,RDD2022,India,train
India_008780.jpg,1,Alligator Crack,Alligator Crack,0.0793479938271605,data/raw/road_damage/India/India/train/images/India_008780.jpg,RDD2022,India,train
India_008789.jpg,1,Pothole,Pothole,0.015625,data/raw/road_damage/India/India/train/images/India_008789.jpg,RDD2022,India,train
India_008790.jpg,2,Longitudinal Crack|Transverse Crack,Longitudinal Crack,0.0228298611111111,data/raw/road_damage/India/India/train/images/India_008790.jpg,RDD2022,India,train
India_008792.jpg,1,Alligator Crack,Alligator Crack,0.1359027777777778,data/raw/road_damage/India/India/train/images/India_008792.jpg,RDD2022,India,train
India_008798.jpg,1,Alligator Crack,Alligator Crack,0.1989236111111111,data/raw/road_damage/India/India/train/images/India_008798.jpg,RDD2022,India,train
India_008800.jpg,2,Alligator Crack|Longitudinal Crack,Alligator Crack,0.2239814814814814,data/raw/road_damage/India/India/train/images/India_008800.jpg,RDD2022,India,train
India_008801.jpg,2,Pothole|Transverse Crack,Pothole,0.0849131944444444,data/raw/road_damage/India/India/train/images/India_008801.jpg,RDD2022,India,train
India_008802.jpg,3,Alligator Crack|Longitudinal Crack|Pothole,Alligator Crack,0.0293981481481481,data/raw/road_damage/India/India/train/images/India_008802.jpg,RDD2022,India,train
India_008807.jpg,1,Pothole,Pothole,0.0049189814814814,data/raw/road_damage/India/India/train/images/India_008807.jpg,RDD2022,India,train
India_008809.jpg,1,Longitudinal Crack,Longitudinal Crack,0.0051234567901234,data/raw/road_damage/India/India/train/images/India_008809.jpg,RDD2022,India,train
India_008812.jpg,1,Alligator Crack,Alligator Crack,0.0491898148148148,data/raw/road_damage/India/India/train/images/India_008812.jpg,RDD2022,India,train
India_008813.jpg,2,Longitudinal Crack,Longitudinal Crack,0.0163966049382716,data/raw/road_damage/India/India/train/images/India_008813.jpg,RDD2022,India,train
India_008819.jpg,2,Alligator Crack|Pothole,Alligator Crack,0.0366878858024691,data/raw/road_damage/India/India/train/images/India_008819.jpg,RDD2022,India,train
India_008821.jpg,2,Pothole,Pothole,0.0608641975308641,data/raw/road_damage/India/India/train/images/India_008821.jpg,RDD2022,India,train
India_008826.jpg,7,Alligator Crack|Pothole,Pothole,0.0402314814814814,data/raw/road_damage/India/India/train/images/India_008826.jpg,RDD2022,India,train
India_008829.jpg,1,Alligator Crack,Alligator Crack,0.0445601851851851,data/raw/road_damage/India/India/train/images/India_008829.jpg,RDD2022,India,train
India_008832.jpg,2,Longitudinal Crack,Longitudinal Crack,0.0534799382716049,data/raw/road_damage/India/India/train/images/India_008832.jpg,RDD2022,India,train
India_008839.jpg,1,Longitudinal Crack,Longitudinal Crack,0.0442631172839506,data/raw/road_damage/India/India/train/images/India_008839.jpg,RDD2022,India,train
India_008846.jpg,1,Alligator Crack,Alligator Crack,0.1656095679012345,data/raw/road_damage/India/India/train/images/India_008846.jpg,RDD2022,India,train
India_008851.jpg,1,Alligator Crack,Alligator Crack,0.0362962962962963,data/raw/road_damage/India/India/train/images/India_008851.jpg,RDD2022,India,train
India_008852.jpg,3,Longitudinal Crack|Pothole,Longitudinal Crack,0.0117052469135802,data/raw/road_damage/India/India/train/images/India_008852.jpg,RDD2022,India,train
India_008853.jpg,1,Alligator Crack,Alligator Crack,0.2435493827160494,data/raw/road_damage/India/India/train/images/India_008853.jpg,RDD2022,India,train
India_008854.jpg,1,Longitudinal Crack,Longitudinal Crack,0.0578993055555555,data/raw/road_damage/India/India/train/images/India_008854.jpg,RDD2022,India,train
India_008857.jpg,1,Longitudinal Crack,Longitudinal Crack,0.052866512345679,data/raw/road_damage/India/India/train/images/India_008857.jpg,RDD2022,India,train
India_008860.jpg,14,Longitudinal Crack|Pothole,Pothole,0.0197685185185185,data/raw/road_damage/India/India/train/images/India_008860.jpg,RDD2022,India,train
India_008867.jpg,3,Pothole,Pothole,0.0091820987654321,data/raw/road_damage/India/India/train/images/India_008867.jpg,RDD2022,India,train
India_008870.jpg,1,Pothole,Pothole,0.115113811728395,data/raw/road_damage/India/India/train/images/India_008870.jpg,RDD2022,India,train
India_008872.jpg,4,Alligator Crack|Pothole,Pothole,0.1605555555555555,data/raw/road_damage/India/India/train/images/India_008872.jpg,RDD2022,India,train
India_008878.jpg,1,Alligator Crack,Alligator Crack,0.0933333333333333,data/raw/road_damage/India/India/train/images/India_008878.jpg,RDD2022,India,train
India_008881.jpg,7,Alligator Crack|Longitudinal Crack|Pothole|Transverse Crack,Pothole,0.051466049382716,data/raw/road_damage/India/India/train/images/India_008881.jpg,RDD2022,India,train
India_008886.jpg,1,Alligator Crack,Alligator Crack,0.1248842592592592,data/raw/road_damage/India/India/train/images/India_008886.jpg,RDD2022,India,train
India_008889.jpg,1,Longitudinal Crack,Longitudinal Crack,0.0255555555555555,data/raw/road_damage/India/India/train/images/India_008889.jpg,RDD2022,India,train
India_008893.jpg,1,Alligator Crack,Alligator Crack,0.1979320987654321,data/raw/road_damage/India/India/train/images/India_008893.jpg,RDD2022,India,train
India_008904.jpg,2,Longitudinal Crack,Longitudinal Crack,0.0091743827160493,data/raw/road_damage/India/India/train/images/India_008904.jpg,RDD2022,India,train
India_008906.jpg,3,Alligator Crack|Longitudinal Crack|Pothole,Pothole,0.10640625,data/raw/road_damage/India/India/train/images/India_008906.jpg,RDD2022,India,train
India_008909.jpg,1,Alligator Crack,Alligator Crack,0.0670833333333333,data/raw/road_damage/India/India/train/images/India_008909.jpg,RDD2022,India,train
India_008915.jpg,1,Pothole,Pothole,0.1566435185185185,data/raw/road_damage/India/India/train/images/India_008915.jpg,RDD2022,India,train
India_008918.jpg,1,Alligator Crack,Alligator Crack,0.2235918209876543,data/raw/road_damage/India/India/train/images/India_008918.jpg,RDD2022,India,train
India_008925.jpg,2,Longitudinal Crack|Pothole,Longitudinal Crack,0.024375,data/raw/road_damage/India/India/train/images/India_008925.jpg,RDD2022,India,train
India_008926.jpg,2,Alligator Crack|Pothole,Pothole,0.0339429012345679,data/raw/road_damage/India/India/train/images/India_008926.jpg,RDD2022,India,train
India_008927.jpg,4,Longitudinal Crack|Pothole,Pothole,0.0531481481481481,data/raw/road_damage/India/India/train/images/India_008927.jpg,RDD2022,India,train
India_008928.jpg,2,Alligator Crack,Alligator Crack,0.0448784722222222,data/raw/road_damage/India/India/train/images/India_008928.jpg,RDD2022,India,train
India_008933.jpg,2,Pothole,Pothole,0.1238695987654321,data/raw/road_damage/India/India/train/images/India_008933.jpg,RDD2022,India,train
India_008940.jpg,3,Alligator Crack|Longitudinal Crack,Alligator Crack,0.1148032407407407,data/raw/road_damage/India/India/train/images/India_008940.jpg,RDD2022,India,train
India_008942.jpg,1,Pothole,Pothole,0.0627854938271604,data/raw/road_damage/India/India/train/images/India_008942.jpg,RDD2022,India,train
India_008944.jpg,1,Pothole,Pothole,0.0249537037037037,data/raw/road_damage/India/India/train/images/India_008944.jpg,RDD2022,India,train
India_008947.jpg,3,Longitudinal Crack,Longitudinal Crack,0.0727237654320987,data/raw/road_damage/India/India/train/images/India_008947.jpg,RDD2022,India,train
India_008948.jpg,2,Pothole,Pothole,0.0162037037037037,data/raw/road_damage/India/India/train/images/India_008948.jpg,RDD2022,India,train
India_008950.jpg,2,Pothole,Pothole,0.0338657407407407,data/raw/road_damage/India/India/train/images/India_008950.jpg,RDD2022,India,train
India_008952.jpg,1,Alligator Crack,Alligator Crack,0.1429108796296296,data/raw/road_damage/India/India/train/images/India_008952.jpg,RDD2022,India,train
India_008953.jpg,4,Alligator Crack|Pothole,Pothole,0.1827932098765432,data/raw/road_damage/India/India/train/images/India_008953.jpg,RDD2022,India,train
India_008957.jpg,4,Pothole,Pothole,0.0350578703703703,data/raw/road_damage/India/India/train/images/India_008957.jpg,RDD2022,India,train
India_008960.jpg,1,Alligator Crack,Alligator Crack,0.0687037037037037,data/raw/road_damage/India/India/train/images/India_008960.jpg,RDD2022,India,train
India_008963.jpg,1,Pothole,Pothole,0.0283391203703703,data/raw/road_damage/India/India/train/images/India_008963.jpg,RDD2022,India,train
India_008969.jpg,4,Alligator Crack|Longitudinal Crack|Pothole,Alligator Crack,0.0447800925925925,data/raw/road_damage/India/India/train/images/India_008969.jpg,RDD2022,India,train
India_008971.jpg,7,Alligator Crack|Longitudinal Crack|Pothole,Longitudinal Crack,0.2800925925925926,data/raw/road_damage/India/India/train/images/India_008971.jpg,RDD2022,India,train
India_008976.jpg,2,Longitudinal Crack,Longitudinal Crack,0.1023148148148148,data/raw/road_damage/India/India/train/images/India_008976.jpg,RDD2022,India,train
India_008977.jpg,1,Alligator Crack,Alligator Crack,0.0307291666666666,data/raw/road_damage/India/India/train/images/India_008977.jpg,RDD2022,India,train
India_008982.jpg,1,Alligator Crack,Alligator Crack,0.57640625,data/raw/road_damage/India/India/train/images/India_008982.jpg,RDD2022,India,train
India_008984.jpg,2,Pothole,Pothole,0.0198784722222222,data/raw/road_damage/India/India/train/images/India_008984.jpg,RDD2022,India,train
India_008985.jpg,1,Alligator Crack,Alligator Crack,0.0997993827160493,data/raw/road_damage/India/India/train/images/India_008985.jpg,RDD2022,India,train
India_008986.jpg,1,Alligator Crack,Alligator Crack,0.1029899691358024,data/raw/road_damage/India/India/train/images/India_008986.jpg,RDD2022,India,train
India_008988.jpg,6,Longitudinal Crack|Pothole,Pothole,0.02078125,data/raw/road_damage/India/India/train/images/India_008988.jpg,RDD2022,India,train
India_008989.jpg,3,Alligator Crack|Longitudinal Crack,Longitudinal Crack,0.0463194444444444,data/raw/road_damage/India/India/train/images/India_008989.jpg,RDD2022,India,train
India_008990.jpg,1,Alligator Crack,Alligator Crack,0.1911419753086419,data/raw/road_damage/India/India/train/images/India_008990.jpg,RDD2022,India,train
India_008991.jpg,1,Pothole,Pothole,0.0050636574074074,data/raw/road_damage/India/India/train/images/India_008991.jpg,RDD2022,India,train
India_008993.jpg,1,Alligator Crack,Alligator Crack,0.1681172839506172,data/raw/road_damage/India/India/train/images/India_008993.jpg,RDD2022,India,train
India_008997.jpg,1,Alligator Crack,Alligator Crack,0.2258969907407407,data/raw/road_damage/India/India/train/images/India_008997.jpg,RDD2022,India,train
India_008998.jpg,1,Alligator Crack,Alligator Crack,0.0363310185185185,data/raw/road_damage/India/India/train/images/India_008998.jpg,RDD2022,India,train
India_008999.jpg,1,Longitudinal Crack,Longitudinal Crack,0.0044791666666666,data/raw/road_damage/India/India/train/images/India_008999.jpg,RDD2022,India,train
India_009000.jpg,1,Alligator Crack,Alligator Crack,0.0763831018518518,data/raw/road_damage/India/India/train/images/India_009000.jpg,RDD2022,India,train
India_009001.jpg,5,Alligator Crack|Pothole,Alligator Crack,0.048028549382716,data/raw/road_damage/India/India/train/images/India_009001.jpg,RDD2022,India,train
India_009002.jpg,3,Longitudinal Crack,Longitudinal Crack,0.0782407407407407,data/raw/road_damage/India/India/train/images/India_009002.jpg,RDD2022,India,train
India_009004.jpg,1,Alligator Crack,Alligator Crack,0.0671296296296296,data/raw/road_damage/India/India/train/images/India_009004.jpg,RDD2022,India,train
India_009009.jpg,7,Alligator Crack|Pothole,Pothole,0.2692554012345679,data/raw/road_damage/India/India/train/images/India_009009.jpg,RDD2022,India,train
India_009010.jpg,1,Alligator Crack,Alligator Crack,0.1654320987654321,data/raw/road_damage/India/India/train/images/India_009010.jpg,RDD2022,India,train
India_009011.jpg,1,Pothole,Pothole,0.0062210648148148,data/raw/road_damage/India/India/train/images/India_009011.jpg,RDD2022,India,train
India_009013.jpg,2,Alligator Crack|Pothole,Pothole,0.1478356481481481,data/raw/road_damage/India/India/train/images/India_009013.jpg,RDD2022,India,train
India_009017.jpg,3,Pothole,Pothole,0.0251736111111111,data/raw/road_damage/India/India/train/images/India_009017.jpg,RDD2022,India,train
India_009018.jpg,1,Alligator Crack,Alligator Crack,0.1426041666666666,data/raw/road_damage/India/India/train/images/India_009018.jpg,RDD2022,India,train
India_009021.jpg,1,Longitudinal Crack,Longitudinal Crack,0.0193441358024691,data/raw/road_damage/India/India/train/images/India_009021.jpg,RDD2022,India,train
India_009023.jpg,3,Pothole,Pothole,0.0098842592592592,data/raw/road_damage/India/India/train/images/India_009023.jpg,RDD2022,India,train
India_009029.jpg,1,Alligator Crack,Alligator Crack,0.1294328703703703,data/raw/road_damage/India/India/train/images/India_009029.jpg,RDD2022,India,train
India_009038.jpg,2,Alligator Crack|Longitudinal Crack,Longitudinal Crack,0.1217380401234567,data/raw/road_damage/India/India/train/images/India_009038.jpg,RDD2022,India,train
India_009039.jpg,1,Alligator Crack,Alligator Crack,0.2219907407407407,data/raw/road_damage/India/India/train/images/India_009039.jpg,RDD2022,India,train
India_009041.jpg,5,Alligator Crack|Pothole,Pothole,0.239429012345679,data/raw/road_damage/India/India/train/images/India_009041.jpg,RDD2022,India,train
India_009042.jpg,1,Longitudinal Crack,Longitudinal Crack,0.005378086419753,data/raw/road_damage/India/India/train/images/India_009042.jpg,RDD2022,India,train
India_009046.jpg,1,Alligator Crack,Alligator Crack,0.1117611882716049,data/raw/road_damage/India/India/train/images/India_009046.jpg,RDD2022,India,train
India_009051.jpg,7,Alligator Crack|Pothole,Pothole,0.1947858796296296,data/raw/road_damage/India/India/train/images/India_009051.jpg,RDD2022,India,train
India_009054.jpg,1,Pothole,Pothole,0.0559027777777777,data/raw/road_damage/India/India/train/images/India_009054.jpg,RDD2022,India,train
India_009055.jpg,1,Alligator Crack,Alligator Crack,0.1794270833333333,data/raw/road_damage/India/India/train/images/India_009055.jpg,RDD2022,India,train
India_009063.jpg,1,Alligator Crack,Alligator Crack,0.1197608024691358,data/raw/road_damage/India/India/train/images/India_009063.jpg,RDD2022,India,train
India_009064.jpg,1,Alligator Crack,Alligator Crack,0.0381462191358024,data/raw/road_damage/India/India/train/images/India_009064.jpg,RDD2022,India,train
India_009065.jpg,1,Pothole,Pothole,0.0033101851851851,data/raw/road_damage/India/India/train/images/India_009065.jpg,RDD2022,India,train
India_009066.jpg,1,Alligator Crack,Alligator Crack,0.0867669753086419,data/raw/road_damage/India/India/train/images/India_009066.jpg,RDD2022,India,train
India_009068.jpg,1,Alligator Crack,Alligator Crack,0.2348726851851852,data/raw/road_damage/India/India/train/images/India_009068.jpg,RDD2022,India,train
India_009071.jpg,2,Pothole,Pothole,0.00609375,data/raw/road_damage/India/India/train/images/India_009071.jpg,RDD2022,India,train
India_009074.jpg,1,Longitudinal Crack,Longitudinal Crack,0.0283564814814814,data/raw/road_damage/India/India/train/images/India_009074.jpg,RDD2022,India,train
India_009075.jpg,2,Alligator Crack,Alligator Crack,0.0917824074074074,data/raw/road_damage/India/India/train/images/India_009075.jpg,RDD2022,India,train
India_009077.jpg,1,Alligator Crack,Alligator Crack,0.1971141975308642,data/raw/road_damage/India/India/train/images/India_009077.jpg,RDD2022,India,train
India_009080.jpg,1,Pothole,Pothole,0.1073302469135802,data/raw/road_damage/India/India/train/images/India_009080.jpg,RDD2022,India,train
India_009095.jpg,1,Alligator Crack,Alligator Crack,0.1667283950617284,data/raw/road_damage/India/India/train/images/India_009095.jpg,RDD2022,India,train
India_009096.jpg,1,Alligator Crack,Alligator Crack,0.0273919753086419,data/raw/road_damage/India/India/train/images/India_009096.jpg,RDD2022,India,train
India_009097.jpg,7,Alligator Crack|Longitudinal Crack|Pothole,Pothole,0.0590123456790123,data/raw/road_damage/India/India/train/images/India_009097.jpg,RDD2022,India,train
India_009100.jpg,3,Alligator Crack|Pothole,Alligator Crack,0.1761612654320987,data/raw/road_damage/India/India/train/images/India_009100.jpg,RDD2022,India,train
India_009107.jpg,1,Alligator Crack,Alligator Crack,0.0324440586419753,data/raw/road_damage/India/India/train/images/India_009107.jpg,RDD2022,India,train
India_009108.jpg,2,Alligator Crack|Longitudinal Crack,Alligator Crack,0.1021643518518518,data/raw/road_damage/India/India/train/images/India_009108.jpg,RDD2022,India,train
India_009112.jpg,1,Alligator Crack,Alligator Crack,0.0829012345679012,data/raw/road_damage/India/India/train/images/India_009112.jpg,RDD2022,India,train
India_009117.jpg,5,Pothole,Pothole,0.0125,data/raw/road_damage/India/India/train/images/India_009117.jpg,RDD2022,India,train
India_009119.jpg,2,Alligator Crack,Alligator Crack,0.1009085648148148,data/raw/road_damage/India/India/train/images/India_009119.jpg,RDD2022,India,train
India_009122.jpg,2,Longitudinal Crack|Pothole,Pothole,0.0223456790123456,data/raw/road_damage/India/India/train/images/India_009122.jpg,RDD2022,India,train
India_009123.jpg,2,Pothole,Pothole,0.0310648148148148,data/raw/road_damage/India/India/train/images/India_009123.jpg,RDD2022,India,train
India_009127.jpg,1,Alligator Crack,Alligator Crack,0.0644502314814814,data/raw/road_damage/India/India/train/images/India_009127.jpg,RDD2022,India,train
India_009128.jpg,1,Alligator Crack,Alligator Crack,0.1536921296296296,data/raw/road_damage/India/India/train/images/India_009128.jpg,RDD2022,India,train
India_009129.jpg,3,Pothole,Pothole,0.2604629629629629,data/raw/road_damage/India/India/train/images/India_009129.jpg,RDD2022,India,train
India_009131.jpg,3,Pothole,Pothole,0.0277777777777777,data/raw/road_damage/India/India/train/images/India_009131.jpg,RDD2022,India,train
India_009132.jpg,1,Alligator Crack,Alligator Crack,0.1101948302469135,data/raw/road_damage/India/India/train/images/India_009132.jpg,RDD2022,India,train
India_009133.jpg,3,Alligator Crack|Longitudinal Crack,Longitudinal Crack,0.068503086419753,data/raw/road_damage/India/India/train/images/India_009133.jpg,RDD2022,India,train
India_009134.jpg,1,Longitudinal Crack,Longitudinal Crack,0.0805709876543209,data/raw/road_damage/India/India/train/images/India_009134.jpg,RDD2022,India,train
India_009138.jpg,3,Pothole,Pothole,0.0027970679012345,data/raw/road_damage/India/India/train/images/India_009138.jpg,RDD2022,India,train
India_009142.jpg,2,Pothole,Pothole,0.0102044753086419,data/raw/road_damage/India/India/train/images/India_009142.jpg,RDD2022,India,train
India_009144.jpg,1,Pothole,Pothole,0.1788888888888888,data/raw/road_damage/India/India/train/images/India_009144.jpg,RDD2022,India,train
India_009147.jpg,1,Alligator Crack,Alligator Crack,0.1727237654320987,data/raw/road_damage/India/India/train/images/India_009147.jpg,RDD2022,India,train
India_009148.jpg,7,Longitudinal Crack|Pothole,Pothole,0.0357156635802469,data/raw/road_damage/India/India/train/images/India_009148.jpg,RDD2022,India,train
India_009151.jpg,2,Longitudinal Crack|Pothole,Pothole,0.0267573302469135,data/raw/road_damage/India/India/train/images/India_009151.jpg,RDD2022,India,train
India_009153.jpg,4,Pothole,Pothole,0.0294097222222222,data/raw/road_damage/India/India/train/images/India_009153.jpg,RDD2022,India,train
India_009157.jpg,2,Longitudinal Crack|Pothole,Pothole,0.0202314814814814,data/raw/road_damage/India/India/train/images/India_009157.jpg,RDD2022,India,train
India_009159.jpg,2,Alligator Crack,Alligator Crack,0.0410011574074074,data/raw/road_damage/India/India/train/images/India_009159.jpg,RDD2022,India,train
India_009161.jpg,5,Longitudinal Crack|Pothole,Pothole,0.007770061728395,data/raw/road_damage/India/India/train/images/India_009161.jpg,RDD2022,India,train
India_009163.jpg,2,Alligator Crack|Pothole,Pothole,0.0068209876543209,data/raw/road_damage/India/India/train/images/India_009163.jpg,RDD2022,India,train
India_009164.jpg,1,Alligator Crack,Alligator Crack,0.16921875,data/raw/road_damage/India/India/train/images/India_009164.jpg,RDD2022,India,train
India_009165.jpg,2,Longitudinal Crack,Longitudinal Crack,0.0018132716049382,data/raw/road_damage/India/India/train/images/India_009165.jpg,RDD2022,India,train
India_009167.jpg,3,Alligator Crack|Longitudinal Crack,Longitudinal Crack,0.0596894290123456,data/raw/road_damage/India/India/train/images/India_009167.jpg,RDD2022,India,train
India_009171.jpg,8,Alligator Crack|Pothole,Pothole,0.0170679012345679,data/raw/road_damage/India/India/train/images/India_009171.jpg,RDD2022,India,train
India_009172.jpg,2,Alligator Crack,Alligator Crack,0.1360185185185185,data/raw/road_damage/India/India/train/images/India_009172.jpg,RDD2022,India,train
India_009173.jpg,2,Pothole,Pothole,0.0592862654320987,data/raw/road_damage/India/India/train/images/India_009173.jpg,RDD2022,India,train
India_009175.jpg,1,Longitudinal Crack,Longitudinal Crack,0.042565586419753,data/raw/road_damage/India/India/train/images/India_009175.jpg,RDD2022,India,train
India_009177.jpg,1,Pothole,Pothole,0.0094521604938271,data/raw/road_damage/India/India/train/images/India_009177.jpg,RDD2022,India,train
India_009178.jpg,3,Alligator Crack|Longitudinal Crack,Alligator Crack,0.0461805555555555,data/raw/road_damage/India/India/train/images/India_009178.jpg,RDD2022,India,train
India_009180.jpg,3,Alligator Crack|Pothole,Pothole,0.119693287037037,data/raw/road_damage/India/India/train/images/India_009180.jpg,RDD2022,India,train
India_009184.jpg,1,Alligator Crack,Alligator Crack,0.0478337191358024,data/raw/road_damage/India/India/train/images/India_009184.jpg,RDD2022,India,train
India_009185.jpg,3,Alligator Crack|Longitudinal Crack|Pothole,Alligator Crack,0.0887692901234567,data/raw/road_damage/India/India/train/images/India_009185.jpg,RDD2022,India,train
India_009193.jpg,1,Alligator Crack,Alligator Crack,0.1156944444444444,data/raw/road_damage/India/India/train/images/India_009193.jpg,RDD2022,India,train
India_009205.jpg,1,Pothole,Pothole,0.0220833333333333,data/raw/road_damage/India/India/train/images/India_009205.jpg,RDD2022,India,train
India_009212.jpg,2,Alligator Crack|Longitudinal Crack,Alligator Crack,0.1029166666666666,data/raw/road_damage/India/India/train/images/India_009212.jpg,RDD2022,India,train
India_009213.jpg,7,Alligator Crack|Longitudinal Crack|Pothole,Pothole,0.0464351851851851,data/raw/road_damage/India/India/train/images/India_009213.jpg,RDD2022,India,train
India_009214.jpg,3,Alligator Crack|Longitudinal Crack,Longitudinal Crack,0.0652449845679012,data/raw/road_damage/India/India/train/images/India_009214.jpg,RDD2022,India,train
India_009215.jpg,3,Longitudinal Crack,Longitudinal Crack,0.0119444444444444,data/raw/road_damage/India/India/train/images/India_009215.jpg,RDD2022,India,train
India_009221.jpg,2,Alligator Crack|Pothole,Alligator Crack,0.1646026234567901,data/raw/road_damage/India/India/train/images/India_009221.jpg,RDD2022,India,train
India_009225.jpg,6,Alligator Crack|Pothole,Pothole,0.1808101851851851,data/raw/road_damage/India/India/train/images/India_009225.jpg,RDD2022,India,train
India_009226.jpg,8,Pothole,Pothole,0.0434760802469135,data/raw/road_damage/India/India/train/images/India_009226.jpg,RDD2022,India,train
India_009229.jpg,1,Alligator Crack,Alligator Crack,0.2018981481481481,data/raw/road_damage/India/India/train/images/India_009229.jpg,RDD2022,India,train
India_009240.jpg,1,Alligator Crack,Alligator Crack,0.0464004629629629,data/raw/road_damage/India/India/train/images/India_009240.jpg,RDD2022,India,train
India_009245.jpg,3,Alligator Crack|Longitudinal Crack|Pothole,Pothole,0.0706327160493827,data/raw/road_damage/India/India/train/images/India_009245.jpg,RDD2022,India,train
India_009249.jpg,2,Pothole,Pothole,0.0111111111111111,data/raw/road_damage/India/India/train/images/India_009249.jpg,RDD2022,India,train
India_009250.jpg,2,Pothole,Pothole,0.0037345679012345,data/raw/road_damage/India/India/train/images/India_009250.jpg,RDD2022,India,train
India_009251.jpg,4,Alligator Crack|Longitudinal Crack|Pothole,Pothole,0.045,data/raw/road_damage/India/India/train/images/India_009251.jpg,RDD2022,India,train
India_009254.jpg,4,Pothole,Pothole,0.0720254629629629,data/raw/road_damage/India/India/train/images/India_009254.jpg,RDD2022,India,train
India_009260.jpg,1,Longitudinal Crack,Longitudinal Crack,0.0285879629629629,data/raw/road_damage/India/India/train/images/India_009260.jpg,RDD2022,India,train
India_009262.jpg,1,Alligator Crack,Alligator Crack,0.1113445216049382,data/raw/road_damage/India/India/train/images/India_009262.jpg,RDD2022,India,train
India_009263.jpg,1,Alligator Crack,Alligator Crack,0.290625,data/raw/road_damage/India/India/train/images/India_009263.jpg,RDD2022,India,train
India_009268.jpg,4,Alligator Crack|Pothole,Pothole,0.1305555555555555,data/raw/road_damage/India/India/train/images/India_009268.jpg,RDD2022,India,train
India_009269.jpg,3,Alligator Crack|Longitudinal Crack|Pothole,Alligator Crack,0.1744965277777777,data/raw/road_damage/India/India/train/images/India_009269.jpg,RDD2022,India,train
India_009271.jpg,1,Longitudinal Crack,Longitudinal Crack,0.0141203703703703,data/raw/road_damage/India/India/train/images/India_009271.jpg,RDD2022,India,train
India_009272.jpg,4,Alligator Crack|Longitudinal Crack|Pothole,Longitudinal Crack,0.41890625,data/raw/road_damage/India/India/train/images/India_009272.jpg,RDD2022,India,train
India_009279.jpg,2,Pothole,Pothole,0.06109375,data/raw/road_damage/India/India/train/images/India_009279.jpg,RDD2022,India,train
India_009281.jpg,1,Pothole,Pothole,0.018503086419753,data/raw/road_damage/India/India/train/images/India_009281.jpg,RDD2022,India,train
India_009282.jpg,1,Longitudinal Crack,Longitudinal Crack,0.0209259259259259,data/raw/road_damage/India/India/train/images/India_009282.jpg,RDD2022,India,train
India_009283.jpg,2,Alligator Crack|Longitudinal Crack,Longitudinal Crack,0.2420833333333333,data/raw/road_damage/India/India/train/images/India_009283.jpg,RDD2022,India,train
India_009284.jpg,1,Alligator Crack,Alligator Crack,0.1173206018518518,data/raw/road_damage/India/India/train/images/India_009284.jpg,RDD2022,India,train
India_009287.jpg,1,Pothole,Pothole,0.0029706790123456,data/raw/road_damage/India/India/train/images/India_009287.jpg,RDD2022,India,train
India_009290.jpg,2,Alligator Crack,Alligator Crack,0.0214004629629629,data/raw/road_damage/India/India/train/images/India_009290.jpg,RDD2022,India,train
India_009294.jpg,2,Alligator Crack|Longitudinal Crack,Alligator Crack,0.5925308641975309,data/raw/road_damage/India/India/train/images/India_009294.jpg,RDD2022,India,train
India_009297.jpg,3,Alligator Crack|Longitudinal Crack,Alligator Crack,0.1129398148148148,data/raw/road_damage/India/India/train/images/India_009297.jpg,RDD2022,India,train
India_009303.jpg,1,Pothole,Pothole,0.0972993827160493,data/raw/road_damage/India/India/train/images/India_009303.jpg,RDD2022,India,train
India_009304.jpg,2,Alligator Crack|Longitudinal Crack,Alligator Crack,0.2480555555555555,data/raw/road_damage/India/India/train/images/India_009304.jpg,RDD2022,India,train
India_009311.jpg,1,Pothole,Pothole,0.0014274691358024,data/raw/road_damage/India/India/train/images/India_009311.jpg,RDD2022,India,train
India_009317.jpg,3,Alligator Crack|Pothole,Alligator Crack,0.0784259259259259,data/raw/road_damage/India/India/train/images/India_009317.jpg,RDD2022,India,train
India_009318.jpg,3,Alligator Crack|Pothole,Alligator Crack,0.0788425925925925,data/raw/road_damage/India/India/train/images/India_009318.jpg,RDD2022,India,train
India_009320.jpg,1,Longitudinal Crack,Longitudinal Crack,0.0163966049382716,data/raw/road_damage/India/India/train/images/India_009320.jpg,RDD2022,India,train
India_009329.jpg,3,Longitudinal Crack|Pothole,Longitudinal Crack,0.0174421296296296,data/raw/road_damage/India/India/train/images/India_009329.jpg,RDD2022,India,train
India_009331.jpg,1,Longitudinal Crack,Longitudinal Crack,0.0218672839506172,data/raw/road_damage/India/India/train/images/India_009331.jpg,RDD2022,India,train
India_009335.jpg,1,Alligator Crack,Alligator Crack,0.0096064814814814,data/raw/road_damage/India/India/train/images/India_009335.jpg,RDD2022,India,train
India_009337.jpg,2,Pothole|Transverse Crack,Transverse Crack,0.0357484567901234,data/raw/road_damage/India/India/train/images/India_009337.jpg,RDD2022,India,train
India_009338.jpg,1,Alligator Crack,Alligator Crack,0.0252507716049382,data/raw/road_damage/India/India/train/images/India_009338.jpg,RDD2022,India,train
India_009339.jpg,2,Alligator Crack|Pothole,Alligator Crack,0.2459722222222222,data/raw/road_damage/India/India/train/images/India_009339.jpg,RDD2022,India,train
India_009340.jpg,3,Alligator Crack,Alligator Crack,0.0627777777777777,data/raw/road_damage/India/India/train/images/India_009340.jpg,RDD2022,India,train
India_009346.jpg,2,Pothole,Pothole,0.0331828703703703,data/raw/road_damage/India/India/train/images/India_009346.jpg,RDD2022,India,train
India_009348.jpg,2,Longitudinal Crack|Pothole,Pothole,0.0060069444444444,data/raw/road_damage/India/India/train/images/India_009348.jpg,RDD2022,India,train
India_009349.jpg,1,Alligator Crack,Alligator Crack,0.1122800925925926,data/raw/road_damage/India/India/train/images/India_009349.jpg,RDD2022,India,train
India_009353.jpg,1,Longitudinal Crack,Longitudinal Crack,0.0956597222222222,data/raw/road_damage/India/India/train/images/India_009353.jpg,RDD2022,India,train
India_009358.jpg,1,Alligator Crack,Alligator Crack,0.1344810956790123,data/raw/road_damage/India/India/train/images/India_009358.jpg,RDD2022,India,train
India_009359.jpg,1,Pothole,Pothole,0.0084876543209876,data/raw/road_damage/India/India/train/images/India_009359.jpg,RDD2022,India,train
India_009370.jpg,2,Alligator Crack|Longitudinal Crack,Longitudinal Crack,0.1498070987654321,data/raw/road_damage/India/India/train/images/India_009370.jpg,RDD2022,India,train
India_009373.jpg,1,Alligator Crack,Alligator Crack,0.1485339506172839,data/raw/road_damage/India/India/train/images/India_009373.jpg,RDD2022,India,train
India_009376.jpg,4,Alligator Crack|Pothole,Pothole,0.1823302469135802,data/raw/road_damage/India/India/train/images/India_009376.jpg,RDD2022,India,train
India_009377.jpg,1,Pothole,Pothole,0.0234375,data/raw/road_damage/India/India/train/images/India_009377.jpg,RDD2022,India,train
India_009380.jpg,1,Pothole,Pothole,0.0042881944444444,data/raw/road_damage/India/India/train/images/India_009380.jpg,RDD2022,India,train
India_009381.jpg,4,Longitudinal Crack|Pothole,Pothole,0.0088310185185185,data/raw/road_damage/India/India/train/images/India_009381.jpg,RDD2022,India,train
India_009385.jpg,1,Alligator Crack,Alligator Crack,0.1410435956790123,data/raw/road_damage/India/India/train/images/India_009385.jpg,RDD2022,India,train
India_009389.jpg,4,Longitudinal Crack|Pothole,Pothole,0.0333294753086419,data/raw/road_damage/India/India/train/images/India_009389.jpg,RDD2022,India,train
India_009391.jpg,2,Pothole,Pothole,0.0328125,data/raw/road_damage/India/India/train/images/India_009391.jpg,RDD2022,India,train
India_009392.jpg,2,Alligator Crack|Pothole,Pothole,0.0413425925925925,data/raw/road_damage/India/India/train/images/India_009392.jpg,RDD2022,India,train
India_009394.jpg,1,Alligator Crack,Alligator Crack,0.1930652006172839,data/raw/road_damage/India/India/train/images/India_009394.jpg,RDD2022,India,train
India_009397.jpg,1,Pothole,Pothole,0.0233101851851851,data/raw/road_damage/India/India/train/images/India_009397.jpg,RDD2022,India,train
India_009406.jpg,2,Pothole,Pothole,0.1067361111111111,data/raw/road_damage/India/India/train/images/India_009406.jpg,RDD2022,India,train
India_009408.jpg,2,Longitudinal Crack,Longitudinal Crack,0.0110339506172839,data/raw/road_damage/India/India/train/images/India_009408.jpg,RDD2022,India,train
India_009415.jpg,2,Pothole,Pothole,0.0057175925925925,data/raw/road_damage/India/India/train/images/India_009415.jpg,RDD2022,India,train
India_009419.jpg,1,Alligator Crack,Alligator Crack,0.0755208333333333,data/raw/road_damage/India/India/train/images/India_009419.jpg,RDD2022,India,train
India_009421.jpg,1,Alligator Crack,Alligator Crack,0.2319155092592592,data/raw/road_damage/India/India/train/images/India_009421.jpg,RDD2022,India,train
India_009423.jpg,2,Alligator Crack|Longitudinal Crack,Alligator Crack,0.0484375,data/raw/road_damage/India/India/train/images/India_009423.jpg,RDD2022,India,train
India_009425.jpg,1,Longitudinal Crack,Longitudinal Crack,0.0254629629629629,data/raw/road_damage/India/India/train/images/India_009425.jpg,RDD2022,India,train
India_009426.jpg,2,Longitudinal Crack|Pothole,Longitudinal Crack,0.0336921296296296,data/raw/road_damage/India/India/train/images/India_009426.jpg,RDD2022,India,train
India_009428.jpg,2,Alligator Crack|Longitudinal Crack,Alligator Crack,0.0634259259259259,data/raw/road_damage/India/India/train/images/India_009428.jpg,RDD2022,India,train
India_009429.jpg,1,Alligator Crack,Alligator Crack,0.148804012345679,data/raw/road_damage/India/India/train/images/India_009429.jpg,RDD2022,India,train
India_009430.jpg,4,Alligator Crack|Pothole,Pothole,0.0731520061728395,data/raw/road_damage/India/India/train/images/India_009430.jpg,RDD2022,India,train
India_009433.jpg,3,Alligator Crack|Longitudinal Crack,Longitudinal Crack,0.0624305555555555,data/raw/road_damage/India/India/train/images/India_009433.jpg,RDD2022,India,train
India_009434.jpg,6,Alligator Crack|Longitudinal Crack|Pothole,Pothole,0.1579861111111111,data/raw/road_damage/India/India/train/images/India_009434.jpg,RDD2022,India,train
India_009435.jpg,2,Alligator Crack|Pothole,Alligator Crack,0.2174537037037037,data/raw/road_damage/India/India/train/images/India_009435.jpg,RDD2022,India,train
India_009436.jpg,7,Pothole,Pothole,0.0279513888888888,data/raw/road_damage/India/India/train/images/India_009436.jpg,RDD2022,India,train
India_009439.jpg,2,Alligator Crack|Longitudinal Crack,Longitudinal Crack,0.3164043209876543,data/raw/road_damage/India/India/train/images/India_009439.jpg,RDD2022,India,train
India_009441.jpg,2,Pothole,Pothole,0.0062191358024691,data/raw/road_damage/India/India/train/images/India_009441.jpg,RDD2022,India,train
India_009442.jpg,3,Alligator Crack|Longitudinal Crack,Longitudinal Crack,0.1111111111111111,data/raw/road_damage/India/India/train/images/India_009442.jpg,RDD2022,India,train
India_009445.jpg,1,Alligator Crack,Alligator Crack,0.0184953703703703,data/raw/road_damage/India/India/train/images/India_009445.jpg,RDD2022,India,train
India_009446.jpg,1,Longitudinal Crack,Longitudinal Crack,0.0305015432098765,data/raw/road_damage/India/India/train/images/India_009446.jpg,RDD2022,India,train
India_009447.jpg,1,Alligator Crack,Alligator Crack,0.0249884259259259,data/raw/road_damage/India/India/train/images/India_009447.jpg,RDD2022,India,train
India_009448.jpg,1,Pothole,Pothole,0.0244270833333333,data/raw/road_damage/India/India/train/images/India_009448.jpg,RDD2022,India,train
India_009449.jpg,3,Longitudinal Crack,Longitudinal Crack,0.0166107253086419,data/raw/road_damage/India/India/train/images/India_009449.jpg,RDD2022,India,train
India_009451.jpg,1,Alligator Crack,Alligator Crack,0.0905536265432098,data/raw/road_damage/India/India/train/images/India_009451.jpg,RDD2022,India,train
India_009455.jpg,1,Pothole,Pothole,0.0183333333333333,data/raw/road_damage/India/India/train/images/India_009455.jpg,RDD2022,India,train
India_009458.jpg,2,Alligator Crack|Pothole,Pothole,0.1213927469135802,data/raw/road_damage/India/India/train/images/India_009458.jpg,RDD2022,India,train
India_009465.jpg,1,Alligator Crack,Alligator Crack,0.1399421296296296,data/raw/road_damage/India/India/train/images/India_009465.jpg,RDD2022,India,train
India_009469.jpg,2,Longitudinal Crack,Longitudinal Crack,0.0557291666666666,data/raw/road_damage/India/India/train/images/India_009469.jpg,RDD2022,India,train
India_009478.jpg,2,Alligator Crack|Pothole,Alligator Crack,0.0520987654320987,data/raw/road_damage/India/India/train/images/India_009478.jpg,RDD2022,India,train
India_009486.jpg,1,Alligator Crack,Alligator Crack,0.1633256172839506,data/raw/road_damage/India/India/train/images/India_009486.jpg,RDD2022,India,train
India_009505.jpg,2,Longitudinal Crack,Longitudinal Crack,0.0285185185185185,data/raw/road_damage/India/India/train/images/India_009505.jpg,RDD2022,India,train
India_009510.jpg,4,Alligator Crack|Pothole,Pothole,0.2148263888888889,data/raw/road_damage/India/India/train/images/India_009510.jpg,RDD2022,India,train
India_009517.jpg,3,Alligator Crack|Pothole,Pothole,0.2148668981481481,data/raw/road_damage/India/India/train/images/India_009517.jpg,RDD2022,India,train
India_009526.jpg,1,Pothole,Pothole,0.0341435185185185,data/raw/road_damage/India/India/train/images/India_009526.jpg,RDD2022,India,train
India_009528.jpg,3,Longitudinal Crack|Pothole,Pothole,0.1257523148148148,data/raw/road_damage/India/India/train/images/India_009528.jpg,RDD2022,India,train
India_009536.jpg,4,Alligator Crack|Pothole,Pothole,0.1347608024691358,data/raw/road_damage/India/India/train/images/India_009536.jpg,RDD2022,India,train
India_009541.jpg,1,Alligator Crack,Alligator Crack,0.231574074074074,data/raw/road_damage/India/India/train/images/India_009541.jpg,RDD2022,India,train
India_009544.jpg,2,Pothole,Pothole,0.076417824074074,data/raw/road_damage/India/India/train/images/India_009544.jpg,RDD2022,India,train
India_009546.jpg,1,Longitudinal Crack,Longitudinal Crack,0.0172299382716049,data/raw/road_damage/India/India/train/images/India_009546.jpg,RDD2022,India,train
India_009553.jpg,4,Alligator Crack|Pothole,Pothole,0.1025694444444444,data/raw/road_damage/India/India/train/images/India_009553.jpg,RDD2022,India,train
India_009556.jpg,1,Alligator Crack,Alligator Crack,0.2347222222222222,data/raw/road_damage/India/India/train/images/India_009556.jpg,RDD2022,India,train
India_009564.jpg,3,Longitudinal Crack|Pothole,Longitudinal Crack,0.2210532407407407,data/raw/road_damage/India/India/train/images/India_009564.jpg,RDD2022,India,train
India_009568.jpg,1,Alligator Crack,Alligator Crack,0.1989293981481481,data/raw/road_damage/India/India/train/images/India_009568.jpg,RDD2022,India,train
India_009573.jpg,3,Alligator Crack|Longitudinal Crack|Pothole,Longitudinal Crack,0.0147453703703703,data/raw/road_damage/India/India/train/images/India_009573.jpg,RDD2022,India,train
India_009574.jpg,1,Alligator Crack,Alligator Crack,0.1221354166666666,data/raw/road_damage/India/India/train/images/India_009574.jpg,RDD2022,India,train
India_009579.jpg,1,Pothole,Pothole,0.0189004629629629,data/raw/road_damage/India/India/train/images/India_009579.jpg,RDD2022,India,train
India_009581.jpg,2,Alligator Crack|Pothole,Alligator Crack,0.0903009259259259,data/raw/road_damage/India/India/train/images/India_009581.jpg,RDD2022,India,train
India_009583.jpg,2,Longitudinal Crack,Longitudinal Crack,0.0037037037037037,data/raw/road_damage/India/India/train/images/India_009583.jpg,RDD2022,India,train
India_009586.jpg,4,Alligator Crack|Pothole,Pothole,0.0828684413580247,data/raw/road_damage/India/India/train/images/India_009586.jpg,RDD2022,India,train
India_009588.jpg,1,Longitudinal Crack,Longitudinal Crack,0.0192978395061728,data/raw/road_damage/India/India/train/images/India_009588.jpg,RDD2022,India,train
India_009592.jpg,1,Alligator Crack,Alligator Crack,0.0165509259259259,data/raw/road_damage/India/India/train/images/India_009592.jpg,RDD2022,India,train
India_009593.jpg,3,Alligator Crack|Longitudinal Crack|Pothole,Pothole,0.1984548611111111,data/raw/road_damage/India/India/train/images/India_009593.jpg,RDD2022,India,train
India_009595.jpg,2,Alligator Crack,Alligator Crack,0.0737577160493827,data/raw/road_damage/India/India/train/images/India_009595.jpg,RDD2022,India,train
India_009597.jpg,1,Longitudinal Crack,Longitudinal Crack,0.0619212962962962,data/raw/road_damage/India/India/train/images/India_009597.jpg,RDD2022,India,train
India_009600.jpg,2,Alligator Crack,Alligator Crack,0.0770659722222222,data/raw/road_damage/India/India/train/images/India_009600.jpg,RDD2022,India,train
India_009603.jpg,3,Pothole,Pothole,0.0019097222222222,data/raw/road_damage/India/India/train/images/India_009603.jpg,RDD2022,India,train
India_009605.jpg,3,Alligator Crack|Pothole,Pothole,0.1166087962962963,data/raw/road_damage/India/India/train/images/India_009605.jpg,RDD2022,India,train
India_009607.jpg,1,Alligator Crack,Alligator Crack,0.0839506172839506,data/raw/road_damage/India/India/train/images/India_009607.jpg,RDD2022,India,train
India_009612.jpg,4,Alligator Crack|Pothole,Pothole,0.1217978395061728,data/raw/road_damage/India/India/train/images/India_009612.jpg,RDD2022,India,train
India_009618.jpg,2,Alligator Crack|Longitudinal Crack,Longitudinal Crack,0.0475289351851851,data/raw/road_damage/India/India/train/images/India_009618.jpg,RDD2022,India,train
India_009619.jpg,3,Alligator Crack|Pothole,Pothole,0.04,data/raw/road_damage/India/India/train/images/India_009619.jpg,RDD2022,India,train
India_009625.jpg,1,Longitudinal Crack,Longitudinal Crack,0.0458333333333333,data/raw/road_damage/India/India/train/images/India_009625.jpg,RDD2022,India,train
India_009628.jpg,3,Alligator Crack|Longitudinal Crack,Longitudinal Crack,0.2078125,data/raw/road_damage/India/India/train/images/India_009628.jpg,RDD2022,India,train
India_009630.jpg,3,Alligator Crack|Pothole,Alligator Crack,0.0518171296296296,data/raw/road_damage/India/India/train/images/India_009630.jpg,RDD2022,India,train
India_009633.jpg,2,Alligator Crack|Pothole,Alligator Crack,0.1256095679012345,data/raw/road_damage/India/India/train/images/India_009633.jpg,RDD2022,India,train
India_009638.jpg,2,Pothole,Pothole,0.0207407407407407,data/raw/road_damage/India/India/train/images/India_009638.jpg,RDD2022,India,train
India_009640.jpg,2,Alligator Crack|Pothole,Alligator Crack,0.1788811728395061,data/raw/road_damage/India/India/train/images/India_009640.jpg,RDD2022,India,train
India_009641.jpg,1,Alligator Crack,Alligator Crack,0.0439583333333333,data/raw/road_damage/India/India/train/images/India_009641.jpg,RDD2022,India,train
India_009644.jpg,1,Alligator Crack,Alligator Crack,0.1779783950617283,data/raw/road_damage/India/India/train/images/India_009644.jpg,RDD2022,India,train
India_009647.jpg,1,Alligator Crack,Alligator Crack,0.2796354166666667,data/raw/road_damage/India/India/train/images/India_009647.jpg,RDD2022,India,train
India_009649.jpg,1,Alligator Crack,Alligator Crack,0.0383487654320987,data/raw/road_damage/India/India/train/images/India_009649.jpg,RDD2022,India,train
India_009650.jpg,1,Alligator Crack,Alligator Crack,0.2424093364197531,data/raw/road_damage/India/India/train/images/India_009650.jpg,RDD2022,India,train
India_009654.jpg,1,Alligator Crack,Alligator Crack,0.2318094135802469,data/raw/road_damage/India/India/train/images/India_009654.jpg,RDD2022,India,train
India_009655.jpg,1,Longitudinal Crack,Longitudinal Crack,0.0837191358024691,data/raw/road_damage/India/India/train/images/India_009655.jpg,RDD2022,India,train
India_009656.jpg,3,Longitudinal Crack|Pothole,Pothole,0.1611998456790123,data/raw/road_damage/India/India/train/images/India_009656.jpg,RDD2022,India,train
India_009663.jpg,3,Alligator Crack|Pothole,Pothole,0.1958333333333333,data/raw/road_damage/India/India/train/images/India_009663.jpg,RDD2022,India,train
India_009664.jpg,1,Alligator Crack,Alligator Crack,0.0606944444444444,data/raw/road_damage/India/India/train/images/India_009664.jpg,RDD2022,India,train
India_009666.jpg,2,Alligator Crack|Longitudinal Crack,Longitudinal Crack,0.2294560185185185,data/raw/road_damage/India/India/train/images/India_009666.jpg,RDD2022,India,train
India_009667.jpg,4,Pothole,Pothole,0.0717592592592592,data/raw/road_damage/India/India/train/images/India_009667.jpg,RDD2022,India,train
India_009669.jpg,1,Longitudinal Crack,Longitudinal Crack,0.1056172839506172,data/raw/road_damage/India/India/train/images/India_009669.jpg,RDD2022,India,train
India_009675.jpg,1,Alligator Crack,Alligator Crack,0.0086516203703703,data/raw/road_damage/India/India/train/images/India_009675.jpg,RDD2022,India,train
India_009677.jpg,1,Alligator Crack,Alligator Crack,0.0899884259259259,data/raw/road_damage/India/India/train/images/India_009677.jpg,RDD2022,India,train
India_009678.jpg,2,Pothole,Pothole,0.0201099537037037,data/raw/road_damage/India/India/train/images/India_009678.jpg,RDD2022,India,train
India_009679.jpg,1,Pothole,Pothole,0.011003086419753,data/raw/road_damage/India/India/train/images/India_009679.jpg,RDD2022,India,train
India_009682.jpg,1,Pothole,Pothole,0.0601851851851851,data/raw/road_damage/India/India/train/images/India_009682.jpg,RDD2022,India,train
India_009685.jpg,1,Pothole,Pothole,0.0108024691358024,data/raw/road_damage/India/India/train/images/India_009685.jpg,RDD2022,India,train
India_009687.jpg,1,Longitudinal Crack,Longitudinal Crack,0.0129398148148148,data/raw/road_damage/India/India/train/images/India_009687.jpg,RDD2022,India,train
India_009688.jpg,1,Pothole,Pothole,0.0041956018518518,data/raw/road_damage/India/India/train/images/India_009688.jpg,RDD2022,India,train
India_009691.jpg,2,Pothole,Pothole,0.0257523148148148,data/raw/road_damage/India/India/train/images/India_009691.jpg,RDD2022,India,train
India_009696.jpg,1,Alligator Crack,Alligator Crack,0.0246238425925925,data/raw/road_damage/India/India/train/images/India_009696.jpg,RDD2022,India,train
India_009698.jpg,2,Alligator Crack|Longitudinal Crack,Longitudinal Crack,0.2072010030864197,data/raw/road_damage/India/India/train/images/India_009698.jpg,RDD2022,India,train
India_009707.jpg,1,Alligator Crack,Alligator Crack,0.1570042438271605,data/raw/road_damage/India/India/train/images/India_009707.jpg,RDD2022,India,train
India_009715.jpg,1,Longitudinal Crack,Longitudinal Crack,0.0709722222222222,data/raw/road_damage/India/India/train/images/India_009715.jpg,RDD2022,India,train
India_009716.jpg,2,Longitudinal Crack,Longitudinal Crack,0.0307118055555555,data/raw/road_damage/India/India/train/images/India_009716.jpg,RDD2022,India,train
India_009719.jpg,1,Alligator Crack,Alligator Crack,0.1170524691358024,data/raw/road_damage/India/India/train/images/India_009719.jpg,RDD2022,India,train
India_009723.jpg,2,Alligator Crack|Pothole,Pothole,0.026099537037037,data/raw/road_damage/India/India/train/images/India_009723.jpg,RDD2022,India,train
India_009725.jpg,4,Alligator Crack|Longitudinal Crack|Pothole,Pothole,0.1568383487654321,data/raw/road_damage/India/India/train/images/India_009725.jpg,RDD2022,India,train
India_009734.jpg,6,Alligator Crack|Pothole,Alligator Crack,0.0725,data/raw/road_damage/India/India/train/images/India_009734.jpg,RDD2022,India,train
India_009735.jpg,2,Pothole,Pothole,0.0442052469135802,data/raw/road_damage/India/India/train/images/India_009735.jpg,RDD2022,India,train
India_009737.jpg,1,Longitudinal Crack,Longitudinal Crack,0.0083082561728395,data/raw/road_damage/India/India/train/images/India_009737.jpg,RDD2022,India,train
India_009742.jpg,3,Alligator Crack|Pothole,Pothole,0.0469270833333333,data/raw/road_damage/India/India/train/images/India_009742.jpg,RDD2022,India,train
India_009743.jpg,1,Alligator Crack,Alligator Crack,0.1902199074074074,data/raw/road_damage/India/India/train/images/India_009743.jpg,RDD2022,India,train
India_009744.jpg,1,Alligator Crack,Alligator Crack,0.0706635802469135,data/raw/road_damage/India/India/train/images/India_009744.jpg,RDD2022,India,train
India_009748.jpg,3,Pothole,Pothole,0.0070505401234567,data/raw/road_damage/India/India/train/images/India_009748.jpg,RDD2022,India,train
India_009750.jpg,1,Alligator Crack,Alligator Crack,0.3675,data/raw/road_damage/India/India/train/images/India_009750.jpg,RDD2022,India,train
India_009751.jpg,1,Alligator Crack,Alligator Crack,0.2444733796296296,data/raw/road_damage/India/India/train/images/India_009751.jpg,RDD2022,India,train
India_009752.jpg,1,Pothole,Pothole,0.004963348765432,data/raw/road_damage/India/India/train/images/India_009752.jpg,RDD2022,India,train
India_009755.jpg,1,Alligator Crack,Alligator Crack,0.1679089506172839,data/raw/road_damage/India/India/train/images/India_009755.jpg,RDD2022,India,train
India_009756.jpg,4,Alligator Crack|Longitudinal Crack|Pothole,Alligator Crack,0.0490586419753086,data/raw/road_damage/India/India/train/images/India_009756.jpg,RDD2022,India,train
India_009763.jpg,1,Pothole,Pothole,0.0105324074074074,data/raw/road_damage/India/India/train/images/India_009763.jpg,RDD2022,India,train
India_009765.jpg,1,Pothole,Pothole,0.0114506172839506,data/raw/road_damage/India/India/train/images/India_009765.jpg,RDD2022,India,train
India_009766.jpg,1,Alligator Crack,Alligator Crack,0.1749729938271605,data/raw/road_damage/India/India/train/images/India_009766.jpg,RDD2022,India,train
India_009775.jpg,2,Alligator Crack|Longitudinal Crack,Longitudinal Crack,0.1816512345679012,data/raw/road_damage/India/India/train/images/India_009775.jpg,RDD2022,India,train
India_009782.jpg,1,Pothole,Pothole,0.0072916666666666,data/raw/road_damage/India/India/train/images/India_009782.jpg,RDD2022,India,train
India_009785.jpg,2,Longitudinal Crack|Pothole,Pothole,0.0864699074074074,data/raw/road_damage/India/India/train/images/India_009785.jpg,RDD2022,India,train
India_009792.jpg,3,Pothole,Pothole,0.1768576388888889,data/raw/road_damage/India/India/train/images/India_009792.jpg,RDD2022,India,train
India_009793.jpg,1,Alligator Crack,Alligator Crack,0.2077777777777777,data/raw/road_damage/India/India/train/images/India_009793.jpg,RDD2022,India,train
India_009794.jpg,3,Pothole,Pothole,0.0150173611111111,data/raw/road_damage/India/India/train/images/India_009794.jpg,RDD2022,India,train
India_009797.jpg,2,Alligator Crack,Alligator Crack,0.1527064043209876,data/raw/road_damage/India/India/train/images/India_009797.jpg,RDD2022,India,train
India_009807.jpg,1,Alligator Crack,Alligator Crack,0.0841647376543209,data/raw/road_damage/India/India/train/images/India_009807.jpg,RDD2022,India,train
India_009813.jpg,1,Pothole,Pothole,0.0018229166666666,data/raw/road_damage/India/India/train/images/India_009813.jpg,RDD2022,India,train
India_009815.jpg,1,Alligator Crack,Alligator Crack,0.1018672839506172,data/raw/road_damage/India/India/train/images/India_009815.jpg,RDD2022,India,train
India_009817.jpg,6,Alligator Crack|Longitudinal Crack|Pothole,Pothole,0.0892824074074074,data/raw/road_damage/India/India/train/images/India_009817.jpg,RDD2022,India,train
India_009818.jpg,2,Longitudinal Crack,Longitudinal Crack,0.0227469135802469,data/raw/road_damage/India/India/train/images/India_009818.jpg,RDD2022,India,train
India_009826.jpg,1,Pothole,Pothole,0.0316377314814814,data/raw/road_damage/India/India/train/images/India_009826.jpg,RDD2022,India,train
India_009830.jpg,4,Alligator Crack|Longitudinal Crack|Pothole,Alligator Crack,0.0322916666666666,data/raw/road_damage/India/India/train/images/India_009830.jpg,RDD2022,India,train
India_009832.jpg,1,Pothole,Pothole,0.0067129629629629,data/raw/road_damage/India/India/train/images/India_009832.jpg,RDD2022,India,train
India_009834.jpg,1,Longitudinal Crack,Longitudinal Crack,0.0125250771604938,data/raw/road_damage/India/India/train/images/India_009834.jpg,RDD2022,India,train
India_009836.jpg,1,Pothole,Pothole,0.0164737654320987,data/raw/road_damage/India/India/train/images/India_009836.jpg,RDD2022,India,train
India_009841.jpg,4,Alligator Crack|Pothole,Pothole,0.043076774691358,data/raw/road_damage/India/India/train/images/India_009841.jpg,RDD2022,India,train
India_009842.jpg,3,Longitudinal Crack|Transverse Crack,Transverse Crack,0.0257291666666666,data/raw/road_damage/India/India/train/images/India_009842.jpg,RDD2022,India,train
India_009847.jpg,1,Longitudinal Crack,Longitudinal Crack,0.1388888888888889,data/raw/road_damage/India/India/train/images/India_009847.jpg,RDD2022,India,train
India_009848.jpg,2,Longitudinal Crack,Longitudinal Crack,0.0375,data/raw/road_damage/India/India/train/images/India_009848.jpg,RDD2022,India,train
India_009856.jpg,8,Pothole,Pothole,0.0351774691358024,data/raw/road_damage/India/India/train/images/India_009856.jpg,RDD2022,India,train
India_009863.jpg,2,Pothole,Pothole,0.0117766203703703,data/raw/road_damage/India/India/train/images/India_009863.jpg,RDD2022,India,train
India_009864.jpg,2,Alligator Crack|Pothole,Pothole,0.1959278549382716,data/raw/road_damage/India/India/train/images/India_009864.jpg,RDD2022,India,train
India_009869.jpg,1,Pothole,Pothole,0.0107638888888888,data/raw/road_damage/India/India/train/images/India_009869.jpg,RDD2022,India,train
India_009873.jpg,1,Alligator Crack,Alligator Crack,0.0268981481481481,data/raw/road_damage/India/India/train/images/India_009873.jpg,RDD2022,India,train
India_009880.jpg,1,Alligator Crack,Alligator Crack,0.178227237654321,data/raw/road_damage/India/India/train/images/India_009880.jpg,RDD2022,India,train
India_009881.jpg,3,Pothole,Pothole,0.0496103395061728,data/raw/road_damage/India/India/train/images/India_009881.jpg,RDD2022,India,train
India_009884.jpg,1,Longitudinal Crack,Longitudinal Crack,0.0513927469135802,data/raw/road_damage/India/India/train/images/India_009884.jpg,RDD2022,India,train
India_009888.jpg,1,Longitudinal Crack,Longitudinal Crack,0.0266203703703703,data/raw/road_damage/India/India/train/images/India_009888.jpg,RDD2022,India,train
India_009890.jpg,2,Pothole,Pothole,0.004429012345679,data/raw/road_damage/India/India/train/images/India_009890.jpg,RDD2022,India,train
